[
	{
		"url": "",
		"header": "EPiServerLoginScreen",
		"type": "string",
		"match": "(true)",
		"output": "6.0",
		"code": "any"
	},
	{
		"url": "",
		"header": "Set-Cookie",
		"type": "regex",
		"match": "(EPi.+NumberOfVisits)",
		"output": "6.0",
		"code": "any"
	},
	{
		"url": "",
		"header": "Set-Cookie",
		"type": "regex",
		"match": "(_epiAntiForgeryToken)",
		"output": "6.0",
		"code": "any"
	},
	{
		"url": "",
		"header": "X-EPiLogOnScreen",
		"type": "string",
		"match": "(true)",
		"output": "7",
		"code": "any"
	},
	{
		"url": "",
		"header": "X-EPiLogOnScreen-PostUrl",
		"type": "regex",
		"match": "(.*)login.aspx",
		"output": "7",
		"code": "any"
	},
	{
		"url": "",
		"header": "Set-Cookie",
		"type": "string",
		"match": "(epiXSRF)",
		"output": "7",
		"code": "any"
	}
]