[
	{
		"type": "md5",
		"match": "e7520568572cd8ba0d0e9de0683d8e04",
		"output": "2.0",
		"url": "/dotCMS/docs/examples/osgi/com.dotcms.actionlet/README.txt"
	},
	{
		"type": "md5",
		"match": "e7520568572cd8ba0d0e9de0683d8e04",
		"output": "2.0.1",
		"url": "/dotCMS/docs/examples/osgi/com.dotcms.actionlet/README.txt"
	},
	{
		"type": "md5",
		"match": "e7520568572cd8ba0d0e9de0683d8e04",
		"output": "2.1",
		"url": "/dotCMS/docs/examples/osgi/com.dotcms.actionlet/README.txt"
	},
	{
		"type": "md5",
		"match": "e7520568572cd8ba0d0e9de0683d8e04",
		"output": "2.1.1",
		"url": "/dotCMS/docs/examples/osgi/com.dotcms.actionlet/README.txt"
	},
	{
		"type": "md5",
		"match": "e7520568572cd8ba0d0e9de0683d8e04",
		"output": "2.1.2",
		"url": "/dotCMS/docs/examples/osgi/com.dotcms.actionlet/README.txt"
	},
	{
		"type": "md5",
		"match": "dc3db1c731d8969018f2a77461c2c659",
		"output": "2.2",
		"url": "/dotCMS/docs/examples/osgi/com.dotcms.actionlet/README.txt"
	},
	{
		"type": "md5",
		"match": "dc3db1c731d8969018f2a77461c2c659",
		"output": "2.2.1",
		"url": "/dotCMS/docs/examples/osgi/com.dotcms.actionlet/README.txt"
	},
	{
		"type": "md5",
		"match": "ba6b3a59f565b173b8732947afc7e110",
		"output": "2.2RC1",
		"url": "/dotCMS/docs/examples/osgi/com.dotcms.actionlet/README.txt"
	},
	{
		"type": "md5",
		"match": "485e3a14114f0193030dd54c32a8fe43",
		"output": "2.3",
		"url": "/dotCMS/docs/examples/osgi/com.dotcms.actionlet/README.txt"
	},
	{
		"type": "md5",
		"match": "485e3a14114f0193030dd54c32a8fe43",
		"output": "2.3.1",
		"url": "/dotCMS/docs/examples/osgi/com.dotcms.actionlet/README.txt"
	},
	{
		"type": "md5",
		"match": "485e3a14114f0193030dd54c32a8fe43",
		"output": "2.3.2",
		"url": "/dotCMS/docs/examples/osgi/com.dotcms.actionlet/README.txt"
	},
	{
		"type": "md5",
		"match": "485e3a14114f0193030dd54c32a8fe43",
		"output": "2.5",
		"url": "/dotCMS/docs/examples/osgi/com.dotcms.actionlet/README.txt"
	},
	{
		"type": "md5",
		"match": "485e3a14114f0193030dd54c32a8fe43",
		"output": "2.5.1",
		"url": "/dotCMS/docs/examples/osgi/com.dotcms.actionlet/README.txt"
	},
	{
		"type": "md5",
		"match": "f54d85ea49628adcadcf9ca1e389791a",
		"output": "2.5.2",
		"url": "/dotCMS/docs/examples/osgi/com.dotcms.actionlet/README.txt"
	},
	{
		"type": "md5",
		"match": "f54d85ea49628adcadcf9ca1e389791a",
		"output": "2.5.3",
		"url": "/dotCMS/docs/examples/osgi/com.dotcms.actionlet/README.txt"
	},
	{
		"type": "md5",
		"match": "f54d85ea49628adcadcf9ca1e389791a",
		"output": "2.5.4",
		"url": "/dotCMS/docs/examples/osgi/com.dotcms.actionlet/README.txt"
	},
	{
		"type": "md5",
		"match": "f54d85ea49628adcadcf9ca1e389791a",
		"output": "2.5.5",
		"url": "/dotCMS/docs/examples/osgi/com.dotcms.actionlet/README.txt"
	},
	{
		"type": "md5",
		"match": "f54d85ea49628adcadcf9ca1e389791a",
		"output": "2.5.6",
		"url": "/dotCMS/docs/examples/osgi/com.dotcms.actionlet/README.txt"
	},
	{
		"type": "md5",
		"match": "485e3a14114f0193030dd54c32a8fe43",
		"output": "2.5Preview2",
		"url": "/dotCMS/docs/examples/osgi/com.dotcms.actionlet/README.txt"
	},
	{
		"type": "md5",
		"match": "485e3a14114f0193030dd54c32a8fe43",
		"output": "2.5preview1",
		"url": "/dotCMS/docs/examples/osgi/com.dotcms.actionlet/README.txt"
	}
]