[
    {
        "match": "7332351b160ef8b2222853c2848e25a6",
        "output": "mybb_1415",
        "type": "md5",
        "url": "/admin/styles/default/forum.css"
    },
    {
        "match": "7332351b160ef8b2222853c2848e25a6",
        "output": "mybb_1416",
        "type": "md5",
        "url": "/admin/styles/default/forum.css"
    },
    {
        "match": "7332351b160ef8b2222853c2848e25a6",
        "output": "mybb_1602",
        "type": "md5",
        "url": "/admin/styles/default/forum.css"
    },
    {
        "match": "7332351b160ef8b2222853c2848e25a6",
        "output": "mybb_1603",
        "type": "md5",
        "url": "/admin/styles/default/forum.css"
    },
    {
        "match": "7332351b160ef8b2222853c2848e25a6",
        "output": "mybb_1608",
        "type": "md5",
        "url": "/admin/styles/default/forum.css"
    },
    {
        "match": "7332351b160ef8b2222853c2848e25a6",
        "output": "mybb_1609",
        "type": "md5",
        "url": "/admin/styles/default/forum.css"
    },
    {
        "match": "7332351b160ef8b2222853c2848e25a6",
        "output": "mybb_1610",
        "type": "md5",
        "url": "/admin/styles/default/forum.css"
    },
    {
        "match": "7332351b160ef8b2222853c2848e25a6",
        "output": "mybb_1611",
        "type": "md5",
        "url": "/admin/styles/default/forum.css"
    },
    {
        "match": "7332351b160ef8b2222853c2848e25a6",
        "output": "mybb_1612",
        "type": "md5",
        "url": "/admin/styles/default/forum.css"
    },
    {
        "match": "7332351b160ef8b2222853c2848e25a6",
        "output": "mybb_1613",
        "type": "md5",
        "url": "/admin/styles/default/forum.css"
    },
    {
        "match": "7332351b160ef8b2222853c2848e25a6",
        "output": "mybb_1614",
        "type": "md5",
        "url": "/admin/styles/default/forum.css"
    },
    {
        "match": "7332351b160ef8b2222853c2848e25a6",
        "output": "mybb_1615",
        "type": "md5",
        "url": "/admin/styles/default/forum.css"
    },
    {
        "match": "7332351b160ef8b2222853c2848e25a6",
        "output": "mybb_1616",
        "type": "md5",
        "url": "/admin/styles/default/forum.css"
    },
    {
        "match": "7332351b160ef8b2222853c2848e25a6",
        "output": "mybb_1617",
        "type": "md5",
        "url": "/admin/styles/default/forum.css"
    },
    {
        "match": "7332351b160ef8b2222853c2848e25a6",
        "output": "mybb_1618",
        "type": "md5",
        "url": "/admin/styles/default/forum.css"
    },
    {
        "match": "7332351b160ef8b2222853c2848e25a6",
        "output": "mybb_1800",
        "type": "md5",
        "url": "/admin/styles/default/forum.css"
    },
    {
        "match": "7332351b160ef8b2222853c2848e25a6",
        "output": "mybb_1801",
        "type": "md5",
        "url": "/admin/styles/default/forum.css"
    },
    {
        "match": "7332351b160ef8b2222853c2848e25a6",
        "output": "mybb_1804",
        "type": "md5",
        "url": "/admin/styles/default/forum.css"
    },
    {
        "match": "7332351b160ef8b2222853c2848e25a6",
        "output": "mybb_1805",
        "type": "md5",
        "url": "/admin/styles/default/forum.css"
    },
    {
        "match": "7332351b160ef8b2222853c2848e25a6",
        "output": "mybb_1806",
        "type": "md5",
        "url": "/admin/styles/default/forum.css"
    },
    {
        "match": "7332351b160ef8b2222853c2848e25a6",
        "output": "mybb_1807",
        "type": "md5",
        "url": "/admin/styles/default/forum.css"
    },
    {
        "match": "8aad963243a3d2f03101681f04ceca93",
        "output": "mybb_140",
        "type": "md5",
        "url": "/admin/styles/default/forum.css"
    },
    {
        "match": "8aad963243a3d2f03101681f04ceca93",
        "output": "mybb_1401",
        "type": "md5",
        "url": "/admin/styles/default/forum.css"
    },
    {
        "match": "8aad963243a3d2f03101681f04ceca93",
        "output": "mybb_1402",
        "type": "md5",
        "url": "/admin/styles/default/forum.css"
    },
    {
        "match": "8aad963243a3d2f03101681f04ceca93",
        "output": "mybb_1403",
        "type": "md5",
        "url": "/admin/styles/default/forum.css"
    },
    {
        "match": "8aad963243a3d2f03101681f04ceca93",
        "output": "mybb_1404",
        "type": "md5",
        "url": "/admin/styles/default/forum.css"
    },
    {
        "match": "8aad963243a3d2f03101681f04ceca93",
        "output": "mybb_1405",
        "type": "md5",
        "url": "/admin/styles/default/forum.css"
    },
    {
        "match": "8aad963243a3d2f03101681f04ceca93",
        "output": "mybb_1408",
        "type": "md5",
        "url": "/admin/styles/default/forum.css"
    },
    {
        "match": "8aad963243a3d2f03101681f04ceca93",
        "output": "mybb_1410",
        "type": "md5",
        "url": "/admin/styles/default/forum.css"
    },
    {
        "match": "8aad963243a3d2f03101681f04ceca93",
        "output": "mybb_1411",
        "type": "md5",
        "url": "/admin/styles/default/forum.css"
    },
    {
        "match": "8aad963243a3d2f03101681f04ceca93",
        "output": "mybb_1414",
        "type": "md5",
        "url": "/admin/styles/default/forum.css"
    },
    {
        "match": "8aad963243a3d2f03101681f04ceca93",
        "output": "mybb_1600",
        "type": "md5",
        "url": "/admin/styles/default/forum.css"
    },
    {
        "match": "8aad963243a3d2f03101681f04ceca93",
        "output": "mybb_1601",
        "type": "md5",
        "url": "/admin/styles/default/forum.css"
    },
    {
        "match": "8aad963243a3d2f03101681f04ceca93",
        "output": "mybb_1604",
        "type": "md5",
        "url": "/admin/styles/default/forum.css"
    },
    {
        "match": "8aad963243a3d2f03101681f04ceca93",
        "output": "mybb_1605",
        "type": "md5",
        "url": "/admin/styles/default/forum.css"
    },
    {
        "match": "8aad963243a3d2f03101681f04ceca93",
        "output": "mybb_1606",
        "type": "md5",
        "url": "/admin/styles/default/forum.css"
    },
    {
        "match": "8aad963243a3d2f03101681f04ceca93",
        "output": "mybb_1607",
        "type": "md5",
        "url": "/admin/styles/default/forum.css"
    },
    {
        "match": "150aa105a016a6e7ddebb98289931de8",
        "output": "mybb_1403",
        "type": "md5",
        "url": "/admin/styles/sharepoint/main.css"
    },
    {
        "match": "4bd40feeaae2b7d2f0cd877f88b9f3e1",
        "output": "mybb_140",
        "type": "md5",
        "url": "/admin/styles/sharepoint/main.css"
    },
    {
        "match": "4bd40feeaae2b7d2f0cd877f88b9f3e1",
        "output": "mybb_1401",
        "type": "md5",
        "url": "/admin/styles/sharepoint/main.css"
    },
    {
        "match": "4bd40feeaae2b7d2f0cd877f88b9f3e1",
        "output": "mybb_1402",
        "type": "md5",
        "url": "/admin/styles/sharepoint/main.css"
    },
    {
        "match": "5c738276057807d11db82ecb4ea0d58c",
        "output": "mybb_1415",
        "type": "md5",
        "url": "/admin/styles/sharepoint/main.css"
    },
    {
        "match": "5c738276057807d11db82ecb4ea0d58c",
        "output": "mybb_1416",
        "type": "md5",
        "url": "/admin/styles/sharepoint/main.css"
    },
    {
        "match": "bb51cb04d7746e0c40e0b922aa47c522",
        "output": "mybb_1404",
        "type": "md5",
        "url": "/admin/styles/sharepoint/main.css"
    },
    {
        "match": "bb51cb04d7746e0c40e0b922aa47c522",
        "output": "mybb_1405",
        "type": "md5",
        "url": "/admin/styles/sharepoint/main.css"
    },
    {
        "match": "bb51cb04d7746e0c40e0b922aa47c522",
        "output": "mybb_1408",
        "type": "md5",
        "url": "/admin/styles/sharepoint/main.css"
    },
    {
        "match": "bb51cb04d7746e0c40e0b922aa47c522",
        "output": "mybb_1410",
        "type": "md5",
        "url": "/admin/styles/sharepoint/main.css"
    },
    {
        "match": "bb51cb04d7746e0c40e0b922aa47c522",
        "output": "mybb_1411",
        "type": "md5",
        "url": "/admin/styles/sharepoint/main.css"
    },
    {
        "match": "bb51cb04d7746e0c40e0b922aa47c522",
        "output": "mybb_1414",
        "type": "md5",
        "url": "/admin/styles/sharepoint/main.css"
    },
    {
        "match": "dc00f68444d6804dcc3b60291c0bbffb",
        "output": "mybb_1600",
        "type": "md5",
        "url": "/admin/styles/sharepoint/main.css"
    },
    {
        "match": "dc00f68444d6804dcc3b60291c0bbffb",
        "output": "mybb_1601",
        "type": "md5",
        "url": "/admin/styles/sharepoint/main.css"
    },
    {
        "match": "dc00f68444d6804dcc3b60291c0bbffb",
        "output": "mybb_1602",
        "type": "md5",
        "url": "/admin/styles/sharepoint/main.css"
    },
    {
        "match": "dc00f68444d6804dcc3b60291c0bbffb",
        "output": "mybb_1603",
        "type": "md5",
        "url": "/admin/styles/sharepoint/main.css"
    },
    {
        "match": "dc00f68444d6804dcc3b60291c0bbffb",
        "output": "mybb_1604",
        "type": "md5",
        "url": "/admin/styles/sharepoint/main.css"
    },
    {
        "match": "dc00f68444d6804dcc3b60291c0bbffb",
        "output": "mybb_1605",
        "type": "md5",
        "url": "/admin/styles/sharepoint/main.css"
    },
    {
        "match": "dc00f68444d6804dcc3b60291c0bbffb",
        "output": "mybb_1606",
        "type": "md5",
        "url": "/admin/styles/sharepoint/main.css"
    },
    {
        "match": "dc00f68444d6804dcc3b60291c0bbffb",
        "output": "mybb_1607",
        "type": "md5",
        "url": "/admin/styles/sharepoint/main.css"
    },
    {
        "match": "dc00f68444d6804dcc3b60291c0bbffb",
        "output": "mybb_1608",
        "type": "md5",
        "url": "/admin/styles/sharepoint/main.css"
    },
    {
        "match": "dc00f68444d6804dcc3b60291c0bbffb",
        "output": "mybb_1609",
        "type": "md5",
        "url": "/admin/styles/sharepoint/main.css"
    },
    {
        "match": "dc00f68444d6804dcc3b60291c0bbffb",
        "output": "mybb_1610",
        "type": "md5",
        "url": "/admin/styles/sharepoint/main.css"
    },
    {
        "match": "dc00f68444d6804dcc3b60291c0bbffb",
        "output": "mybb_1611",
        "type": "md5",
        "url": "/admin/styles/sharepoint/main.css"
    },
    {
        "match": "dc00f68444d6804dcc3b60291c0bbffb",
        "output": "mybb_1612",
        "type": "md5",
        "url": "/admin/styles/sharepoint/main.css"
    },
    {
        "match": "dc00f68444d6804dcc3b60291c0bbffb",
        "output": "mybb_1613",
        "type": "md5",
        "url": "/admin/styles/sharepoint/main.css"
    },
    {
        "match": "dc00f68444d6804dcc3b60291c0bbffb",
        "output": "mybb_1614",
        "type": "md5",
        "url": "/admin/styles/sharepoint/main.css"
    },
    {
        "match": "dc00f68444d6804dcc3b60291c0bbffb",
        "output": "mybb_1615",
        "type": "md5",
        "url": "/admin/styles/sharepoint/main.css"
    },
    {
        "match": "dc00f68444d6804dcc3b60291c0bbffb",
        "output": "mybb_1616",
        "type": "md5",
        "url": "/admin/styles/sharepoint/main.css"
    },
    {
        "match": "dc00f68444d6804dcc3b60291c0bbffb",
        "output": "mybb_1617",
        "type": "md5",
        "url": "/admin/styles/sharepoint/main.css"
    },
    {
        "match": "dc00f68444d6804dcc3b60291c0bbffb",
        "output": "mybb_1618",
        "type": "md5",
        "url": "/admin/styles/sharepoint/main.css"
    },
    {
        "match": "170f37ce2990c4111618924b7928bd60",
        "output": "mybb_1600",
        "type": "md5",
        "url": "/jscripts/editor.js"
    },
    {
        "match": "30e4a17b897dc8422b8563d7fbfcbc7d",
        "output": "mybb_123",
        "type": "md5",
        "url": "/jscripts/editor.js"
    },
    {
        "match": "40478bd2d9e4336c6b1fcab90d5595c1",
        "output": "mybb_1403",
        "type": "md5",
        "url": "/jscripts/editor.js"
    },
    {
        "match": "40478bd2d9e4336c6b1fcab90d5595c1",
        "output": "mybb_1404",
        "type": "md5",
        "url": "/jscripts/editor.js"
    },
    {
        "match": "40478bd2d9e4336c6b1fcab90d5595c1",
        "output": "mybb_1405",
        "type": "md5",
        "url": "/jscripts/editor.js"
    },
    {
        "match": "40478bd2d9e4336c6b1fcab90d5595c1",
        "output": "mybb_1408",
        "type": "md5",
        "url": "/jscripts/editor.js"
    },
    {
        "match": "40478bd2d9e4336c6b1fcab90d5595c1",
        "output": "mybb_1410",
        "type": "md5",
        "url": "/jscripts/editor.js"
    },
    {
        "match": "40478bd2d9e4336c6b1fcab90d5595c1",
        "output": "mybb_1411",
        "type": "md5",
        "url": "/jscripts/editor.js"
    },
    {
        "match": "40478bd2d9e4336c6b1fcab90d5595c1",
        "output": "mybb_1414",
        "type": "md5",
        "url": "/jscripts/editor.js"
    },
    {
        "match": "4612287e6d509d4ca0ebd97b79c80fb7",
        "output": "mybb_1606",
        "type": "md5",
        "url": "/jscripts/editor.js"
    },
    {
        "match": "4612287e6d509d4ca0ebd97b79c80fb7",
        "output": "mybb_1607",
        "type": "md5",
        "url": "/jscripts/editor.js"
    },
    {
        "match": "4612287e6d509d4ca0ebd97b79c80fb7",
        "output": "mybb_1608",
        "type": "md5",
        "url": "/jscripts/editor.js"
    },
    {
        "match": "52f27b90761f90ccd45c27dac7b9efa3",
        "output": "mybb_1611",
        "type": "md5",
        "url": "/jscripts/editor.js"
    },
    {
        "match": "52f27b90761f90ccd45c27dac7b9efa3",
        "output": "mybb_1612",
        "type": "md5",
        "url": "/jscripts/editor.js"
    },
    {
        "match": "52f27b90761f90ccd45c27dac7b9efa3",
        "output": "mybb_1613",
        "type": "md5",
        "url": "/jscripts/editor.js"
    },
    {
        "match": "52f27b90761f90ccd45c27dac7b9efa3",
        "output": "mybb_1614",
        "type": "md5",
        "url": "/jscripts/editor.js"
    },
    {
        "match": "52f27b90761f90ccd45c27dac7b9efa3",
        "output": "mybb_1615",
        "type": "md5",
        "url": "/jscripts/editor.js"
    },
    {
        "match": "52f27b90761f90ccd45c27dac7b9efa3",
        "output": "mybb_1616",
        "type": "md5",
        "url": "/jscripts/editor.js"
    },
    {
        "match": "52f27b90761f90ccd45c27dac7b9efa3",
        "output": "mybb_1617",
        "type": "md5",
        "url": "/jscripts/editor.js"
    },
    {
        "match": "52f27b90761f90ccd45c27dac7b9efa3",
        "output": "mybb_1618",
        "type": "md5",
        "url": "/jscripts/editor.js"
    },
    {
        "match": "61df54dda76c94edd9284e89aaebd170",
        "output": "mybb_1601",
        "type": "md5",
        "url": "/jscripts/editor.js"
    },
    {
        "match": "61df54dda76c94edd9284e89aaebd170",
        "output": "mybb_1602",
        "type": "md5",
        "url": "/jscripts/editor.js"
    },
    {
        "match": "61df54dda76c94edd9284e89aaebd170",
        "output": "mybb_1603",
        "type": "md5",
        "url": "/jscripts/editor.js"
    },
    {
        "match": "6e6a4d1d0a125048f0da4269ece57273",
        "output": "mybb_1605",
        "type": "md5",
        "url": "/jscripts/editor.js"
    },
    {
        "match": "810878029707fdced3ee5774b528c765",
        "output": "mybb_140",
        "type": "md5",
        "url": "/jscripts/editor.js"
    },
    {
        "match": "82617b50b79bbe87ffaaeeb2c5d1dde4",
        "output": "mybb_127",
        "type": "md5",
        "url": "/jscripts/editor.js"
    },
    {
        "match": "8c3b134b2e40cd21f475194d97702a8b",
        "output": "mybb_1401",
        "type": "md5",
        "url": "/jscripts/editor.js"
    },
    {
        "match": "8c3b134b2e40cd21f475194d97702a8b",
        "output": "mybb_1402",
        "type": "md5",
        "url": "/jscripts/editor.js"
    },
    {
        "match": "928c4413de46775f8275bb6cfdded552",
        "output": "mybb_122",
        "type": "md5",
        "url": "/jscripts/editor.js"
    },
    {
        "match": "a767285c30abf39d762ebc12d9502347",
        "output": "mybb_1609",
        "type": "md5",
        "url": "/jscripts/editor.js"
    },
    {
        "match": "a767285c30abf39d762ebc12d9502347",
        "output": "mybb_1610",
        "type": "md5",
        "url": "/jscripts/editor.js"
    },
    {
        "match": "b212259bdd7986d389e6250a6a7d685b",
        "output": "mybb_120",
        "type": "md5",
        "url": "/jscripts/editor.js"
    },
    {
        "match": "b2b8a3a91d1f341a411d9288c4d118f8",
        "output": "mybb_1214",
        "type": "md5",
        "url": "/jscripts/editor.js"
    },
    {
        "match": "bb65e8dd423729a816052ca5e8ccbfc8",
        "output": "mybb_1210",
        "type": "md5",
        "url": "/jscripts/editor.js"
    },
    {
        "match": "d2b6915a100f7ce6bea7e0e2f791d6c0",
        "output": "mybb_121",
        "type": "md5",
        "url": "/jscripts/editor.js"
    },
    {
        "match": "eafe60ee12847ce4f01351eda4330c2b",
        "output": "mybb_1415",
        "type": "md5",
        "url": "/jscripts/editor.js"
    },
    {
        "match": "eafe60ee12847ce4f01351eda4330c2b",
        "output": "mybb_1416",
        "type": "md5",
        "url": "/jscripts/editor.js"
    },
    {
        "match": "f8958d0246324ee592ab8273d38dd344",
        "output": "mybb_1604",
        "type": "md5",
        "url": "/jscripts/editor.js"
    },
    {
        "match": "22c6f9c09d758ff032a03cd491ae481b",
        "output": "mybb_1415",
        "type": "md5",
        "url": "/jscripts/post.js"
    },
    {
        "match": "22c6f9c09d758ff032a03cd491ae481b",
        "output": "mybb_1416",
        "type": "md5",
        "url": "/jscripts/post.js"
    },
    {
        "match": "22c6f9c09d758ff032a03cd491ae481b",
        "output": "mybb_1602",
        "type": "md5",
        "url": "/jscripts/post.js"
    },
    {
        "match": "22c6f9c09d758ff032a03cd491ae481b",
        "output": "mybb_1603",
        "type": "md5",
        "url": "/jscripts/post.js"
    },
    {
        "match": "22c6f9c09d758ff032a03cd491ae481b",
        "output": "mybb_1604",
        "type": "md5",
        "url": "/jscripts/post.js"
    },
    {
        "match": "22c6f9c09d758ff032a03cd491ae481b",
        "output": "mybb_1605",
        "type": "md5",
        "url": "/jscripts/post.js"
    },
    {
        "match": "22c6f9c09d758ff032a03cd491ae481b",
        "output": "mybb_1606",
        "type": "md5",
        "url": "/jscripts/post.js"
    },
    {
        "match": "22c6f9c09d758ff032a03cd491ae481b",
        "output": "mybb_1607",
        "type": "md5",
        "url": "/jscripts/post.js"
    },
    {
        "match": "22c6f9c09d758ff032a03cd491ae481b",
        "output": "mybb_1608",
        "type": "md5",
        "url": "/jscripts/post.js"
    },
    {
        "match": "22c6f9c09d758ff032a03cd491ae481b",
        "output": "mybb_1609",
        "type": "md5",
        "url": "/jscripts/post.js"
    },
    {
        "match": "22c6f9c09d758ff032a03cd491ae481b",
        "output": "mybb_1610",
        "type": "md5",
        "url": "/jscripts/post.js"
    },
    {
        "match": "22c6f9c09d758ff032a03cd491ae481b",
        "output": "mybb_1611",
        "type": "md5",
        "url": "/jscripts/post.js"
    },
    {
        "match": "22c6f9c09d758ff032a03cd491ae481b",
        "output": "mybb_1612",
        "type": "md5",
        "url": "/jscripts/post.js"
    },
    {
        "match": "22c6f9c09d758ff032a03cd491ae481b",
        "output": "mybb_1613",
        "type": "md5",
        "url": "/jscripts/post.js"
    },
    {
        "match": "22c6f9c09d758ff032a03cd491ae481b",
        "output": "mybb_1614",
        "type": "md5",
        "url": "/jscripts/post.js"
    },
    {
        "match": "22c6f9c09d758ff032a03cd491ae481b",
        "output": "mybb_1615",
        "type": "md5",
        "url": "/jscripts/post.js"
    },
    {
        "match": "22c6f9c09d758ff032a03cd491ae481b",
        "output": "mybb_1616",
        "type": "md5",
        "url": "/jscripts/post.js"
    },
    {
        "match": "22c6f9c09d758ff032a03cd491ae481b",
        "output": "mybb_1617",
        "type": "md5",
        "url": "/jscripts/post.js"
    },
    {
        "match": "22c6f9c09d758ff032a03cd491ae481b",
        "output": "mybb_1618",
        "type": "md5",
        "url": "/jscripts/post.js"
    },
    {
        "match": "650525194178b3a4fb31ea2c2ac0b607",
        "output": "mybb_1800",
        "type": "md5",
        "url": "/jscripts/post.js"
    },
    {
        "match": "650525194178b3a4fb31ea2c2ac0b607",
        "output": "mybb_1801",
        "type": "md5",
        "url": "/jscripts/post.js"
    },
    {
        "match": "650525194178b3a4fb31ea2c2ac0b607",
        "output": "mybb_1804",
        "type": "md5",
        "url": "/jscripts/post.js"
    },
    {
        "match": "650525194178b3a4fb31ea2c2ac0b607",
        "output": "mybb_1805",
        "type": "md5",
        "url": "/jscripts/post.js"
    },
    {
        "match": "650525194178b3a4fb31ea2c2ac0b607",
        "output": "mybb_1806",
        "type": "md5",
        "url": "/jscripts/post.js"
    },
    {
        "match": "650525194178b3a4fb31ea2c2ac0b607",
        "output": "mybb_1807",
        "type": "md5",
        "url": "/jscripts/post.js"
    },
    {
        "match": "66cbf159d5983590a8d07bd49c9636d7",
        "output": "mybb_1210",
        "type": "md5",
        "url": "/jscripts/post.js"
    },
    {
        "match": "66cbf159d5983590a8d07bd49c9636d7",
        "output": "mybb_1214",
        "type": "md5",
        "url": "/jscripts/post.js"
    },
    {
        "match": "66cbf159d5983590a8d07bd49c9636d7",
        "output": "mybb_127",
        "type": "md5",
        "url": "/jscripts/post.js"
    },
    {
        "match": "8cf25f2f5c27365470d2b4993ffe0340",
        "output": "mybb_122",
        "type": "md5",
        "url": "/jscripts/post.js"
    },
    {
        "match": "8cf25f2f5c27365470d2b4993ffe0340",
        "output": "mybb_123",
        "type": "md5",
        "url": "/jscripts/post.js"
    },
    {
        "match": "98d43617c98d45b1177b780f7ebe17fd",
        "output": "mybb_120",
        "type": "md5",
        "url": "/jscripts/post.js"
    },
    {
        "match": "98d43617c98d45b1177b780f7ebe17fd",
        "output": "mybb_121",
        "type": "md5",
        "url": "/jscripts/post.js"
    },
    {
        "match": "c585b78163dbccc367fa7e4a921997ca",
        "output": "mybb_140",
        "type": "md5",
        "url": "/jscripts/post.js"
    },
    {
        "match": "c585b78163dbccc367fa7e4a921997ca",
        "output": "mybb_1401",
        "type": "md5",
        "url": "/jscripts/post.js"
    },
    {
        "match": "c585b78163dbccc367fa7e4a921997ca",
        "output": "mybb_1402",
        "type": "md5",
        "url": "/jscripts/post.js"
    },
    {
        "match": "c585b78163dbccc367fa7e4a921997ca",
        "output": "mybb_1403",
        "type": "md5",
        "url": "/jscripts/post.js"
    },
    {
        "match": "c585b78163dbccc367fa7e4a921997ca",
        "output": "mybb_1404",
        "type": "md5",
        "url": "/jscripts/post.js"
    },
    {
        "match": "c585b78163dbccc367fa7e4a921997ca",
        "output": "mybb_1405",
        "type": "md5",
        "url": "/jscripts/post.js"
    },
    {
        "match": "c585b78163dbccc367fa7e4a921997ca",
        "output": "mybb_1408",
        "type": "md5",
        "url": "/jscripts/post.js"
    },
    {
        "match": "c585b78163dbccc367fa7e4a921997ca",
        "output": "mybb_1410",
        "type": "md5",
        "url": "/jscripts/post.js"
    },
    {
        "match": "c585b78163dbccc367fa7e4a921997ca",
        "output": "mybb_1411",
        "type": "md5",
        "url": "/jscripts/post.js"
    },
    {
        "match": "c585b78163dbccc367fa7e4a921997ca",
        "output": "mybb_1414",
        "type": "md5",
        "url": "/jscripts/post.js"
    },
    {
        "match": "c585b78163dbccc367fa7e4a921997ca",
        "output": "mybb_1600",
        "type": "md5",
        "url": "/jscripts/post.js"
    },
    {
        "match": "c585b78163dbccc367fa7e4a921997ca",
        "output": "mybb_1601",
        "type": "md5",
        "url": "/jscripts/post.js"
    }
]