[
	{
		"url": "/favicon.ico",
		"type":"md5",
		"match": "38dcabc84255f788d94c051dc71539d6",
		"output": ">= 3.2.2"
	},
	{
		"url": "/favicon.ico",
		"type":"md5",
		"match": "4eb846f1286ab4e7a399c851d7d84cca",
		"output": "< 3.2.2"
	},
	{
		"url": "/spinner.gif",
		"type":"md5",
		"match": "c7b3cbb3ec8249a7121b722cdd76b870",
		"output": "> 3"
	},
	{
		"url": "/plone_powered.gif",
		"type":"md5",
		"match": "f7126cce236c6e85b14c53d0c3408235",
		"output": ">= 3"
	},
	{
		"url": "/images/spinner.gif",
		"type":"md5",
		"match": "444230888deaef05d779ee582116fe03",
		"output": ""
	}
]