[
	{
		"url": "/includes/templates/classic/css/stylesheet.css",
		"type":"md5",
		"match": "1029cd84129bed526c68c304700b9a19",
		"output": "1.2.0d"
	},
	{
		"url": "/includes/templates/classic/css/stylesheet.css",
		"type":"md5",
		"match": "1fa4b56ecb0406b5a55cde8c33079a2b",
		"output": "1.2.1d"
	},
	{
		"url": "/includes/templates/classic/css/stylesheet.css",
		"type":"md5",
		"match": "7994d9223c9f3e68b54f4c19b2f2120f",
		"output": "1.2.2d"
	},
	{
		"url": "/includes/templates/classic/css/stylesheet.css",
		"type":"md5",
		"match": "7994d9223c9f3e68b54f4c19b2f2120f",
		"output": "1.2.3d"
	},
	{
		"url": "/includes/templates/classic/css/stylesheet.css",
		"type":"md5",
		"match": "7994d9223c9f3e68b54f4c19b2f2120f",
		"output": "1.2.4d"
	},
	{
		"url": "/includes/templates/classic/css/stylesheet.css",
		"type":"md5",
		"match": "15e4ec4b0418865588a1a5839969c89b",
		"output": "1.2.5d"
	},
	{
		"url": "/includes/templates/classic/css/stylesheet.css",
		"type":"md5",
		"match": "15e4ec4b0418865588a1a5839969c89b",
		"output": "1.2.6d"
	},
	{
		"url": "/includes/templates/classic/css/stylesheet.css",
		"type":"md5",
		"match": "15e4ec4b0418865588a1a5839969c89b",
		"output": "1.2.7d"
	},
	{
		"url": "/includes/templates/classic/css/stylesheet.css",
		"type":"md5",
		"match": "0a68b356593f32f8238848e978723b09",
		"output": "1.3.5"
	},
	{
		"url": "/includes/templates/classic/css/stylesheet.css",
		"type":"md5",
		"match": "0fafd269789e2b4aeebb941285d8c9fb",
		"output": "1.3.6"
	},
	{
		"url": "/includes/templates/classic/css/stylesheet.css",
		"type":"md5",
		"match": "48cd965d12e56919d66fba7c10cf9ffc",
		"output": "1.3.7"
	},
	{
		"url": "/includes/templates/classic/css/stylesheet.css",
		"type":"md5",
		"match": "bc4bcbffcbdc7d52b52a4cb9ef75d4fc",
		"output": "1.3.8-1.5.1"
	}
]