[
    {
        "info": "angular.js",
        "md5": "006b5752677a472930409de596b643b4",
        "output": "1.4.12",
        "url": ""
    },
    {
        "info": "angular.js",
        "md5": "05bcda3c2dc161d5a51c05c82e8ab939",
        "output": "1.0.1",
        "url": ""
    },
    {
        "info": "angular.js",
        "md5": "083a1d8c1b3550fcef95e833125444a3",
        "output": "1.3.11",
        "url": ""
    },
    {
        "info": "angular.js",
        "md5": "0be03f3f625a2a3725fed37e61c7fb58",
        "output": "1.5.0",
        "url": ""
    },
    {
        "info": "angular.js",
        "md5": "0cfb20c3eece909bce69460ff684527a",
        "output": "1.4.10",
        "url": ""
    },
    {
        "info": "angular.js",
        "md5": "0d72c5a31bcae08ce4c1a26c440544e2",
        "output": "1.0.2",
        "url": ""
    },
    {
        "info": "angular.js",
        "md5": "0f90fd6933cb32fd2c25c09973d954e1",
        "output": "1.2.8",
        "url": ""
    },
    {
        "info": "angular.js",
        "md5": "1034707938d59eb869c63977483039aa",
        "output": "1.5.7",
        "url": ""
    },
    {
        "info": "angular.js",
        "md5": "163aeb62dd3a92613bd1aac8d3e82749",
        "output": "1.2.2",
        "url": ""
    },
    {
        "info": "angular.js",
        "md5": "1b3d5bfbeb67c93df0f8ee9de569a206",
        "output": "1.5.3",
        "url": ""
    },
    {
        "info": "angular.js",
        "md5": "1f77dc4a5159d94ed5c8578e486cdb4f",
        "output": "1.2.10",
        "url": ""
    },
    {
        "info": "angular.js",
        "md5": "22f1ad5d6e2c11f37903e8b01af0a746",
        "output": "1.2.21",
        "url": ""
    },
    {
        "info": "angular.js",
        "md5": "26e8701df738adde5cccaae4aee07635",
        "output": "1.2.24",
        "url": ""
    },
    {
        "info": "angular.js",
        "md5": "2ed1a89b7727b49a1b99de5ddc1f0b64",
        "output": "1.3.13",
        "url": ""
    },
    {
        "info": "angular.js",
        "md5": "30039fb1d2772647549752e52ee93d64",
        "output": "1.2.25",
        "url": ""
    },
    {
        "info": "angular.js",
        "md5": "3a542919ab5c8d42cd58cd6b91932fe3",
        "output": "1.4.6",
        "url": ""
    },
    {
        "info": "angular.js",
        "md5": "3b03b3bfafe957ec5def7524d73aa588",
        "output": "1.2.6",
        "url": ""
    },
    {
        "info": "angular.js",
        "md5": "3f082a3038cb7c6d74d16599f10543b1",
        "output": "1.5.2",
        "url": ""
    },
    {
        "info": "angular.js",
        "md5": "44a4f42184a6be6859dd330395da10c8",
        "output": "1.5.5",
        "url": ""
    },
    {
        "info": "angular.js",
        "md5": "460874b8de3bebf579969d8602ee31d4",
        "output": "1.4.2",
        "url": ""
    },
    {
        "info": "angular.js",
        "md5": "46c38e804e450a5f3c84c22de9e8bf9c",
        "output": "1.3.5",
        "url": ""
    },
    {
        "info": "angular.js",
        "md5": "52075e107cf132649e48aaeb0f454176",
        "output": "1.3.10",
        "url": ""
    },
    {
        "info": "angular.js",
        "md5": "52291c5fbb81bce7ee0c3880680dfe00",
        "output": "1.2.3",
        "url": ""
    },
    {
        "info": "angular.js",
        "md5": "534debb95733ed6460e2f440a12bb9d8",
        "output": "1.3.2",
        "url": ""
    },
    {
        "info": "angular.js",
        "md5": "539820dd4c7c0b6a680e31aedd9eae8b",
        "output": "1.0.8",
        "url": ""
    },
    {
        "info": "angular.js",
        "md5": "54124ef961ab9d15e7f94f2b3c68ac90",
        "output": "1.2.5",
        "url": ""
    },
    {
        "info": "angular.js",
        "md5": "5679a49357483992600f3efc4f3b43b2",
        "output": "1.2.0",
        "url": ""
    },
    {
        "info": "angular.js",
        "md5": "5847c850ea97294458f55b2ce603145e",
        "output": "1.3.16",
        "url": ""
    },
    {
        "info": "angular.js",
        "md5": "5dca64eef08122308d0e7d4bff69c6a3",
        "output": "1.3.12",
        "url": ""
    },
    {
        "info": "angular.js",
        "md5": "63c24857d7c3fda164a7440ead030ce6",
        "output": "1.2.22",
        "url": ""
    },
    {
        "info": "angular.js",
        "md5": "6784b49d63c0d252facd81f81f33d744",
        "output": "1.3.14",
        "url": ""
    },
    {
        "info": "angular.js",
        "md5": "725456ab8e9230e0d62b612e6a7b00f2",
        "output": "1.3.15",
        "url": ""
    },
    {
        "info": "angular.js",
        "md5": "72c5364b1690d579a9348f9f59fbf5e7",
        "output": "1.3.4",
        "url": ""
    },
    {
        "info": "angular.js",
        "md5": "773e69202de568f6688919c242abeec9",
        "output": "1.2.9",
        "url": ""
    },
    {
        "info": "angular.js",
        "md5": "7d75ce5854dd0bd94049d80d249503ff",
        "output": "1.3.9",
        "url": ""
    },
    {
        "info": "angular.js",
        "md5": "7dc4498692333d729ab1fa57f3f6ee0d",
        "output": "1.3.6",
        "url": ""
    },
    {
        "info": "angular.js",
        "md5": "7deeea633fe7f8683f61a1e7fcc21d02",
        "output": "1.0.4",
        "url": ""
    },
    {
        "info": "angular.js",
        "md5": "7e4c7760c88709fd132ab710f08f9a6e",
        "output": "1.2.23",
        "url": ""
    },
    {
        "info": "angular.js",
        "md5": "7ee4960c3fdfa8a88b3b540e19fcf7ff",
        "output": "1.4.3",
        "url": ""
    },
    {
        "info": "angular.js",
        "md5": "7f119918d852c308cbc9aa62ea36c84b",
        "output": "1.3.3",
        "url": ""
    },
    {
        "info": "angular.js",
        "md5": "823656f04f0d28049733ea5472eaf885",
        "output": "1.2.13",
        "url": ""
    },
    {
        "info": "angular.js",
        "md5": "832d3003a7c3b4d911aeef26c9c1837b",
        "output": "1.3.0",
        "url": ""
    },
    {
        "info": "angular.js",
        "md5": "83f99acfa1459b09ffb65652e056b1ec",
        "output": "1.4.0",
        "url": ""
    },
    {
        "info": "angular.js",
        "md5": "84d82eb1d6391e7d11892e2ab951ad02",
        "output": "1.5.1",
        "url": ""
    },
    {
        "info": "angular.js",
        "md5": "8764a0191f24ef6f68fb010ebe778645",
        "output": "1.4.11",
        "url": ""
    },
    {
        "info": "angular.js",
        "md5": "8765c92a359fd0c3077ebb759f3d021a",
        "output": "1.2.14",
        "url": ""
    },
    {
        "info": "angular.js",
        "md5": "8783b1836b9c543cf2d12e6c9fae670c",
        "output": "1.5.4",
        "url": ""
    },
    {
        "info": "angular.js",
        "md5": "8c5a623362ca687f51b4a0500f4369a3",
        "output": "1.4.7",
        "url": ""
    },
    {
        "info": "angular.js",
        "md5": "91280d63af2b0766028538cf8d202b6a",
        "output": "1.4.1",
        "url": ""
    },
    {
        "info": "angular.js",
        "md5": "92fbc27cbf6b5aba4edef34986f9b774",
        "output": "1.2.7",
        "url": ""
    },
    {
        "info": "angular.js",
        "md5": "93f98c3fe1eb6996d8e97200618e8363",
        "output": "1.2.16",
        "url": ""
    },
    {
        "info": "angular.js",
        "md5": "97f8600540375050e937bda333e1204a",
        "output": "1.2.12",
        "url": ""
    },
    {
        "info": "angular.js",
        "md5": "9d6f5b5389860990da2180f0c4dbeac7",
        "output": "1.0.3",
        "url": ""
    },
    {
        "info": "angular.js",
        "md5": "9e75fabc0b1b629ec2283975719c5494",
        "output": "1.4.9",
        "url": ""
    },
    {
        "info": "angular.js",
        "md5": "9f8c5848e090f61169284c8b4b282814",
        "output": "1.2.17",
        "url": ""
    },
    {
        "info": "angular.js",
        "md5": "a4cbb6fecda5b2909bcb4c87a31a3c89",
        "output": "1.2.15",
        "url": ""
    },
    {
        "info": "angular.js",
        "md5": "a5807498c5d4494aff13723982ab8e7b",
        "output": "1.4.5",
        "url": ""
    },
    {
        "info": "angular.js",
        "md5": "a6cc0d94772e8c5f513136d74e03cbf0",
        "output": "1.2.26",
        "url": ""
    },
    {
        "info": "angular.js",
        "md5": "a8223fb57838664e577d77aae5015cf7",
        "output": "1.0.7",
        "url": ""
    },
    {
        "info": "angular.js",
        "md5": "a9c2991c3c5e3810a580613534e3a535",
        "output": "1.2.20",
        "url": ""
    },
    {
        "info": "angular.js",
        "md5": "acdccd7093418968aec03b29b0d46af8",
        "output": "1.2.27",
        "url": ""
    },
    {
        "info": "angular.js",
        "md5": "b43f74de856f5e49069c97f4c13922fc",
        "output": "1.2.19",
        "url": ""
    },
    {
        "info": "angular.js",
        "md5": "b4448d587f2890c9f29a5f4ec150c6de",
        "output": "1.5.6",
        "url": ""
    },
    {
        "info": "angular.js",
        "md5": "b7d6c5dad5732e73c8191b9f248f91eb",
        "output": "1.0.5",
        "url": ""
    },
    {
        "info": "angular.js",
        "md5": "c12fee3cfd679f85b9a27fd34e8aad71",
        "output": "1.4.8",
        "url": ""
    },
    {
        "info": "angular.js",
        "md5": "c678c4df656e12a0c787e0c19942c542",
        "output": "1.2.4",
        "url": ""
    },
    {
        "info": "angular.js",
        "md5": "ca9ff790d024aa9882a916c05b9629c7",
        "output": "1.2.11",
        "url": ""
    },
    {
        "info": "angular.js",
        "md5": "d4820f67157e827a405b3609bf12aab3",
        "output": "1.4.4",
        "url": ""
    },
    {
        "info": "angular.js",
        "md5": "d68137158eee4f27cb8a0e019fcfbf74",
        "output": "1.3.1",
        "url": ""
    },
    {
        "info": "angular.js",
        "md5": "d70077030752da52d2ac24a80102c8e9",
        "output": "1.3.8",
        "url": ""
    },
    {
        "info": "angular.js",
        "md5": "e0e6eefd5a7ba07d38271bc0adbee210",
        "output": "1.2.1",
        "url": ""
    },
    {
        "info": "angular.js",
        "md5": "e18c386f58c514622f6aca2eb67928df",
        "output": "1.2.18",
        "url": ""
    },
    {
        "info": "angular.js",
        "md5": "e9cdc992abf82f7c93341af4fd94195c",
        "output": "1.3.7",
        "url": ""
    },
    {
        "info": "angular.js",
        "md5": "ece44d3fca8f7fcabb53eff937de9e9b",
        "output": "1.0.6",
        "url": ""
    },
    {
        "info": "angular.js",
        "md5": "f1b0c8d2881cf1a89badaf1f05bded01",
        "output": "1.3.17",
        "url": ""
    },
    {
        "info": "angular.min.js",
        "md5": "027d33a76ad746cfedb6cff76188cb4b",
        "output": "1.2.19",
        "url": ""
    },
    {
        "info": "angular.min.js",
        "md5": "05f1e63510d06b227d6bd8fccbd5b9f8",
        "output": "1.4.10",
        "url": ""
    },
    {
        "info": "angular.min.js",
        "md5": "0744b6e5cd7b7cdad98cefb3d9c141c6",
        "output": "1.5.3",
        "url": ""
    },
    {
        "info": "angular.min.js",
        "md5": "109bb75ae29ec47aa5f93e6cdfe463ba",
        "output": "1.3.2",
        "url": ""
    },
    {
        "info": "angular.min.js",
        "md5": "17d1d77a7d0621815853ac3b7f0534d7",
        "output": "1.4.0",
        "url": ""
    },
    {
        "info": "angular.min.js",
        "md5": "1832cf173669c417d4c38dca54c69bc6",
        "output": "1.2.9",
        "url": ""
    },
    {
        "info": "angular.min.js",
        "md5": "18af59e646a32d042fb4fde57bb2f175",
        "output": "1.2.6",
        "url": ""
    },
    {
        "info": "angular.min.js",
        "md5": "1a25639e5948e8591dc277edea24dc02",
        "output": "1.3.16",
        "url": ""
    },
    {
        "info": "angular.min.js",
        "md5": "1a6ea1e7aa5b1db4104b5b6741f1531e",
        "output": "1.2.0",
        "url": ""
    },
    {
        "info": "angular.min.js",
        "md5": "1a7893bc638fb8900b0e57e748ff4bb5",
        "output": "1.4.6",
        "url": ""
    },
    {
        "info": "angular.min.js",
        "md5": "1fbd6b010938cee7268f503865b56559",
        "output": "1.5.6",
        "url": ""
    },
    {
        "info": "angular.min.js",
        "md5": "23419e86ac69a04cc78f25bd49055e00",
        "output": "1.0.1",
        "url": ""
    },
    {
        "info": "angular.min.js",
        "md5": "24abcd525af321c6538ef0eb9e49b4e9",
        "output": "1.2.22",
        "url": ""
    },
    {
        "info": "angular.min.js",
        "md5": "26680517e1024ca2c4f9ed4e0aa1619e",
        "output": "1.4.5",
        "url": ""
    },
    {
        "info": "angular.min.js",
        "md5": "2a3aff500eaafdac1cde30437495f138",
        "output": "1.0.2",
        "url": ""
    },
    {
        "info": "angular.min.js",
        "md5": "2a7c8cc034412334c3859b19c37f75d7",
        "output": "1.3.4",
        "url": ""
    },
    {
        "info": "angular.min.js",
        "md5": "2b99ceb03cc116b44b7d6eea636d7fdf",
        "output": "1.2.13",
        "url": ""
    },
    {
        "info": "angular.min.js",
        "md5": "32916703df7b29666deb89284e6ebc50",
        "output": "1.0.5",
        "url": ""
    },
    {
        "info": "angular.min.js",
        "md5": "338db4826dcbc337102c071a5eb93a21",
        "output": "1.4.7",
        "url": ""
    },
    {
        "info": "angular.min.js",
        "md5": "3a696f8977bb067c5efbfa65aa8ab814",
        "output": "1.2.1",
        "url": ""
    },
    {
        "info": "angular.min.js",
        "md5": "3c65f297c388a829273cc23392d933be",
        "output": "1.2.4",
        "url": ""
    },
    {
        "info": "angular.min.js",
        "md5": "4461ff2abe090919241058cc720784d3",
        "output": "1.3.1",
        "url": ""
    },
    {
        "info": "angular.min.js",
        "md5": "44633ce20bcd420672971716aea260b5",
        "output": "1.3.9",
        "url": ""
    },
    {
        "info": "angular.min.js",
        "md5": "450c2459c4402eed5484e757dbc2b4cb",
        "output": "1.4.11",
        "url": ""
    },
    {
        "info": "angular.min.js",
        "md5": "48eeee3bd2b189eb98b3d33e561ad614",
        "output": "1.2.25",
        "url": ""
    },
    {
        "info": "angular.min.js",
        "md5": "494e6d08a351fe84bf82abc2d77b4fbe",
        "output": "1.3.12",
        "url": ""
    },
    {
        "info": "angular.min.js",
        "md5": "4a031ce4bccd9c5c405b40567255bbe4",
        "output": "1.3.13",
        "url": ""
    },
    {
        "info": "angular.min.js",
        "md5": "4e21ed6b76e584037140f7ae25652f62",
        "output": "1.2.24",
        "url": ""
    },
    {
        "info": "angular.min.js",
        "md5": "54e80189eeab605e835bddfa828ed968",
        "output": "1.2.26",
        "url": ""
    },
    {
        "info": "angular.min.js",
        "md5": "5ae69803cee77531dce8475a1bc4e78b",
        "output": "1.2.16",
        "url": ""
    },
    {
        "info": "angular.min.js",
        "md5": "5e2d2057d96976d43c756dcc1efaa1dc",
        "output": "1.5.5",
        "url": ""
    },
    {
        "info": "angular.min.js",
        "md5": "5f237a436935dfc447a0cabc84f9eb3d",
        "output": "1.5.1",
        "url": ""
    },
    {
        "info": "angular.min.js",
        "md5": "665c746466daaea58d7cb953f498dafe",
        "output": "1.3.3",
        "url": ""
    },
    {
        "info": "angular.min.js",
        "md5": "6a46a12b444593d94d7bad0c101ab259",
        "output": "1.2.2",
        "url": ""
    },
    {
        "info": "angular.min.js",
        "md5": "6a7688284ec564db3d40fdde9690d2c8",
        "output": "1.3.7",
        "url": ""
    },
    {
        "info": "angular.min.js",
        "md5": "743f65fd5feeb5189b15a5d73df899b0",
        "output": "1.2.12",
        "url": ""
    },
    {
        "info": "angular.min.js",
        "md5": "75897600afa772c6b984fac7c518ab90",
        "output": "1.4.12",
        "url": ""
    },
    {
        "info": "angular.min.js",
        "md5": "75fb813ebaad1186f9fcd88fc2e9abb2",
        "output": "1.0.7",
        "url": ""
    },
    {
        "info": "angular.min.js",
        "md5": "768598a5f348620a85ba8400524b2f73",
        "output": "1.2.3",
        "url": ""
    },
    {
        "info": "angular.min.js",
        "md5": "7931140c3ee017e24609b0b3db06d398",
        "output": "1.2.18",
        "url": ""
    },
    {
        "info": "angular.min.js",
        "md5": "7dea4bf6079d6caf061abf5ee0068495",
        "output": "1.4.2",
        "url": ""
    },
    {
        "info": "angular.min.js",
        "md5": "807370fbe6cb6324f9fd4532ca43c261",
        "output": "1.0.4",
        "url": ""
    },
    {
        "info": "angular.min.js",
        "md5": "85a8b1ee78eba832cba9bc46289c6a2a",
        "output": "1.2.17",
        "url": ""
    },
    {
        "info": "angular.min.js",
        "md5": "8ad990f7fa9c00d50c08864c558e236b",
        "output": "1.0.6",
        "url": ""
    },
    {
        "info": "angular.min.js",
        "md5": "8c9ac3aa67fee6aa599b4624398feba7",
        "output": "1.5.0",
        "url": ""
    },
    {
        "info": "angular.min.js",
        "md5": "8eb6e12ab5241c6ad600aa5fae1eaeb9",
        "output": "1.3.0",
        "url": ""
    },
    {
        "info": "angular.min.js",
        "md5": "90fb950dbc3e9296755d9cc23a211744",
        "output": "1.4.8",
        "url": ""
    },
    {
        "info": "angular.min.js",
        "md5": "9324788c75670e5a821cd5d2355f0754",
        "output": "1.4.9",
        "url": ""
    },
    {
        "info": "angular.min.js",
        "md5": "9337e3234528f408f30ed9235ab89bbc",
        "output": "1.0.3",
        "url": ""
    },
    {
        "info": "angular.min.js",
        "md5": "a66e673119c25eed3f5a3144345988bc",
        "output": "1.5.7",
        "url": ""
    },
    {
        "info": "angular.min.js",
        "md5": "a8cb0e381723a7a9c946d35795651769",
        "output": "1.3.17",
        "url": ""
    },
    {
        "info": "angular.min.js",
        "md5": "adeb4d7ed4d2b5e90bb397072f385beb",
        "output": "1.2.21",
        "url": ""
    },
    {
        "info": "angular.min.js",
        "md5": "adfa9ffc442e637cfc0dc294321968f0",
        "output": "1.4.1",
        "url": ""
    },
    {
        "info": "angular.min.js",
        "md5": "b1137641dbb512a60e83d673f7e2d98f",
        "output": "1.3.14",
        "url": ""
    },
    {
        "info": "angular.min.js",
        "md5": "b2fa50a94417bbcc2d60df8b8285d881",
        "output": "1.2.23",
        "url": ""
    },
    {
        "info": "angular.min.js",
        "md5": "ba3df8d1987e201d5666690b8e3278ae",
        "output": "1.3.11",
        "url": ""
    },
    {
        "info": "angular.min.js",
        "md5": "c2361b70ca81452c936ee73e4a238fe2",
        "output": "1.0.8",
        "url": ""
    },
    {
        "info": "angular.min.js",
        "md5": "c5135af99d2b3ad249473e6ded1dfb61",
        "output": "1.3.8",
        "url": ""
    },
    {
        "info": "angular.min.js",
        "md5": "c78d90df3f4deaf0351e59e869fd0c7f",
        "output": "1.2.7",
        "url": ""
    },
    {
        "info": "angular.min.js",
        "md5": "c9c9208f93bf772de18eab3108537beb",
        "output": "1.5.4",
        "url": ""
    },
    {
        "info": "angular.min.js",
        "md5": "ca1a58818682c3e858a585f283ab9beb",
        "output": "1.3.15",
        "url": ""
    },
    {
        "info": "angular.min.js",
        "md5": "ca6ed1b3aec3ddb6eb72f1fe9d77f0be",
        "output": "1.2.11",
        "url": ""
    },
    {
        "info": "angular.min.js",
        "md5": "d2342622316f832ef1333c74e41354ca",
        "output": "1.4.3",
        "url": ""
    },
    {
        "info": "angular.min.js",
        "md5": "d6932521b46d4a74341c8c0b7d574f72",
        "output": "1.2.20",
        "url": ""
    },
    {
        "info": "angular.min.js",
        "md5": "db988a693aa250e1ac448cd6887451b3",
        "output": "1.2.15",
        "url": ""
    },
    {
        "info": "angular.min.js",
        "md5": "e23cb8c1bcad0c235a8e8ed68b15a88a",
        "output": "1.2.8",
        "url": ""
    },
    {
        "info": "angular.min.js",
        "md5": "e3cff6baf91a4d9b754c95fca21ec8a0",
        "output": "1.2.5",
        "url": ""
    },
    {
        "info": "angular.min.js",
        "md5": "e6b113e7cdbe22ca191f879777be6d6a",
        "output": "1.2.10",
        "url": ""
    },
    {
        "info": "angular.min.js",
        "md5": "e8c606c78e44c131f7d98de9567d9e7d",
        "output": "1.2.27",
        "url": ""
    },
    {
        "info": "angular.min.js",
        "md5": "eeefd310d11dfd032621c06917e7d7fa",
        "output": "1.3.5",
        "url": ""
    },
    {
        "info": "angular.min.js",
        "md5": "f20e684c7cf479a26d8df43857f6d500",
        "output": "1.5.2",
        "url": ""
    },
    {
        "info": "angular.min.js",
        "md5": "fa01f26d0b1419bb939f5d6401517f3e",
        "output": "1.3.10",
        "url": ""
    },
    {
        "info": "angular.min.js",
        "md5": "fa392f1d76ff2c33fd9dde1aab24eedd",
        "output": "1.3.6",
        "url": ""
    },
    {
        "info": "angular.min.js",
        "md5": "feeb76d0de3487eb412c1928625e8fca",
        "output": "1.4.4",
        "url": ""
    },
    {
        "info": "angular.min.js",
        "md5": "ff4e9f192563f2d37e04428c841b6539",
        "output": "1.2.14",
        "url": ""
    }
]