[
    {
        "info": "dojo.js",
        "md5": "04279dcba13331b5c49a1cc1445e714f",
        "output": "1.6.1",
        "url": ""
    },
    {
        "info": "dojo.js",
        "md5": "076ab3b69efb7d3c4bd6bf1214ec0a42",
        "output": "1.9.7",
        "url": ""
    },
    {
        "info": "dojo.js",
        "md5": "0b62a8b3b29c43fc3b948b84bb2b3702",
        "output": "1.1.1",
        "url": ""
    },
    {
        "info": "dojo.js",
        "md5": "0e3b3c81adffcf5a26d9b375db055dee",
        "output": "1.8.0",
        "url": ""
    },
    {
        "info": "dojo.js",
        "md5": "13b3defd6e16260003190c0d700c208e",
        "output": "1.8.1",
        "url": ""
    },
    {
        "info": "dojo.js",
        "md5": "1454b2e09673d7320fb60e7cd08072b8",
        "output": "1.9.4",
        "url": ""
    },
    {
        "info": "dojo.js",
        "md5": "17b24a8bba68fcf4bdca67cb375ca1a2",
        "output": "1.4.4",
        "url": ""
    },
    {
        "info": "dojo.js",
        "md5": "1ab41d7c357e3148b00b5ebf19798a15",
        "output": "1.5.3",
        "url": ""
    },
    {
        "info": "dojo.js",
        "md5": "1c915238b372218c1b6f11b850c67c55",
        "output": "1.10.5",
        "url": ""
    },
    {
        "info": "dojo.js",
        "md5": "2267fc0c703b1aad44dd50f256e05a44",
        "output": "1.8.11",
        "url": ""
    },
    {
        "info": "dojo.js",
        "md5": "236773fb6591a973bca9d7f9aec239cb",
        "output": "1.4.6",
        "url": ""
    },
    {
        "info": "dojo.js",
        "md5": "296a8f70c5b9c8a2c44721d0769a5738",
        "output": "1.10.4",
        "url": ""
    },
    {
        "info": "dojo.js",
        "md5": "2a3166336a95121b4b9ced408464ce00",
        "output": "1.8.7",
        "url": ""
    },
    {
        "info": "dojo.js",
        "md5": "2c3dac7719a44cdef64f09cd9eaee573",
        "output": "1.8.2",
        "url": ""
    },
    {
        "info": "dojo.js",
        "md5": "3839477e03cb6faeb4b51dd0d263c4c6",
        "output": "1.10.2",
        "url": ""
    },
    {
        "info": "dojo.js",
        "md5": "40494a1e88148631177ca6ef06ce4b78",
        "output": "1.3.1",
        "url": ""
    },
    {
        "info": "dojo.js",
        "md5": "4245b24f70c09cb1dc9085882c180858",
        "output": "1.2.3",
        "url": ""
    },
    {
        "info": "dojo.js",
        "md5": "47ba7e7f935f97cd4f6e94c5ab1b1f83",
        "output": "1.8.9",
        "url": ""
    },
    {
        "info": "dojo.js",
        "md5": "49fb00782551c5b6dcac070ce016c862",
        "output": "1.7.0",
        "url": ""
    },
    {
        "info": "dojo.js",
        "md5": "4a02353e1888f684fc4e76149ced9837",
        "output": "1.7.1",
        "url": ""
    },
    {
        "info": "dojo.js",
        "md5": "4abcba1a57166873cee80849e7477a09",
        "output": "1.5.4",
        "url": ""
    },
    {
        "info": "dojo.js",
        "md5": "50b9955c1eef6d14e234eea2aab42d09",
        "output": "1.7.2",
        "url": ""
    },
    {
        "info": "dojo.js",
        "md5": "5188a3343c88af3fb87a62ddf8ba382b",
        "output": "1.7.8",
        "url": ""
    },
    {
        "info": "dojo.js",
        "md5": "52547c83649d153a0b2be9149195fbeb",
        "output": "1.4.1",
        "url": ""
    },
    {
        "info": "dojo.js",
        "md5": "5f19a240b8a8d8519f9379330990fe97",
        "output": "1.4.5",
        "url": ""
    },
    {
        "info": "dojo.js",
        "md5": "6266504799d02b8361ecef2ff8383f18",
        "output": "1.8.4",
        "url": ""
    },
    {
        "info": "dojo.js",
        "md5": "65d2dc0457fc6581067e09e44912f614",
        "output": "1.7.5",
        "url": ""
    },
    {
        "info": "dojo.js",
        "md5": "68c1027249f29fac454af0fc0203e0d0",
        "output": "1.10.0",
        "url": ""
    },
    {
        "info": "dojo.js",
        "md5": "6fb847609aec1030c309182699da0ad2",
        "output": "1.9.2",
        "url": ""
    },
    {
        "info": "dojo.js",
        "md5": "71024fed8b2ae7aaf11e33c7bc08ee8c",
        "output": "1.10.3",
        "url": ""
    },
    {
        "info": "dojo.js",
        "md5": "71e6ef7b4b24bf6a5a2abbaf01ff3847",
        "output": "1.9.9",
        "url": ""
    },
    {
        "info": "dojo.js",
        "md5": "7423181fc8fe41ce091963e4d835f926",
        "output": "1.9.8",
        "url": ""
    },
    {
        "info": "dojo.js",
        "md5": "7705fab6811f94c883c87cea622d7ad4",
        "output": "1.8.12",
        "url": ""
    },
    {
        "info": "dojo.js",
        "md5": "79fd743a56f64fa8cd3baa271802df05",
        "output": "1.9.1",
        "url": ""
    },
    {
        "info": "dojo.js",
        "md5": "7a690fa62dc35fd3e9dbd4070e1b6ce5",
        "output": "1.7.4",
        "url": ""
    },
    {
        "info": "dojo.js",
        "md5": "7bf418710c3bad93444988ba9a4ce03c",
        "output": "1.7.7",
        "url": ""
    },
    {
        "info": "dojo.js",
        "md5": "7c043feb13513198d8555bc4e8a81785",
        "output": "1.10.1",
        "url": ""
    },
    {
        "info": "dojo.js",
        "md5": "80614b736461e817949ae5fe54fd2d86",
        "output": "1.11.2",
        "url": ""
    },
    {
        "info": "dojo.js",
        "md5": "822b7ba3ebd187002617810e06931387",
        "output": "1.7.6",
        "url": ""
    },
    {
        "info": "dojo.js",
        "md5": "8f2918241b7c6c7530956d8ed74537a7",
        "output": "1.4.0",
        "url": ""
    },
    {
        "info": "dojo.js",
        "md5": "919e9aebfa738738f3280734f40a3e3b",
        "output": "1.11.1",
        "url": ""
    },
    {
        "info": "dojo.js",
        "md5": "9c32244db56b10b248204603059dda8f",
        "output": "1.6.2",
        "url": ""
    },
    {
        "info": "dojo.js",
        "md5": "a2221ecc2a8d06bec449b56bbc13d2f4",
        "output": "1.9.5",
        "url": ""
    },
    {
        "info": "dojo.js",
        "md5": "a5eceff3ac35136e0eb803c442f1945e",
        "output": "1.9.6",
        "url": ""
    },
    {
        "info": "dojo.js",
        "md5": "ab083c0ee8fd32de6a272b2b38cd567b",
        "output": "1.4.3",
        "url": ""
    },
    {
        "info": "dojo.js",
        "md5": "b14f3df3fedfb909eeee8523753009c9",
        "output": "1.7.10",
        "url": ""
    },
    {
        "info": "dojo.js",
        "md5": "b1f549685cac85056cea16803ac726d5",
        "output": "1.3.2",
        "url": ""
    },
    {
        "info": "dojo.js",
        "md5": "b212742b08f37af01790b45b6190b16e",
        "output": "1.5.0",
        "url": ""
    },
    {
        "info": "dojo.js",
        "md5": "b33ce18e1dd483ead33b343c4873e40d",
        "output": "1.7.9",
        "url": ""
    },
    {
        "info": "dojo.js",
        "md5": "b9f0fe08c2d8b5f00c3047274c5a445f",
        "output": "1.3.0",
        "url": ""
    },
    {
        "info": "dojo.js",
        "md5": "bae3cb7cc0f4ab02d7051b9a4d04d639",
        "output": "1.7.3",
        "url": ""
    },
    {
        "info": "dojo.js",
        "md5": "c2bce6f1114f1b289e03bf971e550fc7",
        "output": "1.10.6",
        "url": ""
    },
    {
        "info": "dojo.js",
        "md5": "c943690aa400111757738cb1c91fdfc2",
        "output": "1.6.0",
        "url": ""
    },
    {
        "info": "dojo.js",
        "md5": "c9e1b24fb1ce730d6066686e0921a8c2",
        "output": "1.5.1",
        "url": ""
    },
    {
        "info": "dojo.js",
        "md5": "d2c7d10e5a949cdc58752aaf0303faed",
        "output": "1.2.0",
        "url": ""
    },
    {
        "info": "dojo.js",
        "md5": "d3440fc29c3b1e083fc42aaaf2444fdf",
        "output": "1.8.3",
        "url": ""
    },
    {
        "info": "dojo.js",
        "md5": "d482c2ac3391b4ba778b3d810f310e34",
        "output": "1.9.3",
        "url": ""
    },
    {
        "info": "dojo.js",
        "md5": "de5df40eaffd7bb2ca9c5c4b336dc7fe",
        "output": "1.8.6",
        "url": ""
    },
    {
        "info": "dojo.js",
        "md5": "df1b06e58ae3949b8e675c835c7f9b40",
        "output": "1.9.0",
        "url": ""
    },
    {
        "info": "dojo.js",
        "md5": "e80d79f3564d83f970bbf99a569475a8",
        "output": "1.6.3",
        "url": ""
    },
    {
        "info": "dojo.js",
        "md5": "e9c3d09d2f56fd2ca05bbb59ae47663e",
        "output": "1.8.8",
        "url": ""
    },
    {
        "info": "dojo.js",
        "md5": "ea8c2c21249e118846c829a9cd483b6a",
        "output": "1.8.10",
        "url": ""
    },
    {
        "info": "dojo.js",
        "md5": "eb457dd8da0818e3365419e35ede4cfd",
        "output": "1.5.2",
        "url": ""
    },
    {
        "info": "dojo.js",
        "md5": "feeb368f883cf42b99fe692be4f913f7",
        "output": "1.8.5",
        "url": ""
    }
]