[
    {
        "info": "mootools-yui-compressed.js",
        "md5": "0fd68792cf88a261bca0b4086a7e20c4",
        "output": "1.4.1",
        "url": ""
    },
    {
        "info": "mootools-yui-compressed.js",
        "md5": "13c7c527a62ed9c937321ba20da2824f",
        "output": "1.5.0",
        "url": ""
    },
    {
        "info": "mootools-yui-compressed.js",
        "md5": "19f6270f8637703a48f018d785a150c7",
        "output": "1.4.0",
        "url": ""
    },
    {
        "info": "mootools-yui-compressed.js",
        "md5": "2107736d116f31767cadb15902c6c7fd",
        "output": "1.2.3",
        "url": ""
    },
    {
        "info": "mootools-yui-compressed.js",
        "md5": "246ef97c5cda2f58aae5a591c4e7cce2",
        "output": "1.6.0",
        "url": ""
    },
    {
        "info": "mootools-yui-compressed.js",
        "md5": "3a5a9e0eac0e871904b884cbb6207368",
        "output": "1.4.4",
        "url": ""
    },
    {
        "info": "mootools-yui-compressed.js",
        "md5": "4651681f4eede00bb70399c085251c91",
        "output": "1.2.4",
        "url": ""
    },
    {
        "info": "mootools-yui-compressed.js",
        "md5": "627054c38f72837259ae4a8f9473e4d7",
        "output": "1.3.0",
        "url": ""
    },
    {
        "info": "mootools-yui-compressed.js",
        "md5": "66395ac9ad87addf4e20c442c9054391",
        "output": "1.4.3",
        "url": ""
    },
    {
        "info": "mootools-yui-compressed.js",
        "md5": "87448301d1b58bd7f3bd97658e8507ce",
        "output": "1.1.2",
        "url": ""
    },
    {
        "info": "mootools-yui-compressed.js",
        "md5": "903e31949e1cc585c1098630ca00bbbd",
        "output": "1.5.1",
        "url": ""
    },
    {
        "info": "mootools-yui-compressed.js",
        "md5": "9b5f832bcc78ee4b122fc8cc4c3959be",
        "output": "1.4.2",
        "url": ""
    },
    {
        "info": "mootools-yui-compressed.js",
        "md5": "a00a8ddb93fcfdf360f9badc7653816a",
        "output": "1.1.1",
        "url": ""
    },
    {
        "info": "mootools-yui-compressed.js",
        "md5": "c731ba9081360b580fb31d9e0d14719f",
        "output": "1.3.2",
        "url": ""
    },
    {
        "info": "mootools-yui-compressed.js",
        "md5": "c921c42f22bdcdd9fec3d0aaf22dad39",
        "output": "1.2.2",
        "url": ""
    },
    {
        "info": "mootools-yui-compressed.js",
        "md5": "ca9afcba587b1af0d37ad73bcaeac513",
        "output": "1.2.5",
        "url": ""
    },
    {
        "info": "mootools-yui-compressed.js",
        "md5": "cad29cf7e241093c3c6a9c4fa6bb1051",
        "output": "1.2.1",
        "url": ""
    },
    {
        "info": "mootools-yui-compressed.js",
        "md5": "cf58a30ea9b7a731712baede90b790ec",
        "output": "1.4.5",
        "url": ""
    },
    {
        "info": "mootools-yui-compressed.js",
        "md5": "db755e0f865877dd0ae47a55b6039204",
        "output": "1.3.1",
        "url": ""
    },
    {
        "info": "mootools-yui-compressed.js",
        "md5": "f6dc0833b697e87e5bbcbc87a5956c5c",
        "output": "1.5.2",
        "url": ""
    },
    {
        "info": "mootools.js",
        "md5": "00055fc2a3309fe9b5bab4e00a58706b",
        "output": "1.2.1",
        "url": ""
    },
    {
        "info": "mootools.js",
        "md5": "0f05cd017120467f3adebb565246798a",
        "output": "1.5.0",
        "url": ""
    },
    {
        "info": "mootools.js",
        "md5": "0fcafc954408e50aad1ba791d2a074f6",
        "output": "1.1.2",
        "url": ""
    },
    {
        "info": "mootools.js",
        "md5": "30bedc49abd6393dac09f392630b8608",
        "output": "1.5.1",
        "url": ""
    },
    {
        "info": "mootools.js",
        "md5": "33b5dc27313dc1307f1bf84662819426",
        "output": "1.4.2",
        "url": ""
    },
    {
        "info": "mootools.js",
        "md5": "3d78cd76a60529cf884a7666b41a1a5f",
        "output": "1.5.2",
        "url": ""
    },
    {
        "info": "mootools.js",
        "md5": "46ae00076accfe98c08c0557b22153df",
        "output": "1.4.3",
        "url": ""
    },
    {
        "info": "mootools.js",
        "md5": "5b115c9e42d29143ee0c3d9cfc13f183",
        "output": "1.2.2",
        "url": ""
    },
    {
        "info": "mootools.js",
        "md5": "67364d9eca9c53d0d060dd80e79c7767",
        "output": "1.1.1",
        "url": ""
    },
    {
        "info": "mootools.js",
        "md5": "686f7d5b1b52ef711dd69f70639cee53",
        "output": "1.2.5",
        "url": ""
    },
    {
        "info": "mootools.js",
        "md5": "75314c4fb9c2e80972f1168657845b1e",
        "output": "1.4.4",
        "url": ""
    },
    {
        "info": "mootools.js",
        "md5": "831a10d844deb8c534eed4a594716cb6",
        "output": "1.4.1",
        "url": ""
    },
    {
        "info": "mootools.js",
        "md5": "83994ce3a0e36f2416c76be577a23e45",
        "output": "1.6.0",
        "url": ""
    },
    {
        "info": "mootools.js",
        "md5": "9019da952f98888bf2443ce3b4c75da0",
        "output": "1.4.0",
        "url": ""
    },
    {
        "info": "mootools.js",
        "md5": "adb5da38a9e9dc3aa4be8af16de887b2",
        "output": "1.2.4",
        "url": ""
    },
    {
        "info": "mootools.js",
        "md5": "c5bed02a62225a6cfa8f6967ecb2c4ea",
        "output": "1.3.0",
        "url": ""
    },
    {
        "info": "mootools.js",
        "md5": "cc6d0a32fb1a4eb7327eca35e563a986",
        "output": "1.4.5",
        "url": ""
    },
    {
        "info": "mootools.js",
        "md5": "d0e428649c87ebaafa00a97bce999cea",
        "output": "1.2.3",
        "url": ""
    },
    {
        "info": "mootools.js",
        "md5": "fc5be2024e2ce54165ee556fff41a161",
        "output": "1.3.2",
        "url": ""
    },
    {
        "info": "mootools.js",
        "md5": "ff8528f13fc49a66f0e37ed0fc776f8f",
        "output": "1.3.1",
        "url": ""
    }
]