[
    {
        "info": "prototype.js",
        "md5": "34171a46fc699bfb7d5d887b53bd530d",
        "output": "1.7.1.0",
        "url": ""
    },
    {
        "info": "prototype.js",
        "md5": "3b4b13dad33b475e11feb26fd3468ecc",
        "output": "1.7.0.0",
        "url": ""
    },
    {
        "info": "prototype.js",
        "md5": "488e8ac1c7bcef6adcd630f609f5cf52",
        "output": "1.7.2.0",
        "url": ""
    },
    {
        "info": "prototype.js",
        "md5": "965fe52b851d8ff3c2b915ada9fb273f",
        "output": "1.6.1.0",
        "url": ""
    },
    {
        "info": "prototype.js",
        "md5": "b5684120e496c310977713be34be4868",
        "output": "1.6.0.3",
        "url": ""
    },
    {
        "info": "prototype.js",
        "md5": "d3a5b20d5368c1bcabe655b57b52d097",
        "output": "1.6.0.2",
        "url": ""
    },
    {
        "info": "prototype.js",
        "md5": "e065fbd18c6990966402ad70cb3e3b41",
        "output": "1.7.3.0",
        "url": ""
    }
]