[
    {
        "info": "scriptaculous.js",
        "md5": "75d1aca2ecf6b32922afd4eb9a146558",
        "output": "1.8.1",
        "url": ""
    },
    {
        "info": "scriptaculous.js",
        "md5": "bb679d586e7fccb154156baaef9dfde5",
        "output": "1.9.0",
        "url": ""
    },
    {
        "info": "scriptaculous.js",
        "md5": "d59eba4e0b14b672208b0862ae1c2196",
        "output": "1.8.2",
        "url": ""
    },
    {
        "info": "scriptaculous.js",
        "md5": "f333a7a32a2b7549853d606e50bee5d5",
        "output": "1.8.3",
        "url": ""
    }
]