[
    {
        "info": "webfont.js",
        "md5": "00604ccd77f4d4acb7c8e7814d383907",
        "output": "1.0.25",
        "url": ""
    },
    {
        "info": "webfont.js",
        "md5": "064537a3cf5fc24bfcf3954b1ff1b9f0",
        "output": "1.4.10",
        "url": ""
    },
    {
        "info": "webfont.js",
        "md5": "080898a7f47a6f8577434e79d304e497",
        "output": "1.5.10",
        "url": ""
    },
    {
        "info": "webfont.js",
        "md5": "0a63d9e44b01a35f5d3729204d7b381e",
        "output": "1.0.15",
        "url": ""
    },
    {
        "info": "webfont.js",
        "md5": "0db514bd9a5ad584cacb7b670d62c94f",
        "output": "1.0.9",
        "url": ""
    },
    {
        "info": "webfont.js",
        "md5": "0db955a30f754165d913b1adbf83d225",
        "output": "1.0.24",
        "url": ""
    },
    {
        "info": "webfont.js",
        "md5": "16fedd0ff283799b0b0bf971f2302671",
        "output": "1.0.23",
        "url": ""
    },
    {
        "info": "webfont.js",
        "md5": "259afefe68562ddf57be4212f53060bd",
        "output": "1.4.6",
        "url": ""
    },
    {
        "info": "webfont.js",
        "md5": "25b740b58927e965489d4ffce3fac961",
        "output": "1.0.18",
        "url": ""
    },
    {
        "info": "webfont.js",
        "md5": "29e17ce0148b1e14791f3a6ffee240f8",
        "output": "1.0.17",
        "url": ""
    },
    {
        "info": "webfont.js",
        "md5": "2c1822f26523030f36cb46df1a1e6f33",
        "output": "1.5.0",
        "url": ""
    },
    {
        "info": "webfont.js",
        "md5": "316f3557abf074f917ff1f83d776338d",
        "output": "1.6.16",
        "url": ""
    },
    {
        "info": "webfont.js",
        "md5": "355b643e3468b8a7a2fa49c4cd2cb26c",
        "output": "1.0.16",
        "url": ""
    },
    {
        "info": "webfont.js",
        "md5": "356448b04b55c6a3d2a267aa92c75e60",
        "output": "1.0.28",
        "url": ""
    },
    {
        "info": "webfont.js",
        "md5": "3607b8071d1dfb485ccff06c2bced33c",
        "output": "1.0.1",
        "url": ""
    },
    {
        "info": "webfont.js",
        "md5": "3848f63f22dafab58ca62f206aab919e",
        "output": "1.0.19",
        "url": ""
    },
    {
        "info": "webfont.js",
        "md5": "4260834a2c7f6f5e803ed2c02fa716c1",
        "output": "1.0.0",
        "url": ""
    },
    {
        "info": "webfont.js",
        "md5": "426fa93b769ecfc57b465faa0ca70343",
        "output": "1.0.22",
        "url": ""
    },
    {
        "info": "webfont.js",
        "md5": "47c9c21b26465af292bb50497b9afaee",
        "output": "1.0.2",
        "url": ""
    },
    {
        "info": "webfont.js",
        "md5": "4b0b154a1c876e0ee3eb71c49f70d37f",
        "output": "1.0.5",
        "url": ""
    },
    {
        "info": "webfont.js",
        "md5": "4c5b871338a27482e283438496572aef",
        "output": "1.5.2",
        "url": ""
    },
    {
        "info": "webfont.js",
        "md5": "593e60ad549e46f8ca9a60755336c7df",
        "output": "1.5.18",
        "url": ""
    },
    {
        "info": "webfont.js",
        "md5": "59f63b09cc1676fc17757c211e4103e3",
        "output": "1.1.0",
        "url": ""
    },
    {
        "info": "webfont.js",
        "md5": "5cdb45a1a022a82d13de020c845c3f09",
        "output": "1.5.6",
        "url": ""
    },
    {
        "info": "webfont.js",
        "md5": "7146203becdeadfebb54b47841d78c60",
        "output": "1.4.8",
        "url": ""
    },
    {
        "info": "webfont.js",
        "md5": "7a77b001ba44179f44871fefe2124089",
        "output": "1.1.1",
        "url": ""
    },
    {
        "info": "webfont.js",
        "md5": "7c96a5f11d9741541d5e3c42ff6380d7",
        "output": "1.6.26",
        "url": ""
    },
    {
        "info": "webfont.js",
        "md5": "82c1cb347d2f923a399c391b336f3a13",
        "output": "1.4.7",
        "url": ""
    },
    {
        "info": "webfont.js",
        "md5": "90fdfea86be889e62d995018979bff87",
        "output": "1.0.4",
        "url": ""
    },
    {
        "info": "webfont.js",
        "md5": "95410cabedd3d2cab0446c4a37e1336f",
        "output": "1.0.21",
        "url": ""
    },
    {
        "info": "webfont.js",
        "md5": "96748606ca58598f539f7043fe78f652",
        "output": "1.0.31",
        "url": ""
    },
    {
        "info": "webfont.js",
        "md5": "9aaab63f1c763eb8299c7b4575cf66b1",
        "output": "1.4.2",
        "url": ""
    },
    {
        "info": "webfont.js",
        "md5": "9d63563bd2dae60fa75aad5895cf8c62",
        "output": "1.0.3",
        "url": ""
    },
    {
        "info": "webfont.js",
        "md5": "9e088b08f277b45164e0e10b79d6a99c",
        "output": "1.3.0",
        "url": ""
    },
    {
        "info": "webfont.js",
        "md5": "a464f560e7ea5d9501311a611d6cfb6e",
        "output": "1.0.30",
        "url": ""
    },
    {
        "info": "webfont.js",
        "md5": "ae1d3b59be22c8b17161934e1cf93106",
        "output": "1.0.11",
        "url": ""
    },
    {
        "info": "webfont.js",
        "md5": "b1214132e520a7e9bd89af99237c5f24",
        "output": "1.5.3",
        "url": ""
    },
    {
        "info": "webfont.js",
        "md5": "bd558cec55d6b4be48e8f7c243d0314b",
        "output": "1.0.26",
        "url": ""
    },
    {
        "info": "webfont.js",
        "md5": "c1d6e14d8ed5cf028a0fcea3bf07c363",
        "output": "1.0.6",
        "url": ""
    },
    {
        "info": "webfont.js",
        "md5": "c33c2b81252ca06f36a829a836380341",
        "output": "1.0.27",
        "url": ""
    },
    {
        "info": "webfont.js",
        "md5": "cc59e2e1883a94d9c7973113e1488cfb",
        "output": "1.1.2",
        "url": ""
    },
    {
        "info": "webfont.js",
        "md5": "e380006db104e6b37cec6c181655646f",
        "output": "1.0.10",
        "url": ""
    },
    {
        "info": "webfont.js",
        "md5": "e381ad6ec316a1b1c45f259a4f61dbc9",
        "output": "1.0.14",
        "url": ""
    },
    {
        "info": "webfont.js",
        "md5": "ec006bf2001300743b1eb31f3ea70d75",
        "output": "1.0.12",
        "url": ""
    },
    {
        "info": "webfont.js",
        "md5": "fbb1f8acf567826a5cfc0a4defd08209",
        "output": "1.0.13",
        "url": ""
    },
    {
        "info": "webfont.js",
        "md5": "ff9e38f556c3545fe6c58e360075a08e",
        "output": "1.0.29",
        "url": ""
    }
]