[
	{
        "url": "",
		"type": "regex",
		"match": "<meta name=\"generator\" content=\"Joomla\\!\\s*(\\d[\\.\\d]*)",
		"output": "%s"
	},
	{
		"url": "/index.php?format=feed&type=rss",
		"type": "regex",
		"match": "generator=\"Joomla\\!\\s*(\\d[\\.\\d]*)",
		"output": "%s"
	},
	{
		"url": "/index.php?format=feed&type=atom",
		"type": "regex",
		"match": "generator=\"Joomla\\!\\s*(\\d[\\.\\d]*)",
		"output": "%s"
	},
	{
		"url": "/feed/rss.html",
		"type": "regex",
		"match": "generator=\"Joomla\\!\\s*(\\d[\\.\\d]*)",
		"output": "%s"
	}
]