{
    "apache": {"name": "Apache"},
    "angularjs": {"name": "AngularJS"},
    "aspnet": {"name": "ASP.NET"},
    "cakephp": {"name": "CakePHP"},
    "centos": {"name": "CentOS"},
    "coldfusion": {"name": "ColdFusion"},
    "concrete5": {"name": "concrete5"},
    "debian": {"name": "Debian"},
    "demandware": {"name": "Demandware"},
    "django": {"name": "Django"},
    "dojo": {"name": "Dojo"},
    "dokuwiki": {"name": "DokuWiki"},
    "dotcms": {"name": "dotCMS"},
    "dotnetnuke": {"name": "DNN (DotNetNuke)"},
    "drupal": {
        "name": "Drupal",
        "tool": [
            {"name": "droopescan", "link": "https://github.com/droope/droopescan"},
            {"name": "CMSmap", "link": "https://github.com/Dionach/CMSmap"}
        ]
    },
    "dynamicweb": {"name": "Dynamicweb"},
    "easynet": {"name": "Easy-net"},
    "episerver": {"name": "EPiServer"},
    "fedora": {"name": "Fedora"},
    "freebsd": {"name": "FreeBSD"},
    "jboss": {"name": "jBoss"},
    "joomla": {
        "name": "Joomla!",
        "tool": [
            {"name": "CMSmap", "link": "https://github.com/Dionach/CMSmap"},
            {"name": "joomscan", "link": "http://sourceforge.net/projects/joomscan/"}
        ]
    },
    "jquery": {"name": "jQuery"},
    "jsp": {"name": "JSP"},
    "lotusdomino": {"name": "Lotus Domino"},
    "majordomo": {"name": "Majordomo"},
    "magento": {"name": "Magento Community Edition"},
    "magento_enterprise": {"name": "Magento Enterprise Edition"},
    "magento_common": {"name": "Magento"},
    "mcms": {"name": "Microsoft Content Management Server"},
    "mediawiki": {"name": "MediaWiki"},
    "microsoft-iis": {"name": "IIS"},
    "moodle": {"name": "Moodle"},
    "mootools": {"name": "MooTools"},
    "movabletype": {"name": "Movable Type"},
    "mybb": {"name": "MyBB"},
    "nginx": {"name": "nginx"},
    "openbsd": {"name": "OpenBSD"},
    "opensuse": {"name": "openSUSE"},
    "outlook": {"name": "Outlook"},
    "php": {"name": "PHP"},
    "phpbb": {"name": "phpBB"},
    "phpmyadmin": {"name": "phpMyAdmin"},
    "phppgadmin": {"name": "phpPgAdmin"},
    "plone": {"name": "Plone"},
    "presstopia": {"name": "Presstopia"},
    "prestashop": {"name": "PrestaShop"},
    "prototype": {"name": "Prototype"},
    "redhat": {"name": "Red Hat Enterprise Linux"},
    "roundcube": {"name": "Roundcube"},
    "scientific": {"name": "Scientific Linux"},
    "scriptaculous": {"name": "script.aculo.us"},
    "sharepoint": {
        "name": "SharePoint",
        "tool": [
            {"name": "sparty", "link": "https://github.com/alias1/sparty"},
            {"name": "spscan", "link": "https://github.com/toddsiegel/spscan"},
            {"name": "Sharepoint URL Brute", "link": "http://www.bishopfox.com/download/414/"}
        ]
    },
    "sitecore": {"name": "Sitecore"},
    "squirrelmail": {"name": "SquirrelMail"},
    "tomcat": {"name": "Tomcat"},
    "typo3": {"name": "TYPO3"},
    "ubuntu": {"name": "Ubuntu"},
    "umbraco": {"name": "Umbraco"},
    "varnish": {"name": "Varnish"},
    "vbulletin": {"name": "vBulletin"},
    "webfont": {"name": "webfont"},
    "wordpress": {
        "name": "WordPress",
        "tool": [
            {"name": "wpscan", "link": "https://github.com/wpscanteam/wpscan"},
            {"name": "CMSmap", "link": "https://github.com/Dionach/CMSmap"}
        ]
    },
    "xoops": {"name": "XOOPS"},
    "zencart": {"name": "Zen Cart"},
    "zenphoto": {"name": "Zenphoto"},
    "modernizr": {"name": "Modernizr"},
    "confixx": {"name": "Parallels Confixx"},
    "zope": {"name": "Zope"},
    "nettefw": {"name": "NetteFW"}
}
