[
    {
        "os_name": "Debian",
        "os_version": "3.1",
        "pkg_name": "Apache",
        "pkg_version": "2.0.54"
    },
    {
        "os_name": "Debian",
        "os_version": "6.0",
        "pkg_name": "Apache",
        "pkg_version": "2.2.16"
    },
    {
        "os_name": "Debian",
        "os_version": "7.0",
        "pkg_name": "Apache",
        "pkg_version": "2.2.22"
    },
    {
        "os_name": "Debian",
        "os_version": "4.0",
        "pkg_name": "Apache",
        "pkg_version": "2.2.3"
    },
    {
        "os_name": "Debian",
        "os_version": "5.0",
        "pkg_name": "Apache",
        "pkg_version": "2.2.9"
    },
    {
        "os_name": "Debian",
        "os_version": "8.0",
        "pkg_name": "Apache",
        "pkg_version": "2.4.10"
    },
    {
        "os_name": "Debian",
        "os_version": "3.0",
        "pkg_name": "Apache",
        "pkg_version": "8.12.3"
    },
    {
        "os_name": "Debian",
        "os_version": "3.1",
        "pkg_name": "Apache",
        "pkg_version": "8.13.4"
    },
    {
        "os_name": "Debian",
        "os_version": "4.0",
        "pkg_name": "Apache",
        "pkg_version": "8.13.8"
    },
    {
        "os_name": "Debian",
        "os_version": "5.0",
        "pkg_name": "Apache",
        "pkg_version": "8.14.3"
    },
    {
        "os_name": "Debian",
        "os_version": "6.0",
        "pkg_name": "Apache",
        "pkg_version": "8.14.3"
    },
    {
        "os_name": "Debian",
        "os_version": "7.0",
        "pkg_name": "Apache",
        "pkg_version": "8.14.4"
    },
    {
        "os_name": "Debian",
        "os_version": "8.0",
        "pkg_name": "Apache",
        "pkg_version": "8.14.4"
    },
    {
        "os_name": "Debian",
        "os_version": "1.1",
        "pkg_name": "Apache",
        "pkg_version": "8.7.5"
    },
    {
        "os_name": "Debian",
        "os_version": "1.2",
        "pkg_name": "Apache",
        "pkg_version": "8.7.6"
    },
    {
        "os_name": "Debian",
        "os_version": "1.3",
        "pkg_name": "Apache",
        "pkg_version": "8.8.5"
    },
    {
        "os_name": "Debian",
        "os_version": "2.0",
        "pkg_name": "Apache",
        "pkg_version": "8.8.8"
    },
    {
        "os_name": "Debian",
        "os_version": "2.1",
        "pkg_name": "Apache",
        "pkg_version": "8.9.3"
    },
    {
        "os_name": "Debian",
        "os_version": "2.2",
        "pkg_name": "Apache",
        "pkg_version": "8.9.3"
    },
    {
        "os_name": "Debian",
        "os_version": "3.1",
        "pkg_name": "apache-tomcat",
        "pkg_version": "1.22"
    },
    {
        "os_name": "Debian",
        "os_version": "4.0",
        "pkg_name": "apache-tomcat",
        "pkg_version": "1.32"
    },
    {
        "os_name": "Debian",
        "os_version": "5.0",
        "pkg_name": "apache-tomcat",
        "pkg_version": "2.0.65"
    },
    {
        "os_name": "Debian",
        "os_version": "6.0",
        "pkg_name": "apache-tomcat",
        "pkg_version": "2.0.96"
    },
    {
        "os_name": "Debian",
        "os_version": "7.0",
        "pkg_name": "apache-tomcat",
        "pkg_version": "2.1.9"
    },
    {
        "os_name": "Debian",
        "os_version": "8.0",
        "pkg_name": "apache-tomcat",
        "pkg_version": "2.3"
    },
    {
        "os_name": "Debian",
        "os_version": "3.0",
        "pkg_name": "apache-tomcat",
        "pkg_version": "4.0.3"
    },
    {
        "os_name": "Debian",
        "os_version": "3.1",
        "pkg_name": "apache-tomcat",
        "pkg_version": "4.1.31"
    },
    {
        "os_name": "Debian",
        "os_version": "4.0",
        "pkg_name": "apache-tomcat",
        "pkg_version": "5.5.20"
    },
    {
        "os_name": "Debian",
        "os_version": "5.0",
        "pkg_name": "apache-tomcat",
        "pkg_version": "5.5.26"
    },
    {
        "os_name": "Debian",
        "os_version": "6.0",
        "pkg_name": "apache-tomcat",
        "pkg_version": "6.0.28"
    },
    {
        "os_name": "Debian",
        "os_version": "7.0",
        "pkg_name": "apache-tomcat",
        "pkg_version": "7.0.28"
    },
    {
        "os_name": "Debian",
        "os_version": "8.0",
        "pkg_name": "apache-tomcat",
        "pkg_version": "8.0.14"
    },
    {
        "os_name": "Debian",
        "os_version": "4.0",
        "pkg_name": "lighttpd",
        "pkg_version": "1.4.13"
    },
    {
        "os_name": "Debian",
        "os_version": "5.0",
        "pkg_name": "lighttpd",
        "pkg_version": "1.4.19"
    },
    {
        "os_name": "Debian",
        "os_version": "6.0",
        "pkg_name": "lighttpd",
        "pkg_version": "1.4.28"
    },
    {
        "os_name": "Debian",
        "os_version": "7.0",
        "pkg_name": "lighttpd",
        "pkg_version": "1.4.31"
    },
    {
        "os_name": "Debian",
        "os_version": "8.0",
        "pkg_name": "lighttpd",
        "pkg_version": "1.4.35"
    },
    {
        "os_name": "Debian",
        "os_version": "5.0",
        "pkg_name": "lighttpd",
        "pkg_version": "1.6.6"
    },
    {
        "os_name": "Debian",
        "os_version": "6.0",
        "pkg_name": "lighttpd",
        "pkg_version": "3.2.10"
    },
    {
        "os_name": "Debian",
        "os_version": "7.0",
        "pkg_name": "lighttpd",
        "pkg_version": "4.1.18"
    },
    {
        "os_name": "Debian",
        "os_version": "8.0",
        "pkg_name": "lighttpd",
        "pkg_version": "4.3.18"
    },
    {
        "os_name": "Debian",
        "os_version": "4.0",
        "pkg_name": "mod_perl",
        "pkg_version": "1.0rc1"
    },
    {
        "os_name": "Debian",
        "os_version": "5.0",
        "pkg_name": "mod_perl",
        "pkg_version": "1.0rc2"
    },
    {
        "os_name": "Debian",
        "os_version": "6.0",
        "pkg_name": "mod_perl",
        "pkg_version": "1.0rc3"
    },
    {
        "os_name": "Debian",
        "os_version": "7.0",
        "pkg_name": "mod_perl",
        "pkg_version": "1.0rc4"
    },
    {
        "os_name": "Debian",
        "os_version": "2.1",
        "pkg_name": "mod_perl",
        "pkg_version": "1.16"
    },
    {
        "os_name": "Debian",
        "os_version": "2.2",
        "pkg_name": "mod_perl",
        "pkg_version": "1.21"
    },
    {
        "os_name": "Debian",
        "os_version": "3.0",
        "pkg_name": "mod_perl",
        "pkg_version": "1.26"
    },
    {
        "os_name": "Debian",
        "os_version": "3.1",
        "pkg_name": "mod_perl",
        "pkg_version": "2.0.0pre21"
    },
    {
        "os_name": "Debian",
        "os_version": "4.0",
        "pkg_name": "mod_perl",
        "pkg_version": "2.0.2"
    },
    {
        "os_name": "Debian",
        "os_version": "5.0",
        "pkg_name": "mod_perl",
        "pkg_version": "2.0.4"
    },
    {
        "os_name": "Debian",
        "os_version": "6.0",
        "pkg_name": "mod_perl",
        "pkg_version": "2.0.4"
    },
    {
        "os_name": "Debian",
        "os_version": "7.0",
        "pkg_name": "mod_perl",
        "pkg_version": "2.0.7"
    },
    {
        "os_name": "Debian",
        "os_version": "8.0",
        "pkg_name": "mod_perl",
        "pkg_version": "2.0.9"
    },
    {
        "os_name": "Debian",
        "os_version": "4.0",
        "pkg_name": "nginx",
        "pkg_version": "0.4.13"
    },
    {
        "os_name": "Debian",
        "os_version": "5.0",
        "pkg_name": "nginx",
        "pkg_version": "0.6.32"
    },
    {
        "os_name": "Debian",
        "os_version": "6.0",
        "pkg_name": "nginx",
        "pkg_version": "0.7.67"
    },
    {
        "os_name": "Debian",
        "os_version": "7.0",
        "pkg_name": "nginx",
        "pkg_version": "1.2.1"
    },
    {
        "os_name": "Debian",
        "os_version": "2.0",
        "pkg_name": "nginx",
        "pkg_version": "1.49"
    },
    {
        "os_name": "Debian",
        "os_version": "2.1",
        "pkg_name": "nginx",
        "pkg_version": "1.51"
    },
    {
        "os_name": "Debian",
        "os_version": "8.0",
        "pkg_name": "nginx",
        "pkg_version": "1.6.2"
    },
    {
        "os_name": "Debian",
        "os_version": "2.2",
        "pkg_name": "nginx",
        "pkg_version": "2.12"
    },
    {
        "os_name": "Debian",
        "os_version": "3.0",
        "pkg_name": "nginx",
        "pkg_version": "2.54BETA31"
    },
    {
        "os_name": "Debian",
        "os_version": "3.1",
        "pkg_name": "nginx",
        "pkg_version": "3.81"
    },
    {
        "os_name": "Debian",
        "os_version": "4.0",
        "pkg_name": "nginx",
        "pkg_version": "4.11"
    },
    {
        "os_name": "Debian",
        "os_version": "5.0",
        "pkg_name": "nginx",
        "pkg_version": "4.62"
    },
    {
        "os_name": "Debian",
        "os_version": "6.0",
        "pkg_name": "nginx",
        "pkg_version": "5.00"
    },
    {
        "os_name": "Debian",
        "os_version": "7.0",
        "pkg_name": "nginx",
        "pkg_version": "6.00"
    },
    {
        "os_name": "Debian",
        "os_version": "8.0",
        "pkg_name": "nginx",
        "pkg_version": "6.47"
    },
    {
        "os_name": "Debian",
        "os_version": "3.0",
        "pkg_name": "openssl",
        "pkg_version": "0.9.6c"
    },
    {
        "os_name": "Debian",
        "os_version": "3.1",
        "pkg_name": "openssl",
        "pkg_version": "0.9.7e"
    },
    {
        "os_name": "Debian",
        "os_version": "4.0",
        "pkg_name": "openssl",
        "pkg_version": "0.9.8c"
    },
    {
        "os_name": "Debian",
        "os_version": "5.0",
        "pkg_name": "openssl",
        "pkg_version": "0.9.8g"
    },
    {
        "os_name": "Debian",
        "os_version": "6.0",
        "pkg_name": "openssl",
        "pkg_version": "0.9.8o"
    },
    {
        "os_name": "Debian",
        "os_version": "7.0",
        "pkg_name": "openssl",
        "pkg_version": "1.0.1e"
    },
    {
        "os_name": "Debian",
        "os_version": "8.0",
        "pkg_name": "openssl",
        "pkg_version": "1.0.1k"
    },
    {
        "os_name": "Debian",
        "os_version": "1.3",
        "pkg_name": "perl",
        "pkg_version": "2.0b10"
    },
    {
        "os_name": "Debian",
        "os_version": "2.0",
        "pkg_name": "perl",
        "pkg_version": "3.0"
    },
    {
        "os_name": "Debian",
        "os_version": "2.1",
        "pkg_name": "perl",
        "pkg_version": "3.0.5"
    },
    {
        "os_name": "Debian",
        "os_version": "2.2",
        "pkg_name": "perl",
        "pkg_version": "4.0.3pl1"
    },
    {
        "os_name": "Debian",
        "os_version": "3.0",
        "pkg_name": "perl",
        "pkg_version": "4.1.2"
    },
    {
        "os_name": "Debian",
        "os_version": "3.1",
        "pkg_name": "perl",
        "pkg_version": "4.3.10"
    },
    {
        "os_name": "Debian",
        "os_version": "5.0",
        "pkg_name": "perl",
        "pkg_version": "5.10.0"
    },
    {
        "os_name": "Debian",
        "os_version": "6.0",
        "pkg_name": "perl",
        "pkg_version": "5.10.1"
    },
    {
        "os_name": "Debian",
        "os_version": "7.0",
        "pkg_name": "perl",
        "pkg_version": "5.14.2"
    },
    {
        "os_name": "Debian",
        "os_version": "1.1",
        "pkg_name": "perl",
        "pkg_version": "5.2"
    },
    {
        "os_name": "Debian",
        "os_version": "4.0",
        "pkg_name": "perl",
        "pkg_version": "5.2.0"
    },
    {
        "os_name": "Debian",
        "os_version": "5.0",
        "pkg_name": "perl",
        "pkg_version": "5.2.6"
    },
    {
        "os_name": "Debian",
        "os_version": "8.0",
        "pkg_name": "perl",
        "pkg_version": "5.20.2"
    },
    {
        "os_name": "Debian",
        "os_version": "6.0",
        "pkg_name": "perl",
        "pkg_version": "5.3.3"
    },
    {
        "os_name": "Debian",
        "os_version": "1.2",
        "pkg_name": "perl",
        "pkg_version": "5.3.7"
    },
    {
        "os_name": "Debian",
        "os_version": "1.3",
        "pkg_name": "perl",
        "pkg_version": "5.3.7"
    },
    {
        "os_name": "Debian",
        "os_version": "2.0",
        "pkg_name": "perl",
        "pkg_version": "5.4.4"
    },
    {
        "os_name": "Debian",
        "os_version": "2.1",
        "pkg_name": "perl",
        "pkg_version": "5.4.4"
    },
    {
        "os_name": "Debian",
        "os_version": "7.0",
        "pkg_name": "perl",
        "pkg_version": "5.4.4"
    },
    {
        "os_name": "Debian",
        "os_version": "2.2",
        "pkg_name": "perl",
        "pkg_version": "5.4.5"
    },
    {
        "os_name": "Debian",
        "os_version": "3.0",
        "pkg_name": "perl",
        "pkg_version": "5.6.1"
    },
    {
        "os_name": "Debian",
        "os_version": "8.0",
        "pkg_name": "perl",
        "pkg_version": "5.6.7"
    },
    {
        "os_name": "Debian",
        "os_version": "3.1",
        "pkg_name": "perl",
        "pkg_version": "5.8.4"
    },
    {
        "os_name": "Debian",
        "os_version": "4.0",
        "pkg_name": "perl",
        "pkg_version": "5.8.8"
    },
    {
        "os_name": "Debian",
        "os_version": "1.3",
        "pkg_name": "php",
        "pkg_version": "2.0b10"
    },
    {
        "os_name": "Debian",
        "os_version": "5.0",
        "pkg_name": "php",
        "pkg_version": "2.11.8.1"
    },
    {
        "os_name": "Debian",
        "os_version": "3.0",
        "pkg_name": "php",
        "pkg_version": "2.2.3"
    },
    {
        "os_name": "Debian",
        "os_version": "3.1",
        "pkg_name": "php",
        "pkg_version": "2.6.2"
    },
    {
        "os_name": "Debian",
        "os_version": "4.0",
        "pkg_name": "php",
        "pkg_version": "2.9.1.1"
    },
    {
        "os_name": "Debian",
        "os_version": "2.0",
        "pkg_name": "php",
        "pkg_version": "3.0"
    },
    {
        "os_name": "Debian",
        "os_version": "2.1",
        "pkg_name": "php",
        "pkg_version": "3.0.5"
    },
    {
        "os_name": "Debian",
        "os_version": "6.0",
        "pkg_name": "php",
        "pkg_version": "3.3.7"
    },
    {
        "os_name": "Debian",
        "os_version": "7.0",
        "pkg_name": "php",
        "pkg_version": "3.4.11.1"
    },
    {
        "os_name": "Debian",
        "os_version": "2.2",
        "pkg_name": "php",
        "pkg_version": "4.0.3pl1"
    },
    {
        "os_name": "Debian",
        "os_version": "3.0",
        "pkg_name": "php",
        "pkg_version": "4.1.2"
    },
    {
        "os_name": "Debian",
        "os_version": "8.0",
        "pkg_name": "php",
        "pkg_version": "4.2.12"
    },
    {
        "os_name": "Debian",
        "os_version": "3.1",
        "pkg_name": "php",
        "pkg_version": "4.3.10"
    },
    {
        "os_name": "Debian",
        "os_version": "4.0",
        "pkg_name": "php",
        "pkg_version": "5.2.0"
    },
    {
        "os_name": "Debian",
        "os_version": "5.0",
        "pkg_name": "php",
        "pkg_version": "5.2.6"
    },
    {
        "os_name": "Debian",
        "os_version": "6.0",
        "pkg_name": "php",
        "pkg_version": "5.3.3"
    },
    {
        "os_name": "Debian",
        "os_version": "7.0",
        "pkg_name": "php",
        "pkg_version": "5.4.4"
    },
    {
        "os_name": "Debian",
        "os_version": "8.0",
        "pkg_name": "php",
        "pkg_version": "5.6.7"
    },
    {
        "os_name": "Debian",
        "os_version": "3.0",
        "pkg_name": "phpMyAdmin",
        "pkg_version": "0.58"
    },
    {
        "os_name": "Debian",
        "os_version": "3.1",
        "pkg_name": "phpMyAdmin",
        "pkg_version": "1.2.1"
    },
    {
        "os_name": "Debian",
        "os_version": "4.0",
        "pkg_name": "phpMyAdmin",
        "pkg_version": "2.0.0beta5"
    },
    {
        "os_name": "Debian",
        "os_version": "8.0",
        "pkg_name": "phpMyAdmin",
        "pkg_version": "2.10.11"
    },
    {
        "os_name": "Debian",
        "os_version": "7.0",
        "pkg_name": "phpMyAdmin",
        "pkg_version": "2.10.6"
    },
    {
        "os_name": "Debian",
        "os_version": "5.0",
        "pkg_name": "phpMyAdmin",
        "pkg_version": "2.11.8.1"
    },
    {
        "os_name": "Debian",
        "os_version": "3.0",
        "pkg_name": "phpMyAdmin",
        "pkg_version": "2.2.3"
    },
    {
        "os_name": "Debian",
        "os_version": "5.0",
        "pkg_name": "phpMyAdmin",
        "pkg_version": "2.4.3"
    },
    {
        "os_name": "Debian",
        "os_version": "3.1",
        "pkg_name": "phpMyAdmin",
        "pkg_version": "2.6.2"
    },
    {
        "os_name": "Debian",
        "os_version": "6.0",
        "pkg_name": "phpMyAdmin",
        "pkg_version": "2.7.3"
    },
    {
        "os_name": "Debian",
        "os_version": "4.0",
        "pkg_name": "phpMyAdmin",
        "pkg_version": "2.9.1.1"
    },
    {
        "os_name": "Debian",
        "os_version": "6.0",
        "pkg_name": "phpMyAdmin",
        "pkg_version": "3.3.7"
    },
    {
        "os_name": "Debian",
        "os_version": "7.0",
        "pkg_name": "phpMyAdmin",
        "pkg_version": "3.4.11.1"
    },
    {
        "os_name": "Debian",
        "os_version": "8.0",
        "pkg_name": "phpMyAdmin",
        "pkg_version": "4.2.12"
    },
    {
        "os_name": "Debian",
        "os_version": "2.2",
        "pkg_name": "ruby",
        "pkg_version": "1.4.3"
    },
    {
        "os_name": "Debian",
        "os_version": "3.0",
        "pkg_name": "ruby",
        "pkg_version": "1.6.7"
    },
    {
        "os_name": "Debian",
        "os_version": "3.1",
        "pkg_name": "ruby",
        "pkg_version": "1.8.2"
    },
    {
        "os_name": "Debian",
        "os_version": "4.0",
        "pkg_name": "ruby",
        "pkg_version": "1.8.5"
    },
    {
        "os_name": "Debian",
        "os_version": "6.0",
        "pkg_name": "ruby",
        "pkg_version": "1.8.7-p302"
    },
    {
        "os_name": "Debian",
        "os_version": "5.0",
        "pkg_name": "ruby",
        "pkg_version": "1.8.7-p72"
    },
    {
        "os_name": "Debian",
        "os_version": "1.1",
        "pkg_name": "ruby",
        "pkg_version": "1.9.15p4"
    },
    {
        "os_name": "Debian",
        "os_version": "1.2",
        "pkg_name": "ruby",
        "pkg_version": "1.9.16p9"
    },
    {
        "os_name": "Debian",
        "os_version": "1.3",
        "pkg_name": "ruby",
        "pkg_version": "1.9.17p2"
    },
    {
        "os_name": "Debian",
        "os_version": "2.0",
        "pkg_name": "ruby",
        "pkg_version": "1.9.18p8"
    },
    {
        "os_name": "Debian",
        "os_version": "7.0",
        "pkg_name": "ruby",
        "pkg_version": "1.9.3-p194"
    },
    {
        "os_name": "Debian",
        "os_version": "2.1",
        "pkg_name": "ruby",
        "pkg_version": "2.0.5a"
    },
    {
        "os_name": "Debian",
        "os_version": "2.2",
        "pkg_name": "ruby",
        "pkg_version": "2.0.7"
    },
    {
        "os_name": "Debian",
        "os_version": "8.0",
        "pkg_name": "ruby",
        "pkg_version": "2.1.5"
    },
    {
        "os_name": "Debian",
        "os_version": "3.0",
        "pkg_name": "ruby",
        "pkg_version": "2.2.3a"
    },
    {
        "os_name": "Debian",
        "os_version": "3.1",
        "pkg_name": "ruby",
        "pkg_version": "3.0.14a"
    },
    {
        "os_name": "Debian",
        "os_version": "4.0",
        "pkg_name": "ruby",
        "pkg_version": "3.0.24"
    },
    {
        "os_name": "Debian",
        "os_version": "5.0",
        "pkg_name": "ruby",
        "pkg_version": "3.2.5"
    },
    {
        "os_name": "Debian",
        "os_version": "6.0",
        "pkg_name": "ruby",
        "pkg_version": "3.5.6"
    },
    {
        "os_name": "Debian",
        "os_version": "7.0",
        "pkg_name": "ruby",
        "pkg_version": "3.6.6"
    },
    {
        "os_name": "Debian",
        "os_version": "8.0",
        "pkg_name": "ruby",
        "pkg_version": "4.1.17"
    },
    {
        "os_name": "Debian",
        "os_version": "3.0",
        "pkg_name": "subversion",
        "pkg_version": "0.7.4"
    },
    {
        "os_name": "Debian",
        "os_version": "3.1",
        "pkg_name": "subversion",
        "pkg_version": "1.0.4"
    },
    {
        "os_name": "Debian",
        "os_version": "3.1",
        "pkg_name": "subversion",
        "pkg_version": "1.1.4"
    },
    {
        "os_name": "Debian",
        "os_version": "4.0",
        "pkg_name": "subversion",
        "pkg_version": "1.4.2"
    },
    {
        "os_name": "Debian",
        "os_version": "5.0",
        "pkg_name": "subversion",
        "pkg_version": "1.5.1"
    },
    {
        "os_name": "Debian",
        "os_version": "6.0",
        "pkg_name": "subversion",
        "pkg_version": "1.6.12"
    },
    {
        "os_name": "Debian",
        "os_version": "7.0",
        "pkg_name": "subversion",
        "pkg_version": "1.6.17"
    },
    {
        "os_name": "Debian",
        "os_version": "8.0",
        "pkg_name": "subversion",
        "pkg_version": "1.8.10"
    },
    {
        "os_name": "Debian",
        "os_version": "4.0",
        "pkg_name": "subversion",
        "pkg_version": "2.3.0beta5"
    },
    {
        "os_name": "Debian",
        "os_version": "5.0",
        "pkg_name": "subversion",
        "pkg_version": "2.5.0"
    },
    {
        "os_name": "Debian",
        "os_version": "6.0",
        "pkg_name": "subversion",
        "pkg_version": "3.0.2"
    },
    {
        "os_name": "Debian",
        "os_version": "7.0",
        "pkg_name": "subversion",
        "pkg_version": "3.2.0"
    },
    {
        "os_name": "Debian",
        "os_version": "8.0",
        "pkg_name": "subversion",
        "pkg_version": "3.5.0beta1"
    },
    {
        "os_name": "Debian",
        "os_version": "3.0",
        "pkg_name": "webmin",
        "pkg_version": "0.94"
    },
    {
        "os_name": "Debian",
        "os_version": "4.0",
        "pkg_name": "webmin",
        "pkg_version": "1.10.2"
    },
    {
        "os_name": "Debian",
        "os_version": "5.0",
        "pkg_name": "webmin",
        "pkg_version": "1.11.4"
    },
    {
        "os_name": "Debian",
        "os_version": "6.0",
        "pkg_name": "webmin",
        "pkg_version": "1.12"
    },
    {
        "os_name": "Debian",
        "os_version": "7.0",
        "pkg_name": "webmin",
        "pkg_version": "1.13.4"
    },
    {
        "os_name": "Debian",
        "os_version": "8.0",
        "pkg_name": "webmin",
        "pkg_version": "1.16"
    },
    {
        "os_name": "Debian",
        "os_version": "3.1",
        "pkg_name": "webmin",
        "pkg_version": "1.180"
    },
    {
        "os_name": "Debian",
        "os_version": "1.3",
        "pkg_name": "webmin",
        "pkg_version": "1.4.4"
    },
    {
        "os_name": "Debian",
        "os_version": "2.0",
        "pkg_name": "webmin",
        "pkg_version": "1.4.5"
    },
    {
        "os_name": "Debian",
        "os_version": "2.1",
        "pkg_name": "webmin",
        "pkg_version": "1.5.3"
    },
    {
        "os_name": "Debian",
        "os_version": "2.2",
        "pkg_name": "webmin",
        "pkg_version": "1.5.3"
    },
    {
        "os_name": "Debian",
        "os_version": "3.0",
        "pkg_name": "webmin",
        "pkg_version": "1.8.1"
    },
    {
        "os_name": "Debian",
        "os_version": "3.1",
        "pkg_name": "webmin",
        "pkg_version": "1.9.1"
    },
    {
        "os_name": "Debian",
        "os_version": "4.0",
        "pkg_name": "wordpress",
        "pkg_version": "2.0.10"
    },
    {
        "os_name": "Debian",
        "os_version": "5.0",
        "pkg_name": "wordpress",
        "pkg_version": "2.5.1"
    },
    {
        "os_name": "Debian",
        "os_version": "6.0",
        "pkg_name": "wordpress",
        "pkg_version": "3.0.4"
    },
    {
        "os_name": "Debian",
        "os_version": "7.0",
        "pkg_name": "wordpress",
        "pkg_version": "3.5.1"
    },
    {
        "os_name": "Debian",
        "os_version": "3.0",
        "pkg_name": "wordpress",
        "pkg_version": "3.8.16"
    },
    {
        "os_name": "Debian",
        "os_version": "3.1",
        "pkg_name": "wordpress",
        "pkg_version": "4.0.5"
    },
    {
        "os_name": "Debian",
        "os_version": "8.0",
        "pkg_name": "wordpress",
        "pkg_version": "4.1"
    },
    {
        "os_name": "Debian",
        "os_version": "8.0",
        "pkg_name": "wordpress",
        "pkg_version": "4.10.2"
    },
    {
        "os_name": "Debian",
        "os_version": "4.0",
        "pkg_name": "wordpress",
        "pkg_version": "4.3.99.2"
    },
    {
        "os_name": "Debian",
        "os_version": "5.0",
        "pkg_name": "wordpress",
        "pkg_version": "4.4.2"
    },
    {
        "os_name": "Debian",
        "os_version": "6.0",
        "pkg_name": "wordpress",
        "pkg_version": "4.6.2"
    },
    {
        "os_name": "Debian",
        "os_version": "7.0",
        "pkg_name": "wordpress",
        "pkg_version": "4.8.3"
    }
]