[
    {
        "os_name": "Fedora",
        "os_version": "1",
        "pkg_name": "Apache",
        "pkg_version": "2.0.47"
    },
    {
        "os_name": "Fedora",
        "os_version": "2",
        "pkg_name": "Apache",
        "pkg_version": "2.0.49"
    },
    {
        "os_name": "Fedora",
        "os_version": "3",
        "pkg_name": "Apache",
        "pkg_version": "2.0.52"
    },
    {
        "os_name": "Fedora",
        "os_version": "4",
        "pkg_name": "Apache",
        "pkg_version": "2.0.54"
    },
    {
        "os_name": "Fedora",
        "os_version": "5",
        "pkg_name": "Apache",
        "pkg_version": "2.2.0"
    },
    {
        "os_name": "Fedora",
        "os_version": "10",
        "pkg_name": "Apache",
        "pkg_version": "2.2.10"
    },
    {
        "os_name": "Fedora",
        "os_version": "11",
        "pkg_name": "Apache",
        "pkg_version": "2.2.11"
    },
    {
        "os_name": "Fedora",
        "os_version": "12",
        "pkg_name": "Apache",
        "pkg_version": "2.2.13"
    },
    {
        "os_name": "Fedora",
        "os_version": "13",
        "pkg_name": "Apache",
        "pkg_version": "2.2.15"
    },
    {
        "os_name": "Fedora",
        "os_version": "14",
        "pkg_name": "Apache",
        "pkg_version": "2.2.16"
    },
    {
        "os_name": "Fedora",
        "os_version": "15",
        "pkg_name": "Apache",
        "pkg_version": "2.2.17"
    },
    {
        "os_name": "Fedora",
        "os_version": "16",
        "pkg_name": "Apache",
        "pkg_version": "2.2.21"
    },
    {
        "os_name": "Fedora",
        "os_version": "17",
        "pkg_name": "Apache",
        "pkg_version": "2.2.22"
    },
    {
        "os_name": "Fedora",
        "os_version": "6",
        "pkg_name": "Apache",
        "pkg_version": "2.2.3"
    },
    {
        "os_name": "Fedora",
        "os_version": "7",
        "pkg_name": "Apache",
        "pkg_version": "2.2.4"
    },
    {
        "os_name": "Fedora",
        "os_version": "8",
        "pkg_name": "Apache",
        "pkg_version": "2.2.6"
    },
    {
        "os_name": "Fedora",
        "os_version": "9",
        "pkg_name": "Apache",
        "pkg_version": "2.2.8"
    },
    {
        "os_name": "Fedora",
        "os_version": "21",
        "pkg_name": "Apache",
        "pkg_version": "2.4.10"
    },
    {
        "os_name": "Fedora",
        "os_version": "22",
        "pkg_name": "Apache",
        "pkg_version": "2.4.12"
    },
    {
        "os_name": "Fedora",
        "os_version": "23",
        "pkg_name": "Apache",
        "pkg_version": "2.4.16"
    },
    {
        "os_name": "Fedora",
        "os_version": "24",
        "pkg_name": "Apache",
        "pkg_version": "2.4.18"
    },
    {
        "os_name": "Fedora",
        "os_version": "18",
        "pkg_name": "Apache",
        "pkg_version": "2.4.3"
    },
    {
        "os_name": "Fedora",
        "os_version": "19",
        "pkg_name": "Apache",
        "pkg_version": "2.4.4"
    },
    {
        "os_name": "Fedora",
        "os_version": "20",
        "pkg_name": "Apache",
        "pkg_version": "2.4.6"
    },
    {
        "os_name": "Fedora",
        "os_version": "1",
        "pkg_name": "Apache",
        "pkg_version": "8.12.10"
    },
    {
        "os_name": "Fedora",
        "os_version": "2",
        "pkg_name": "Apache",
        "pkg_version": "8.12.11"
    },
    {
        "os_name": "Fedora",
        "os_version": "3",
        "pkg_name": "Apache",
        "pkg_version": "8.13.1"
    },
    {
        "os_name": "Fedora",
        "os_version": "4",
        "pkg_name": "Apache",
        "pkg_version": "8.13.4"
    },
    {
        "os_name": "Fedora",
        "os_version": "5",
        "pkg_name": "Apache",
        "pkg_version": "8.13.5"
    },
    {
        "os_name": "Fedora",
        "os_version": "6",
        "pkg_name": "Apache",
        "pkg_version": "8.13.8"
    },
    {
        "os_name": "Fedora",
        "os_version": "7",
        "pkg_name": "Apache",
        "pkg_version": "8.14.1"
    },
    {
        "os_name": "Fedora",
        "os_version": "8",
        "pkg_name": "Apache",
        "pkg_version": "8.14.1"
    },
    {
        "os_name": "Fedora",
        "os_version": "9",
        "pkg_name": "Apache",
        "pkg_version": "8.14.2"
    },
    {
        "os_name": "Fedora",
        "os_version": "10",
        "pkg_name": "Apache",
        "pkg_version": "8.14.3"
    },
    {
        "os_name": "Fedora",
        "os_version": "11",
        "pkg_name": "Apache",
        "pkg_version": "8.14.3"
    },
    {
        "os_name": "Fedora",
        "os_version": "12",
        "pkg_name": "Apache",
        "pkg_version": "8.14.3"
    },
    {
        "os_name": "Fedora",
        "os_version": "13",
        "pkg_name": "Apache",
        "pkg_version": "8.14.4"
    },
    {
        "os_name": "Fedora",
        "os_version": "14",
        "pkg_name": "Apache",
        "pkg_version": "8.14.4"
    },
    {
        "os_name": "Fedora",
        "os_version": "15",
        "pkg_name": "Apache",
        "pkg_version": "8.14.4"
    },
    {
        "os_name": "Fedora",
        "os_version": "16",
        "pkg_name": "Apache",
        "pkg_version": "8.14.5"
    },
    {
        "os_name": "Fedora",
        "os_version": "17",
        "pkg_name": "Apache",
        "pkg_version": "8.14.5"
    },
    {
        "os_name": "Fedora",
        "os_version": "18",
        "pkg_name": "Apache",
        "pkg_version": "8.14.5"
    },
    {
        "os_name": "Fedora",
        "os_version": "19",
        "pkg_name": "Apache",
        "pkg_version": "8.14.7"
    },
    {
        "os_name": "Fedora",
        "os_version": "21",
        "pkg_name": "Apache",
        "pkg_version": "8.14.9"
    },
    {
        "os_name": "Fedora",
        "os_version": "2",
        "pkg_name": "apache-tomcat",
        "pkg_version": "1.11.4"
    },
    {
        "os_name": "Fedora",
        "os_version": "3",
        "pkg_name": "apache-tomcat",
        "pkg_version": "1.17.14"
    },
    {
        "os_name": "Fedora",
        "os_version": "4",
        "pkg_name": "apache-tomcat",
        "pkg_version": "1.23.10"
    },
    {
        "os_name": "Fedora",
        "os_version": "5",
        "pkg_name": "apache-tomcat",
        "pkg_version": "1.29.7"
    },
    {
        "os_name": "Fedora",
        "os_version": "6",
        "pkg_name": "apache-tomcat",
        "pkg_version": "1.30.29"
    },
    {
        "os_name": "Fedora",
        "os_version": "7",
        "pkg_name": "apache-tomcat",
        "pkg_version": "2.0.13"
    },
    {
        "os_name": "Fedora",
        "os_version": "8",
        "pkg_name": "apache-tomcat",
        "pkg_version": "2.0.37"
    },
    {
        "os_name": "Fedora",
        "os_version": "9",
        "pkg_name": "apache-tomcat",
        "pkg_version": "2.0.61"
    },
    {
        "os_name": "Fedora",
        "os_version": "10",
        "pkg_name": "apache-tomcat",
        "pkg_version": "2.0.73"
    },
    {
        "os_name": "Fedora",
        "os_version": "11",
        "pkg_name": "apache-tomcat",
        "pkg_version": "2.0.80"
    },
    {
        "os_name": "Fedora",
        "os_version": "12",
        "pkg_name": "apache-tomcat",
        "pkg_version": "2.0.87"
    },
    {
        "os_name": "Fedora",
        "os_version": "13",
        "pkg_name": "apache-tomcat",
        "pkg_version": "2.0.90"
    },
    {
        "os_name": "Fedora",
        "os_version": "14",
        "pkg_name": "apache-tomcat",
        "pkg_version": "2.0.96"
    },
    {
        "os_name": "Fedora",
        "os_version": "15",
        "pkg_name": "apache-tomcat",
        "pkg_version": "2.0.99"
    },
    {
        "os_name": "Fedora",
        "os_version": "17",
        "pkg_name": "apache-tomcat",
        "pkg_version": "2.1.10"
    },
    {
        "os_name": "Fedora",
        "os_version": "18",
        "pkg_name": "apache-tomcat",
        "pkg_version": "2.1.12"
    },
    {
        "os_name": "Fedora",
        "os_version": "19",
        "pkg_name": "apache-tomcat",
        "pkg_version": "2.1.13"
    },
    {
        "os_name": "Fedora",
        "os_version": "20",
        "pkg_name": "apache-tomcat",
        "pkg_version": "2.1.13"
    },
    {
        "os_name": "Fedora",
        "os_version": "16",
        "pkg_name": "apache-tomcat",
        "pkg_version": "2.1.5"
    },
    {
        "os_name": "Fedora",
        "os_version": "21",
        "pkg_name": "apache-tomcat",
        "pkg_version": "2.3"
    },
    {
        "os_name": "Fedora",
        "os_version": "22",
        "pkg_name": "apache-tomcat",
        "pkg_version": "2.3"
    },
    {
        "os_name": "Fedora",
        "os_version": "2",
        "pkg_name": "apache-tomcat",
        "pkg_version": "4.1.27"
    },
    {
        "os_name": "Fedora",
        "os_version": "4",
        "pkg_name": "apache-tomcat",
        "pkg_version": "5.0.30"
    },
    {
        "os_name": "Fedora",
        "os_version": "5",
        "pkg_name": "apache-tomcat",
        "pkg_version": "5.5.15"
    },
    {
        "os_name": "Fedora",
        "os_version": "6",
        "pkg_name": "apache-tomcat",
        "pkg_version": "5.5.17"
    },
    {
        "os_name": "Fedora",
        "os_version": "7",
        "pkg_name": "apache-tomcat",
        "pkg_version": "5.5.23"
    },
    {
        "os_name": "Fedora",
        "os_version": "8",
        "pkg_name": "apache-tomcat",
        "pkg_version": "5.5.23"
    },
    {
        "os_name": "Fedora",
        "os_version": "9",
        "pkg_name": "apache-tomcat",
        "pkg_version": "5.5.26"
    },
    {
        "os_name": "Fedora",
        "os_version": "10",
        "pkg_name": "apache-tomcat",
        "pkg_version": "5.5.27"
    },
    {
        "os_name": "Fedora",
        "os_version": "12",
        "pkg_name": "apache-tomcat",
        "pkg_version": "5.5.27"
    },
    {
        "os_name": "Fedora",
        "os_version": "13",
        "pkg_name": "apache-tomcat",
        "pkg_version": "5.5.27"
    },
    {
        "os_name": "Fedora",
        "os_version": "11",
        "pkg_name": "apache-tomcat",
        "pkg_version": "6.0.18"
    },
    {
        "os_name": "Fedora",
        "os_version": "14",
        "pkg_name": "apache-tomcat",
        "pkg_version": "6.0.26"
    },
    {
        "os_name": "Fedora",
        "os_version": "15",
        "pkg_name": "apache-tomcat",
        "pkg_version": "6.0.30"
    },
    {
        "os_name": "Fedora",
        "os_version": "16",
        "pkg_name": "apache-tomcat",
        "pkg_version": "6.0.32"
    },
    {
        "os_name": "Fedora",
        "os_version": "17",
        "pkg_name": "apache-tomcat",
        "pkg_version": "7.0.27"
    },
    {
        "os_name": "Fedora",
        "os_version": "18",
        "pkg_name": "apache-tomcat",
        "pkg_version": "7.0.32"
    },
    {
        "os_name": "Fedora",
        "os_version": "19",
        "pkg_name": "apache-tomcat",
        "pkg_version": "7.0.40"
    },
    {
        "os_name": "Fedora",
        "os_version": "20",
        "pkg_name": "apache-tomcat",
        "pkg_version": "7.0.47"
    },
    {
        "os_name": "Fedora",
        "os_version": "21",
        "pkg_name": "apache-tomcat",
        "pkg_version": "7.0.54"
    },
    {
        "os_name": "Fedora",
        "os_version": "7",
        "pkg_name": "lighttpd",
        "pkg_version": "1.4.15"
    },
    {
        "os_name": "Fedora",
        "os_version": "8",
        "pkg_name": "lighttpd",
        "pkg_version": "1.4.18"
    },
    {
        "os_name": "Fedora",
        "os_version": "9",
        "pkg_name": "lighttpd",
        "pkg_version": "1.4.19"
    },
    {
        "os_name": "Fedora",
        "os_version": "10",
        "pkg_name": "lighttpd",
        "pkg_version": "1.4.20"
    },
    {
        "os_name": "Fedora",
        "os_version": "24",
        "pkg_name": "lighttpd",
        "pkg_version": "1.4.39"
    },
    {
        "os_name": "Fedora",
        "os_version": "1",
        "pkg_name": "mod_perl",
        "pkg_version": "1.99_09"
    },
    {
        "os_name": "Fedora",
        "os_version": "2",
        "pkg_name": "mod_perl",
        "pkg_version": "1.99_12"
    },
    {
        "os_name": "Fedora",
        "os_version": "3",
        "pkg_name": "mod_perl",
        "pkg_version": "1.99_16"
    },
    {
        "os_name": "Fedora",
        "os_version": "4",
        "pkg_name": "mod_perl",
        "pkg_version": "2.0.0rc5"
    },
    {
        "os_name": "Fedora",
        "os_version": "5",
        "pkg_name": "mod_perl",
        "pkg_version": "2.0.2"
    },
    {
        "os_name": "Fedora",
        "os_version": "6",
        "pkg_name": "mod_perl",
        "pkg_version": "2.0.2"
    },
    {
        "os_name": "Fedora",
        "os_version": "7",
        "pkg_name": "mod_perl",
        "pkg_version": "2.0.3"
    },
    {
        "os_name": "Fedora",
        "os_version": "8",
        "pkg_name": "mod_perl",
        "pkg_version": "2.0.3"
    },
    {
        "os_name": "Fedora",
        "os_version": "9",
        "pkg_name": "mod_perl",
        "pkg_version": "2.0.3"
    },
    {
        "os_name": "Fedora",
        "os_version": "10",
        "pkg_name": "mod_perl",
        "pkg_version": "2.0.4"
    },
    {
        "os_name": "Fedora",
        "os_version": "11",
        "pkg_name": "mod_perl",
        "pkg_version": "2.0.4"
    },
    {
        "os_name": "Fedora",
        "os_version": "12",
        "pkg_name": "mod_perl",
        "pkg_version": "2.0.4"
    },
    {
        "os_name": "Fedora",
        "os_version": "13",
        "pkg_name": "mod_perl",
        "pkg_version": "2.0.4"
    },
    {
        "os_name": "Fedora",
        "os_version": "14",
        "pkg_name": "mod_perl",
        "pkg_version": "2.0.4"
    },
    {
        "os_name": "Fedora",
        "os_version": "15",
        "pkg_name": "mod_perl",
        "pkg_version": "2.0.4"
    },
    {
        "os_name": "Fedora",
        "os_version": "16",
        "pkg_name": "mod_perl",
        "pkg_version": "2.0.5"
    },
    {
        "os_name": "Fedora",
        "os_version": "17",
        "pkg_name": "mod_perl",
        "pkg_version": "2.0.5"
    },
    {
        "os_name": "Fedora",
        "os_version": "18",
        "pkg_name": "mod_perl",
        "pkg_version": "2.0.7"
    },
    {
        "os_name": "Fedora",
        "os_version": "19",
        "pkg_name": "mod_perl",
        "pkg_version": "2.0.7"
    },
    {
        "os_name": "Fedora",
        "os_version": "20",
        "pkg_name": "mod_perl",
        "pkg_version": "2.0.8svn"
    },
    {
        "os_name": "Fedora",
        "os_version": "21",
        "pkg_name": "mod_perl",
        "pkg_version": "2.0.8svn"
    },
    {
        "os_name": "Fedora",
        "os_version": "20",
        "pkg_name": "nginx",
        "pkg_version": "1.4.4"
    },
    {
        "os_name": "Fedora",
        "os_version": "1",
        "pkg_name": "nginx",
        "pkg_version": "3.48"
    },
    {
        "os_name": "Fedora",
        "os_version": "2",
        "pkg_name": "nginx",
        "pkg_version": "3.50"
    },
    {
        "os_name": "Fedora",
        "os_version": "3",
        "pkg_name": "nginx",
        "pkg_version": "3.70"
    },
    {
        "os_name": "Fedora",
        "os_version": "4",
        "pkg_name": "nginx",
        "pkg_version": "3.81"
    },
    {
        "os_name": "Fedora",
        "os_version": "5",
        "pkg_name": "nginx",
        "pkg_version": "4.00"
    },
    {
        "os_name": "Fedora",
        "os_version": "6",
        "pkg_name": "nginx",
        "pkg_version": "4.11"
    },
    {
        "os_name": "Fedora",
        "os_version": "7",
        "pkg_name": "nginx",
        "pkg_version": "4.20"
    },
    {
        "os_name": "Fedora",
        "os_version": "8",
        "pkg_name": "nginx",
        "pkg_version": "4.20"
    },
    {
        "os_name": "Fedora",
        "os_version": "9",
        "pkg_name": "nginx",
        "pkg_version": "4.53"
    },
    {
        "os_name": "Fedora",
        "os_version": "10",
        "pkg_name": "nginx",
        "pkg_version": "4.68"
    },
    {
        "os_name": "Fedora",
        "os_version": "11",
        "pkg_name": "nginx",
        "pkg_version": "4.76"
    },
    {
        "os_name": "Fedora",
        "os_version": "12",
        "pkg_name": "nginx",
        "pkg_version": "5.00"
    },
    {
        "os_name": "Fedora",
        "os_version": "13",
        "pkg_name": "nginx",
        "pkg_version": "5.21"
    },
    {
        "os_name": "Fedora",
        "os_version": "14",
        "pkg_name": "nginx",
        "pkg_version": "5.21"
    },
    {
        "os_name": "Fedora",
        "os_version": "15",
        "pkg_name": "nginx",
        "pkg_version": "5.50"
    },
    {
        "os_name": "Fedora",
        "os_version": "16",
        "pkg_name": "nginx",
        "pkg_version": "5.51"
    },
    {
        "os_name": "Fedora",
        "os_version": "17",
        "pkg_name": "nginx",
        "pkg_version": "5.51"
    },
    {
        "os_name": "Fedora",
        "os_version": "18",
        "pkg_name": "nginx",
        "pkg_version": "6.01"
    },
    {
        "os_name": "Fedora",
        "os_version": "19",
        "pkg_name": "nginx",
        "pkg_version": "6.25"
    },
    {
        "os_name": "Fedora",
        "os_version": "20",
        "pkg_name": "nginx",
        "pkg_version": "6.40"
    },
    {
        "os_name": "Fedora",
        "os_version": "21",
        "pkg_name": "nginx",
        "pkg_version": "6.47"
    },
    {
        "os_name": "Fedora",
        "os_version": "22",
        "pkg_name": "nginx",
        "pkg_version": "6.47"
    },
    {
        "os_name": "Fedora",
        "os_version": "1",
        "pkg_name": "openssl",
        "pkg_version": "0.9.7a"
    },
    {
        "os_name": "Fedora",
        "os_version": "2",
        "pkg_name": "openssl",
        "pkg_version": "0.9.7a"
    },
    {
        "os_name": "Fedora",
        "os_version": "3",
        "pkg_name": "openssl",
        "pkg_version": "0.9.7a"
    },
    {
        "os_name": "Fedora",
        "os_version": "4",
        "pkg_name": "openssl",
        "pkg_version": "0.9.7f"
    },
    {
        "os_name": "Fedora",
        "os_version": "5",
        "pkg_name": "openssl",
        "pkg_version": "0.9.8a"
    },
    {
        "os_name": "Fedora",
        "os_version": "6",
        "pkg_name": "openssl",
        "pkg_version": "0.9.8b"
    },
    {
        "os_name": "Fedora",
        "os_version": "7",
        "pkg_name": "openssl",
        "pkg_version": "0.9.8b"
    },
    {
        "os_name": "Fedora",
        "os_version": "8",
        "pkg_name": "openssl",
        "pkg_version": "0.9.8b"
    },
    {
        "os_name": "Fedora",
        "os_version": "10",
        "pkg_name": "openssl",
        "pkg_version": "0.9.8g"
    },
    {
        "os_name": "Fedora",
        "os_version": "9",
        "pkg_name": "openssl",
        "pkg_version": "0.9.8g"
    },
    {
        "os_name": "Fedora",
        "os_version": "11",
        "pkg_name": "openssl",
        "pkg_version": "0.9.8k"
    },
    {
        "os_name": "Fedora",
        "os_version": "13",
        "pkg_name": "openssl",
        "pkg_version": "1.0.0"
    },
    {
        "os_name": "Fedora",
        "os_version": "14",
        "pkg_name": "openssl",
        "pkg_version": "1.0.0a"
    },
    {
        "os_name": "Fedora",
        "os_version": "12",
        "pkg_name": "openssl",
        "pkg_version": "1.0.0beta3"
    },
    {
        "os_name": "Fedora",
        "os_version": "15",
        "pkg_name": "openssl",
        "pkg_version": "1.0.0d"
    },
    {
        "os_name": "Fedora",
        "os_version": "16",
        "pkg_name": "openssl",
        "pkg_version": "1.0.0e"
    },
    {
        "os_name": "Fedora",
        "os_version": "17",
        "pkg_name": "openssl",
        "pkg_version": "1.0.0i"
    },
    {
        "os_name": "Fedora",
        "os_version": "18",
        "pkg_name": "openssl",
        "pkg_version": "1.0.1c"
    },
    {
        "os_name": "Fedora",
        "os_version": "19",
        "pkg_name": "openssl",
        "pkg_version": "1.0.1e"
    },
    {
        "os_name": "Fedora",
        "os_version": "20",
        "pkg_name": "openssl",
        "pkg_version": "1.0.1e"
    },
    {
        "os_name": "Fedora",
        "os_version": "21",
        "pkg_name": "openssl",
        "pkg_version": "1.0.1j"
    },
    {
        "os_name": "Fedora",
        "os_version": "22",
        "pkg_name": "openssl",
        "pkg_version": "1.0.1k"
    },
    {
        "os_name": "Fedora",
        "os_version": "23",
        "pkg_name": "openssl",
        "pkg_version": "1.0.2"
    },
    {
        "os_name": "Fedora",
        "os_version": "23",
        "pkg_name": "openssl",
        "pkg_version": "1.0.2d"
    },
    {
        "os_name": "Fedora",
        "os_version": "24",
        "pkg_name": "openssl",
        "pkg_version": "1.0.2h"
    },
    {
        "os_name": "Fedora",
        "os_version": "1",
        "pkg_name": "perl",
        "pkg_version": "4.3.3"
    },
    {
        "os_name": "Fedora",
        "os_version": "2",
        "pkg_name": "perl",
        "pkg_version": "4.3.4"
    },
    {
        "os_name": "Fedora",
        "os_version": "3",
        "pkg_name": "perl",
        "pkg_version": "4.3.9"
    },
    {
        "os_name": "Fedora",
        "os_version": "4",
        "pkg_name": "perl",
        "pkg_version": "5.0.4"
    },
    {
        "os_name": "Fedora",
        "os_version": "5",
        "pkg_name": "perl",
        "pkg_version": "5.1.2"
    },
    {
        "os_name": "Fedora",
        "os_version": "6",
        "pkg_name": "perl",
        "pkg_version": "5.1.6"
    },
    {
        "os_name": "Fedora",
        "os_version": "10",
        "pkg_name": "perl",
        "pkg_version": "5.10.0"
    },
    {
        "os_name": "Fedora",
        "os_version": "11",
        "pkg_name": "perl",
        "pkg_version": "5.10.0"
    },
    {
        "os_name": "Fedora",
        "os_version": "12",
        "pkg_name": "perl",
        "pkg_version": "5.10.0"
    },
    {
        "os_name": "Fedora",
        "os_version": "9",
        "pkg_name": "perl",
        "pkg_version": "5.10.0"
    },
    {
        "os_name": "Fedora",
        "os_version": "13",
        "pkg_name": "perl",
        "pkg_version": "5.10.1"
    },
    {
        "os_name": "Fedora",
        "os_version": "14",
        "pkg_name": "perl",
        "pkg_version": "5.12.2"
    },
    {
        "os_name": "Fedora",
        "os_version": "15",
        "pkg_name": "perl",
        "pkg_version": "5.12.3"
    },
    {
        "os_name": "Fedora",
        "os_version": "16",
        "pkg_name": "perl",
        "pkg_version": "5.14.1"
    },
    {
        "os_name": "Fedora",
        "os_version": "17",
        "pkg_name": "perl",
        "pkg_version": "5.14.2"
    },
    {
        "os_name": "Fedora",
        "os_version": "18",
        "pkg_name": "perl",
        "pkg_version": "5.16.2"
    },
    {
        "os_name": "Fedora",
        "os_version": "19",
        "pkg_name": "perl",
        "pkg_version": "5.16.3"
    },
    {
        "os_name": "Fedora",
        "os_version": "20",
        "pkg_name": "perl",
        "pkg_version": "5.18.1"
    },
    {
        "os_name": "Fedora",
        "os_version": "21",
        "pkg_name": "perl",
        "pkg_version": "5.18.4"
    },
    {
        "os_name": "Fedora",
        "os_version": "7",
        "pkg_name": "perl",
        "pkg_version": "5.2.2"
    },
    {
        "os_name": "Fedora",
        "os_version": "8",
        "pkg_name": "perl",
        "pkg_version": "5.2.4"
    },
    {
        "os_name": "Fedora",
        "os_version": "9",
        "pkg_name": "perl",
        "pkg_version": "5.2.5"
    },
    {
        "os_name": "Fedora",
        "os_version": "10",
        "pkg_name": "perl",
        "pkg_version": "5.2.6"
    },
    {
        "os_name": "Fedora",
        "os_version": "11",
        "pkg_name": "perl",
        "pkg_version": "5.2.9"
    },
    {
        "os_name": "Fedora",
        "os_version": "22",
        "pkg_name": "perl",
        "pkg_version": "5.20.2"
    },
    {
        "os_name": "Fedora",
        "os_version": "23",
        "pkg_name": "perl",
        "pkg_version": "5.22.0"
    },
    {
        "os_name": "Fedora",
        "os_version": "24",
        "pkg_name": "perl",
        "pkg_version": "5.22.2"
    },
    {
        "os_name": "Fedora",
        "os_version": "12",
        "pkg_name": "perl",
        "pkg_version": "5.3.0"
    },
    {
        "os_name": "Fedora",
        "os_version": "13",
        "pkg_name": "perl",
        "pkg_version": "5.3.1"
    },
    {
        "os_name": "Fedora",
        "os_version": "14",
        "pkg_name": "perl",
        "pkg_version": "5.3.3"
    },
    {
        "os_name": "Fedora",
        "os_version": "15",
        "pkg_name": "perl",
        "pkg_version": "5.3.6"
    },
    {
        "os_name": "Fedora",
        "os_version": "16",
        "pkg_name": "perl",
        "pkg_version": "5.3.8"
    },
    {
        "os_name": "Fedora",
        "os_version": "17",
        "pkg_name": "perl",
        "pkg_version": "5.4.1"
    },
    {
        "os_name": "Fedora",
        "os_version": "18",
        "pkg_name": "perl",
        "pkg_version": "5.4.9"
    },
    {
        "os_name": "Fedora",
        "os_version": "19",
        "pkg_name": "perl",
        "pkg_version": "5.5.0"
    },
    {
        "os_name": "Fedora",
        "os_version": "20",
        "pkg_name": "perl",
        "pkg_version": "5.5.6"
    },
    {
        "os_name": "Fedora",
        "os_version": "21",
        "pkg_name": "perl",
        "pkg_version": "5.6.2"
    },
    {
        "os_name": "Fedora",
        "os_version": "1",
        "pkg_name": "perl",
        "pkg_version": "5.8.1"
    },
    {
        "os_name": "Fedora",
        "os_version": "2",
        "pkg_name": "perl",
        "pkg_version": "5.8.3"
    },
    {
        "os_name": "Fedora",
        "os_version": "3",
        "pkg_name": "perl",
        "pkg_version": "5.8.5"
    },
    {
        "os_name": "Fedora",
        "os_version": "4",
        "pkg_name": "perl",
        "pkg_version": "5.8.6"
    },
    {
        "os_name": "Fedora",
        "os_version": "5",
        "pkg_name": "perl",
        "pkg_version": "5.8.8"
    },
    {
        "os_name": "Fedora",
        "os_version": "6",
        "pkg_name": "perl",
        "pkg_version": "5.8.8"
    },
    {
        "os_name": "Fedora",
        "os_version": "7",
        "pkg_name": "perl",
        "pkg_version": "5.8.8"
    },
    {
        "os_name": "Fedora",
        "os_version": "8",
        "pkg_name": "perl",
        "pkg_version": "5.8.8"
    },
    {
        "os_name": "Fedora",
        "os_version": "1",
        "pkg_name": "php",
        "pkg_version": "4.3.3"
    },
    {
        "os_name": "Fedora",
        "os_version": "2",
        "pkg_name": "php",
        "pkg_version": "4.3.4"
    },
    {
        "os_name": "Fedora",
        "os_version": "3",
        "pkg_name": "php",
        "pkg_version": "4.3.9"
    },
    {
        "os_name": "Fedora",
        "os_version": "4",
        "pkg_name": "php",
        "pkg_version": "5.0.4"
    },
    {
        "os_name": "Fedora",
        "os_version": "5",
        "pkg_name": "php",
        "pkg_version": "5.1.2"
    },
    {
        "os_name": "Fedora",
        "os_version": "6",
        "pkg_name": "php",
        "pkg_version": "5.1.6"
    },
    {
        "os_name": "Fedora",
        "os_version": "7",
        "pkg_name": "php",
        "pkg_version": "5.2.2"
    },
    {
        "os_name": "Fedora",
        "os_version": "8",
        "pkg_name": "php",
        "pkg_version": "5.2.4"
    },
    {
        "os_name": "Fedora",
        "os_version": "9",
        "pkg_name": "php",
        "pkg_version": "5.2.5"
    },
    {
        "os_name": "Fedora",
        "os_version": "10",
        "pkg_name": "php",
        "pkg_version": "5.2.6"
    },
    {
        "os_name": "Fedora",
        "os_version": "11",
        "pkg_name": "php",
        "pkg_version": "5.2.9"
    },
    {
        "os_name": "Fedora",
        "os_version": "12",
        "pkg_name": "php",
        "pkg_version": "5.3.0"
    },
    {
        "os_name": "Fedora",
        "os_version": "13",
        "pkg_name": "php",
        "pkg_version": "5.3.1"
    },
    {
        "os_name": "Fedora",
        "os_version": "14",
        "pkg_name": "php",
        "pkg_version": "5.3.3"
    },
    {
        "os_name": "Fedora",
        "os_version": "15",
        "pkg_name": "php",
        "pkg_version": "5.3.6"
    },
    {
        "os_name": "Fedora",
        "os_version": "16",
        "pkg_name": "php",
        "pkg_version": "5.3.8"
    },
    {
        "os_name": "Fedora",
        "os_version": "17",
        "pkg_name": "php",
        "pkg_version": "5.4.1"
    },
    {
        "os_name": "Fedora",
        "os_version": "18",
        "pkg_name": "php",
        "pkg_version": "5.4.9"
    },
    {
        "os_name": "Fedora",
        "os_version": "19",
        "pkg_name": "php",
        "pkg_version": "5.5.0"
    },
    {
        "os_name": "Fedora",
        "os_version": "20",
        "pkg_name": "php",
        "pkg_version": "5.5.6"
    },
    {
        "os_name": "Fedora",
        "os_version": "21",
        "pkg_name": "php",
        "pkg_version": "5.6.2"
    },
    {
        "os_name": "Fedora",
        "os_version": "24",
        "pkg_name": "php",
        "pkg_version": "5.6.22"
    },
    {
        "os_name": "Fedora",
        "os_version": "1",
        "pkg_name": "phpMyAdmin",
        "pkg_version": "0.71"
    },
    {
        "os_name": "Fedora",
        "os_version": "2",
        "pkg_name": "phpMyAdmin",
        "pkg_version": "0.77"
    },
    {
        "os_name": "Fedora",
        "os_version": "3",
        "pkg_name": "phpMyAdmin",
        "pkg_version": "1.0.1"
    },
    {
        "os_name": "Fedora",
        "os_version": "4",
        "pkg_name": "phpMyAdmin",
        "pkg_version": "1.3.0"
    },
    {
        "os_name": "Fedora",
        "os_version": "5",
        "pkg_name": "phpMyAdmin",
        "pkg_version": "1.5.0"
    },
    {
        "os_name": "Fedora",
        "os_version": "7",
        "pkg_name": "phpMyAdmin",
        "pkg_version": "2.0.0"
    },
    {
        "os_name": "Fedora",
        "os_version": "6",
        "pkg_name": "phpMyAdmin",
        "pkg_version": "2.0.0beta3"
    },
    {
        "os_name": "Fedora",
        "os_version": "18",
        "pkg_name": "phpMyAdmin",
        "pkg_version": "2.10.6"
    },
    {
        "os_name": "Fedora",
        "os_version": "19",
        "pkg_name": "phpMyAdmin",
        "pkg_version": "2.10.7"
    },
    {
        "os_name": "Fedora",
        "os_version": "20",
        "pkg_name": "phpMyAdmin",
        "pkg_version": "2.10.7"
    },
    {
        "os_name": "Fedora",
        "os_version": "8",
        "pkg_name": "phpMyAdmin",
        "pkg_version": "2.2.2"
    },
    {
        "os_name": "Fedora",
        "os_version": "9",
        "pkg_name": "phpMyAdmin",
        "pkg_version": "2.4.1"
    },
    {
        "os_name": "Fedora",
        "os_version": "10",
        "pkg_name": "phpMyAdmin",
        "pkg_version": "2.5.2"
    },
    {
        "os_name": "Fedora",
        "os_version": "11",
        "pkg_name": "phpMyAdmin",
        "pkg_version": "2.5.5"
    },
    {
        "os_name": "Fedora",
        "os_version": "24",
        "pkg_name": "phpMyAdmin",
        "pkg_version": "4.6.1"
    },
    {
        "os_name": "Fedora",
        "os_version": "1",
        "pkg_name": "ruby",
        "pkg_version": "1.8.0"
    },
    {
        "os_name": "Fedora",
        "os_version": "2",
        "pkg_name": "ruby",
        "pkg_version": "1.8.1"
    },
    {
        "os_name": "Fedora",
        "os_version": "3",
        "pkg_name": "ruby",
        "pkg_version": "1.8.1"
    },
    {
        "os_name": "Fedora",
        "os_version": "4",
        "pkg_name": "ruby",
        "pkg_version": "1.8.2"
    },
    {
        "os_name": "Fedora",
        "os_version": "5",
        "pkg_name": "ruby",
        "pkg_version": "1.8.4"
    },
    {
        "os_name": "Fedora",
        "os_version": "6",
        "pkg_name": "ruby",
        "pkg_version": "1.8.5"
    },
    {
        "os_name": "Fedora",
        "os_version": "7",
        "pkg_name": "ruby",
        "pkg_version": "1.8.6"
    },
    {
        "os_name": "Fedora",
        "os_version": "8",
        "pkg_name": "ruby",
        "pkg_version": "1.8.6-p110"
    },
    {
        "os_name": "Fedora",
        "os_version": "9",
        "pkg_name": "ruby",
        "pkg_version": "1.8.6-p114"
    },
    {
        "os_name": "Fedora",
        "os_version": "17",
        "pkg_name": "ruby",
        "pkg_version": "1.9.3-p194"
    },
    {
        "os_name": "Fedora",
        "os_version": "18",
        "pkg_name": "ruby",
        "pkg_version": "1.9.3-p327"
    },
    {
        "os_name": "Fedora",
        "os_version": "19",
        "pkg_name": "ruby",
        "pkg_version": "2.0.0-p195"
    },
    {
        "os_name": "Fedora",
        "os_version": "20",
        "pkg_name": "ruby",
        "pkg_version": "2.0.0-p247"
    },
    {
        "os_name": "Fedora",
        "os_version": "21",
        "pkg_name": "ruby",
        "pkg_version": "2.1.4"
    },
    {
        "os_name": "Fedora",
        "os_version": "1",
        "pkg_name": "ruby",
        "pkg_version": "3.0.0"
    },
    {
        "os_name": "Fedora",
        "os_version": "4",
        "pkg_name": "ruby",
        "pkg_version": "3.0.14a"
    },
    {
        "os_name": "Fedora",
        "os_version": "5",
        "pkg_name": "ruby",
        "pkg_version": "3.0.21b"
    },
    {
        "os_name": "Fedora",
        "os_version": "6",
        "pkg_name": "ruby",
        "pkg_version": "3.0.23c"
    },
    {
        "os_name": "Fedora",
        "os_version": "7",
        "pkg_name": "ruby",
        "pkg_version": "3.0.25"
    },
    {
        "os_name": "Fedora",
        "os_version": "8",
        "pkg_name": "ruby",
        "pkg_version": "3.0.26a"
    },
    {
        "os_name": "Fedora",
        "os_version": "2",
        "pkg_name": "ruby",
        "pkg_version": "3.0.3"
    },
    {
        "os_name": "Fedora",
        "os_version": "3",
        "pkg_name": "ruby",
        "pkg_version": "3.0.8pre1"
    },
    {
        "os_name": "Fedora",
        "os_version": "9",
        "pkg_name": "ruby",
        "pkg_version": "3.2.0pre3"
    },
    {
        "os_name": "Fedora",
        "os_version": "10",
        "pkg_name": "ruby",
        "pkg_version": "3.2.4"
    },
    {
        "os_name": "Fedora",
        "os_version": "11",
        "pkg_name": "ruby",
        "pkg_version": "3.3.2"
    },
    {
        "os_name": "Fedora",
        "os_version": "12",
        "pkg_name": "ruby",
        "pkg_version": "3.4.2"
    },
    {
        "os_name": "Fedora",
        "os_version": "13",
        "pkg_name": "ruby",
        "pkg_version": "3.5.2"
    },
    {
        "os_name": "Fedora",
        "os_version": "14",
        "pkg_name": "ruby",
        "pkg_version": "3.5.5"
    },
    {
        "os_name": "Fedora",
        "os_version": "15",
        "pkg_name": "ruby",
        "pkg_version": "3.5.8"
    },
    {
        "os_name": "Fedora",
        "os_version": "16",
        "pkg_name": "ruby",
        "pkg_version": "3.6.0"
    },
    {
        "os_name": "Fedora",
        "os_version": "17",
        "pkg_name": "ruby",
        "pkg_version": "3.6.5"
    },
    {
        "os_name": "Fedora",
        "os_version": "18",
        "pkg_name": "ruby",
        "pkg_version": "4.0.0"
    },
    {
        "os_name": "Fedora",
        "os_version": "19",
        "pkg_name": "ruby",
        "pkg_version": "4.0.6"
    },
    {
        "os_name": "Fedora",
        "os_version": "20",
        "pkg_name": "ruby",
        "pkg_version": "4.1.1"
    },
    {
        "os_name": "Fedora",
        "os_version": "21",
        "pkg_name": "ruby",
        "pkg_version": "4.1.12"
    },
    {
        "os_name": "Fedora",
        "os_version": "22",
        "pkg_name": "ruby",
        "pkg_version": "4.2.1"
    },
    {
        "os_name": "Fedora",
        "os_version": "1",
        "pkg_name": "subversion",
        "pkg_version": "0.32.1"
    },
    {
        "os_name": "Fedora",
        "os_version": "2",
        "pkg_name": "subversion",
        "pkg_version": "0.9.10"
    },
    {
        "os_name": "Fedora",
        "os_version": "3",
        "pkg_name": "subversion",
        "pkg_version": "0.9.12"
    },
    {
        "os_name": "Fedora",
        "os_version": "1",
        "pkg_name": "subversion",
        "pkg_version": "0.9.7"
    },
    {
        "os_name": "Fedora",
        "os_version": "2",
        "pkg_name": "subversion",
        "pkg_version": "1.0.2"
    },
    {
        "os_name": "Fedora",
        "os_version": "3",
        "pkg_name": "subversion",
        "pkg_version": "1.1.0"
    },
    {
        "os_name": "Fedora",
        "os_version": "4",
        "pkg_name": "subversion",
        "pkg_version": "1.1.4"
    },
    {
        "os_name": "Fedora",
        "os_version": "5",
        "pkg_name": "subversion",
        "pkg_version": "1.3.0"
    },
    {
        "os_name": "Fedora",
        "os_version": "6",
        "pkg_name": "subversion",
        "pkg_version": "1.3.2"
    },
    {
        "os_name": "Fedora",
        "os_version": "7",
        "pkg_name": "subversion",
        "pkg_version": "1.4.3"
    },
    {
        "os_name": "Fedora",
        "os_version": "8",
        "pkg_name": "subversion",
        "pkg_version": "1.4.4"
    },
    {
        "os_name": "Fedora",
        "os_version": "9",
        "pkg_name": "subversion",
        "pkg_version": "1.4.6"
    },
    {
        "os_name": "Fedora",
        "os_version": "10",
        "pkg_name": "subversion",
        "pkg_version": "1.5.4"
    },
    {
        "os_name": "Fedora",
        "os_version": "11",
        "pkg_name": "subversion",
        "pkg_version": "1.6.1"
    },
    {
        "os_name": "Fedora",
        "os_version": "14",
        "pkg_name": "subversion",
        "pkg_version": "1.6.12"
    },
    {
        "os_name": "Fedora",
        "os_version": "15",
        "pkg_name": "subversion",
        "pkg_version": "1.6.16"
    },
    {
        "os_name": "Fedora",
        "os_version": "16",
        "pkg_name": "subversion",
        "pkg_version": "1.6.17"
    },
    {
        "os_name": "Fedora",
        "os_version": "12",
        "pkg_name": "subversion",
        "pkg_version": "1.6.5"
    },
    {
        "os_name": "Fedora",
        "os_version": "13",
        "pkg_name": "subversion",
        "pkg_version": "1.6.9"
    },
    {
        "os_name": "Fedora",
        "os_version": "19",
        "pkg_name": "subversion",
        "pkg_version": "1.7.10"
    },
    {
        "os_name": "Fedora",
        "os_version": "17",
        "pkg_name": "subversion",
        "pkg_version": "1.7.4"
    },
    {
        "os_name": "Fedora",
        "os_version": "18",
        "pkg_name": "subversion",
        "pkg_version": "1.7.7"
    },
    {
        "os_name": "Fedora",
        "os_version": "21",
        "pkg_name": "subversion",
        "pkg_version": "1.8.10"
    },
    {
        "os_name": "Fedora",
        "os_version": "20",
        "pkg_name": "subversion",
        "pkg_version": "1.8.3"
    },
    {
        "os_name": "Fedora",
        "os_version": "18",
        "pkg_name": "subversion",
        "pkg_version": "3.3.0"
    },
    {
        "os_name": "Fedora",
        "os_version": "19",
        "pkg_name": "subversion",
        "pkg_version": "3.4.0beta3"
    },
    {
        "os_name": "Fedora",
        "os_version": "20",
        "pkg_name": "subversion",
        "pkg_version": "3.4.0beta5"
    },
    {
        "os_name": "Fedora",
        "os_version": "5",
        "pkg_name": "webmin",
        "pkg_version": "1.10.2"
    },
    {
        "os_name": "Fedora",
        "os_version": "6",
        "pkg_name": "webmin",
        "pkg_version": "1.10.2"
    },
    {
        "os_name": "Fedora",
        "os_version": "7",
        "pkg_name": "webmin",
        "pkg_version": "1.10.2"
    },
    {
        "os_name": "Fedora",
        "os_version": "8",
        "pkg_name": "webmin",
        "pkg_version": "1.10.2"
    },
    {
        "os_name": "Fedora",
        "os_version": "9",
        "pkg_name": "webmin",
        "pkg_version": "1.11.1"
    },
    {
        "os_name": "Fedora",
        "os_version": "10",
        "pkg_name": "webmin",
        "pkg_version": "1.11.4"
    },
    {
        "os_name": "Fedora",
        "os_version": "11",
        "pkg_name": "webmin",
        "pkg_version": "1.11.4"
    },
    {
        "os_name": "Fedora",
        "os_version": "12",
        "pkg_name": "webmin",
        "pkg_version": "1.11.4"
    },
    {
        "os_name": "Fedora",
        "os_version": "13",
        "pkg_name": "webmin",
        "pkg_version": "1.12"
    },
    {
        "os_name": "Fedora",
        "os_version": "14",
        "pkg_name": "webmin",
        "pkg_version": "1.12"
    },
    {
        "os_name": "Fedora",
        "os_version": "15",
        "pkg_name": "webmin",
        "pkg_version": "1.12"
    },
    {
        "os_name": "Fedora",
        "os_version": "16",
        "pkg_name": "webmin",
        "pkg_version": "1.12"
    },
    {
        "os_name": "Fedora",
        "os_version": "17",
        "pkg_name": "webmin",
        "pkg_version": "1.13.4"
    },
    {
        "os_name": "Fedora",
        "os_version": "18",
        "pkg_name": "webmin",
        "pkg_version": "1.14"
    },
    {
        "os_name": "Fedora",
        "os_version": "19",
        "pkg_name": "webmin",
        "pkg_version": "1.14"
    },
    {
        "os_name": "Fedora",
        "os_version": "20",
        "pkg_name": "webmin",
        "pkg_version": "1.14"
    },
    {
        "os_name": "Fedora",
        "os_version": "21",
        "pkg_name": "webmin",
        "pkg_version": "1.15"
    },
    {
        "os_name": "Fedora",
        "os_version": "22",
        "pkg_name": "webmin",
        "pkg_version": "1.16.3"
    },
    {
        "os_name": "Fedora",
        "os_version": "1",
        "pkg_name": "webmin",
        "pkg_version": "1.8.2"
    },
    {
        "os_name": "Fedora",
        "os_version": "2",
        "pkg_name": "webmin",
        "pkg_version": "1.9.1"
    },
    {
        "os_name": "Fedora",
        "os_version": "3",
        "pkg_name": "webmin",
        "pkg_version": "1.9.1"
    },
    {
        "os_name": "Fedora",
        "os_version": "4",
        "pkg_name": "webmin",
        "pkg_version": "1.9.1"
    },
    {
        "os_name": "Fedora",
        "os_version": "9",
        "pkg_name": "wordpress",
        "pkg_version": "2.5.1"
    },
    {
        "os_name": "Fedora",
        "os_version": "10",
        "pkg_name": "wordpress",
        "pkg_version": "2.6.3"
    },
    {
        "os_name": "Fedora",
        "os_version": "2",
        "pkg_name": "wordpress",
        "pkg_version": "4.0.5"
    },
    {
        "os_name": "Fedora",
        "os_version": "3",
        "pkg_name": "wordpress",
        "pkg_version": "4.0.6"
    },
    {
        "os_name": "Fedora",
        "os_version": "18",
        "pkg_name": "wordpress",
        "pkg_version": "4.10.0"
    },
    {
        "os_name": "Fedora",
        "os_version": "19",
        "pkg_name": "wordpress",
        "pkg_version": "4.10.2"
    },
    {
        "os_name": "Fedora",
        "os_version": "20",
        "pkg_name": "wordpress",
        "pkg_version": "4.10.2"
    },
    {
        "os_name": "Fedora",
        "os_version": "24",
        "pkg_name": "wordpress",
        "pkg_version": "4.5.2"
    },
    {
        "os_name": "Fedora",
        "os_version": "15",
        "pkg_name": "wordpress",
        "pkg_version": "4.8.2"
    },
    {
        "os_name": "Fedora",
        "os_version": "16",
        "pkg_name": "wordpress",
        "pkg_version": "4.8.3"
    },
    {
        "os_name": "Fedora",
        "os_version": "17",
        "pkg_name": "wordpress",
        "pkg_version": "4.8.3"
    }
]