[
    {
        "os_name": "openSUSE",
        "os_version": "8.1",
        "pkg_name": "Apache",
        "pkg_version": "2.0.40"
    },
    {
        "os_name": "openSUSE",
        "os_version": "8.2",
        "pkg_name": "Apache",
        "pkg_version": "2.0.44"
    },
    {
        "os_name": "openSUSE",
        "os_version": "9.0",
        "pkg_name": "Apache",
        "pkg_version": "2.0.47"
    },
    {
        "os_name": "openSUSE",
        "os_version": "9.1",
        "pkg_name": "Apache",
        "pkg_version": "2.0.49"
    },
    {
        "os_name": "openSUSE",
        "os_version": "9.2",
        "pkg_name": "Apache",
        "pkg_version": "2.0.50"
    },
    {
        "os_name": "openSUSE",
        "os_version": "9.3",
        "pkg_name": "Apache",
        "pkg_version": "2.0.53"
    },
    {
        "os_name": "openSUSE",
        "os_version": "10.0",
        "pkg_name": "Apache",
        "pkg_version": "2.0.54"
    },
    {
        "os_name": "openSUSE",
        "os_version": "10.1",
        "pkg_name": "Apache",
        "pkg_version": "2.2.0"
    },
    {
        "os_name": "openSUSE",
        "os_version": "11.1",
        "pkg_name": "Apache",
        "pkg_version": "2.2.10"
    },
    {
        "os_name": "openSUSE",
        "os_version": "11.2",
        "pkg_name": "Apache",
        "pkg_version": "2.2.13"
    },
    {
        "os_name": "openSUSE",
        "os_version": "11.3",
        "pkg_name": "Apache",
        "pkg_version": "2.2.15"
    },
    {
        "os_name": "openSUSE",
        "os_version": "11.4",
        "pkg_name": "Apache",
        "pkg_version": "2.2.17"
    },
    {
        "os_name": "openSUSE",
        "os_version": "12.1",
        "pkg_name": "Apache",
        "pkg_version": "2.2.21"
    },
    {
        "os_name": "openSUSE",
        "os_version": "12.2",
        "pkg_name": "Apache",
        "pkg_version": "2.2.22"
    },
    {
        "os_name": "openSUSE",
        "os_version": "12.3",
        "pkg_name": "Apache",
        "pkg_version": "2.2.22"
    },
    {
        "os_name": "openSUSE",
        "os_version": "10.2",
        "pkg_name": "Apache",
        "pkg_version": "2.2.3"
    },
    {
        "os_name": "openSUSE",
        "os_version": "10.3",
        "pkg_name": "Apache",
        "pkg_version": "2.2.4"
    },
    {
        "os_name": "openSUSE",
        "os_version": "11.0",
        "pkg_name": "Apache",
        "pkg_version": "2.2.8"
    },
    {
        "os_name": "openSUSE",
        "os_version": "13.2",
        "pkg_name": "Apache",
        "pkg_version": "2.4.10"
    },
    {
        "os_name": "openSUSE",
        "os_version": "tumbleweed",
        "pkg_name": "Apache",
        "pkg_version": "2.4.12"
    },
    {
        "os_name": "openSUSE",
        "os_version": "tumbleweed",
        "pkg_name": "Apache",
        "pkg_version": "2.4.16"
    },
    {
        "os_name": "openSUSE",
        "os_version": "tumbleweed",
        "pkg_name": "Apache",
        "pkg_version": "2.4.17"
    },
    {
        "os_name": "openSUSE",
        "os_version": "tumbleweed",
        "pkg_name": "Apache",
        "pkg_version": "2.4.18"
    },
    {
        "os_name": "openSUSE",
        "os_version": "tumbleweed",
        "pkg_name": "Apache",
        "pkg_version": "2.4.20"
    },
    {
        "os_name": "openSUSE",
        "os_version": "tumbleweed",
        "pkg_name": "Apache",
        "pkg_version": "2.4.23"
    },
    {
        "os_name": "openSUSE",
        "os_version": "13.1",
        "pkg_name": "Apache",
        "pkg_version": "2.4.6"
    },
    {
        "os_name": "openSUSE",
        "os_version": "7.0",
        "pkg_name": "Apache",
        "pkg_version": "8.11.0"
    },
    {
        "os_name": "openSUSE",
        "os_version": "7.1",
        "pkg_name": "Apache",
        "pkg_version": "8.11.2"
    },
    {
        "os_name": "openSUSE",
        "os_version": "7.2",
        "pkg_name": "Apache",
        "pkg_version": "8.11.3"
    },
    {
        "os_name": "openSUSE",
        "os_version": "7.3",
        "pkg_name": "Apache",
        "pkg_version": "8.11.6"
    },
    {
        "os_name": "openSUSE",
        "os_version": "9.0",
        "pkg_name": "Apache",
        "pkg_version": "8.12.10"
    },
    {
        "os_name": "openSUSE",
        "os_version": "9.1",
        "pkg_name": "Apache",
        "pkg_version": "8.12.10"
    },
    {
        "os_name": "openSUSE",
        "os_version": "8.0",
        "pkg_name": "Apache",
        "pkg_version": "8.12.2"
    },
    {
        "os_name": "openSUSE",
        "os_version": "8.1",
        "pkg_name": "Apache",
        "pkg_version": "8.12.6"
    },
    {
        "os_name": "openSUSE",
        "os_version": "8.2",
        "pkg_name": "Apache",
        "pkg_version": "8.12.7"
    },
    {
        "os_name": "openSUSE",
        "os_version": "9.2",
        "pkg_name": "Apache",
        "pkg_version": "8.13.1"
    },
    {
        "os_name": "openSUSE",
        "os_version": "9.3",
        "pkg_name": "Apache",
        "pkg_version": "8.13.3"
    },
    {
        "os_name": "openSUSE",
        "os_version": "10.0",
        "pkg_name": "Apache",
        "pkg_version": "8.13.4"
    },
    {
        "os_name": "openSUSE",
        "os_version": "10.1",
        "pkg_name": "Apache",
        "pkg_version": "8.13.6"
    },
    {
        "os_name": "openSUSE",
        "os_version": "10.2",
        "pkg_name": "Apache",
        "pkg_version": "8.13.8"
    },
    {
        "os_name": "openSUSE",
        "os_version": "10.3",
        "pkg_name": "Apache",
        "pkg_version": "8.14.1"
    },
    {
        "os_name": "openSUSE",
        "os_version": "11.0",
        "pkg_name": "Apache",
        "pkg_version": "8.14.3"
    },
    {
        "os_name": "openSUSE",
        "os_version": "11.1",
        "pkg_name": "Apache",
        "pkg_version": "8.14.3"
    },
    {
        "os_name": "openSUSE",
        "os_version": "11.2",
        "pkg_name": "Apache",
        "pkg_version": "8.14.3"
    },
    {
        "os_name": "openSUSE",
        "os_version": "11.3",
        "pkg_name": "Apache",
        "pkg_version": "8.14.4"
    },
    {
        "os_name": "openSUSE",
        "os_version": "11.4",
        "pkg_name": "Apache",
        "pkg_version": "8.14.4"
    },
    {
        "os_name": "openSUSE",
        "os_version": "12.1",
        "pkg_name": "Apache",
        "pkg_version": "8.14.5"
    },
    {
        "os_name": "openSUSE",
        "os_version": "12.2",
        "pkg_name": "Apache",
        "pkg_version": "8.14.5"
    },
    {
        "os_name": "openSUSE",
        "os_version": "12.3",
        "pkg_name": "Apache",
        "pkg_version": "8.14.5"
    },
    {
        "os_name": "openSUSE",
        "os_version": "13.1",
        "pkg_name": "Apache",
        "pkg_version": "8.14.7"
    },
    {
        "os_name": "openSUSE",
        "os_version": "13.2",
        "pkg_name": "Apache",
        "pkg_version": "8.14.9"
    },
    {
        "os_name": "openSUSE",
        "os_version": "tumbleweed",
        "pkg_name": "Apache",
        "pkg_version": "8.14.9"
    },
    {
        "os_name": "openSUSE",
        "os_version": "5.2",
        "pkg_name": "Apache",
        "pkg_version": "8.8.8"
    },
    {
        "os_name": "openSUSE",
        "os_version": "5.3",
        "pkg_name": "Apache",
        "pkg_version": "8.8.8"
    },
    {
        "os_name": "openSUSE",
        "os_version": "6.0",
        "pkg_name": "Apache",
        "pkg_version": "8.8.8"
    },
    {
        "os_name": "openSUSE",
        "os_version": "6.1",
        "pkg_name": "Apache",
        "pkg_version": "8.9.3"
    },
    {
        "os_name": "openSUSE",
        "os_version": "6.2",
        "pkg_name": "Apache",
        "pkg_version": "8.9.3"
    },
    {
        "os_name": "openSUSE",
        "os_version": "6.3",
        "pkg_name": "Apache",
        "pkg_version": "8.9.3"
    },
    {
        "os_name": "openSUSE",
        "os_version": "6.4",
        "pkg_name": "Apache",
        "pkg_version": "8.9.3"
    },
    {
        "os_name": "openSUSE",
        "os_version": "9.2",
        "pkg_name": "apache-tomcat",
        "pkg_version": "1.16"
    },
    {
        "os_name": "openSUSE",
        "os_version": "9.3",
        "pkg_name": "apache-tomcat",
        "pkg_version": "1.21.7"
    },
    {
        "os_name": "openSUSE",
        "os_version": "10.0",
        "pkg_name": "apache-tomcat",
        "pkg_version": "1.23.11"
    },
    {
        "os_name": "openSUSE",
        "os_version": "9.1",
        "pkg_name": "apache-tomcat",
        "pkg_version": "1.8"
    },
    {
        "os_name": "openSUSE",
        "os_version": "11.1",
        "pkg_name": "apache-tomcat",
        "pkg_version": "2.0.71"
    },
    {
        "os_name": "openSUSE",
        "os_version": "11.2",
        "pkg_name": "apache-tomcat",
        "pkg_version": "2.0.80"
    },
    {
        "os_name": "openSUSE",
        "os_version": "11.3",
        "pkg_name": "apache-tomcat",
        "pkg_version": "2.0.91"
    },
    {
        "os_name": "openSUSE",
        "os_version": "11.4",
        "pkg_name": "apache-tomcat",
        "pkg_version": "2.0.91"
    },
    {
        "os_name": "openSUSE",
        "os_version": "12.1",
        "pkg_name": "apache-tomcat",
        "pkg_version": "2.0.91"
    },
    {
        "os_name": "openSUSE",
        "os_version": "12.2",
        "pkg_name": "apache-tomcat",
        "pkg_version": "2.0.91"
    },
    {
        "os_name": "openSUSE",
        "os_version": "13.1",
        "pkg_name": "apache-tomcat",
        "pkg_version": "2.1.13"
    },
    {
        "os_name": "openSUSE",
        "os_version": "12.3",
        "pkg_name": "apache-tomcat",
        "pkg_version": "2.1.9"
    },
    {
        "os_name": "openSUSE",
        "os_version": "13.2",
        "pkg_name": "apache-tomcat",
        "pkg_version": "2.3"
    },
    {
        "os_name": "openSUSE",
        "os_version": "tumbleweed",
        "pkg_name": "apache-tomcat",
        "pkg_version": "2.3"
    },
    {
        "os_name": "openSUSE",
        "os_version": "8.0",
        "pkg_name": "apache-tomcat",
        "pkg_version": "4.0.1"
    },
    {
        "os_name": "openSUSE",
        "os_version": "8.1",
        "pkg_name": "apache-tomcat",
        "pkg_version": "4.0.4"
    },
    {
        "os_name": "openSUSE",
        "os_version": "8.2",
        "pkg_name": "apache-tomcat",
        "pkg_version": "4.1.18"
    },
    {
        "os_name": "openSUSE",
        "os_version": "9.0",
        "pkg_name": "apache-tomcat",
        "pkg_version": "4.1.27"
    },
    {
        "os_name": "openSUSE",
        "os_version": "9.1",
        "pkg_name": "apache-tomcat",
        "pkg_version": "5.0.19"
    },
    {
        "os_name": "openSUSE",
        "os_version": "9.2",
        "pkg_name": "apache-tomcat",
        "pkg_version": "5.0.27"
    },
    {
        "os_name": "openSUSE",
        "os_version": "10.0",
        "pkg_name": "apache-tomcat",
        "pkg_version": "5.0.30"
    },
    {
        "os_name": "openSUSE",
        "os_version": "10.1",
        "pkg_name": "apache-tomcat",
        "pkg_version": "5.0.30"
    },
    {
        "os_name": "openSUSE",
        "os_version": "10.2",
        "pkg_name": "apache-tomcat",
        "pkg_version": "5.0.30"
    },
    {
        "os_name": "openSUSE",
        "os_version": "9.3",
        "pkg_name": "apache-tomcat",
        "pkg_version": "5.0.30"
    },
    {
        "os_name": "openSUSE",
        "os_version": "10.3",
        "pkg_name": "apache-tomcat",
        "pkg_version": "5.5.23"
    },
    {
        "os_name": "openSUSE",
        "os_version": "11.0",
        "pkg_name": "apache-tomcat",
        "pkg_version": "6.0.16"
    },
    {
        "os_name": "openSUSE",
        "os_version": "11.1",
        "pkg_name": "apache-tomcat",
        "pkg_version": "6.0.18"
    },
    {
        "os_name": "openSUSE",
        "os_version": "11.2",
        "pkg_name": "apache-tomcat",
        "pkg_version": "6.0.20"
    },
    {
        "os_name": "openSUSE",
        "os_version": "11.3",
        "pkg_name": "apache-tomcat",
        "pkg_version": "6.0.24"
    },
    {
        "os_name": "openSUSE",
        "os_version": "11.4",
        "pkg_name": "apache-tomcat",
        "pkg_version": "6.0.32"
    },
    {
        "os_name": "openSUSE",
        "os_version": "12.1",
        "pkg_name": "apache-tomcat",
        "pkg_version": "6.0.33"
    },
    {
        "os_name": "openSUSE",
        "os_version": "10.1",
        "pkg_name": "lighttpd",
        "pkg_version": "1.4.10"
    },
    {
        "os_name": "openSUSE",
        "os_version": "10.2",
        "pkg_name": "lighttpd",
        "pkg_version": "1.4.13"
    },
    {
        "os_name": "openSUSE",
        "os_version": "10.3",
        "pkg_name": "lighttpd",
        "pkg_version": "1.4.17"
    },
    {
        "os_name": "openSUSE",
        "os_version": "11.0",
        "pkg_name": "lighttpd",
        "pkg_version": "1.4.19"
    },
    {
        "os_name": "openSUSE",
        "os_version": "11.1",
        "pkg_name": "lighttpd",
        "pkg_version": "1.4.20"
    },
    {
        "os_name": "openSUSE",
        "os_version": "tumbleweed",
        "pkg_name": "lighttpd",
        "pkg_version": "1.4.35"
    },
    {
        "os_name": "openSUSE",
        "os_version": "tumbleweed",
        "pkg_name": "lighttpd",
        "pkg_version": "1.4.36"
    },
    {
        "os_name": "openSUSE",
        "os_version": "tumbleweed",
        "pkg_name": "lighttpd",
        "pkg_version": "1.4.37"
    },
    {
        "os_name": "openSUSE",
        "os_version": "10.3",
        "pkg_name": "lighttpd",
        "pkg_version": "1.5.0"
    },
    {
        "os_name": "openSUSE",
        "os_version": "11.0",
        "pkg_name": "lighttpd",
        "pkg_version": "1.5.6"
    },
    {
        "os_name": "openSUSE",
        "os_version": "11.1",
        "pkg_name": "lighttpd",
        "pkg_version": "2.0.6"
    },
    {
        "os_name": "openSUSE",
        "os_version": "11.2",
        "pkg_name": "lighttpd",
        "pkg_version": "3.0.6"
    },
    {
        "os_name": "openSUSE",
        "os_version": "11.3",
        "pkg_name": "lighttpd",
        "pkg_version": "3.2.6"
    },
    {
        "os_name": "openSUSE",
        "os_version": "11.4",
        "pkg_name": "lighttpd",
        "pkg_version": "4.0.4"
    },
    {
        "os_name": "openSUSE",
        "os_version": "12.2",
        "pkg_name": "lighttpd",
        "pkg_version": "4.1.18"
    },
    {
        "os_name": "openSUSE",
        "os_version": "12.1",
        "pkg_name": "lighttpd",
        "pkg_version": "4.1.4"
    },
    {
        "os_name": "openSUSE",
        "os_version": "13.1",
        "pkg_name": "lighttpd",
        "pkg_version": "4.2.18"
    },
    {
        "os_name": "openSUSE",
        "os_version": "12.3",
        "pkg_name": "lighttpd",
        "pkg_version": "4.2.6"
    },
    {
        "os_name": "openSUSE",
        "os_version": "13.2",
        "pkg_name": "lighttpd",
        "pkg_version": "4.3.18"
    },
    {
        "os_name": "openSUSE",
        "os_version": "tumbleweed",
        "pkg_name": "lighttpd",
        "pkg_version": "5.0.0"
    },
    {
        "os_name": "openSUSE",
        "os_version": "8.1",
        "pkg_name": "mod_perl",
        "pkg_version": "0.90pre6"
    },
    {
        "os_name": "openSUSE",
        "os_version": "8.2",
        "pkg_name": "mod_perl",
        "pkg_version": "0.90rc4"
    },
    {
        "os_name": "openSUSE",
        "os_version": "7.0",
        "pkg_name": "mod_perl",
        "pkg_version": "1.24"
    },
    {
        "os_name": "openSUSE",
        "os_version": "7.1",
        "pkg_name": "mod_perl",
        "pkg_version": "1.24"
    },
    {
        "os_name": "openSUSE",
        "os_version": "7.2",
        "pkg_name": "mod_perl",
        "pkg_version": "1.25"
    },
    {
        "os_name": "openSUSE",
        "os_version": "7.3",
        "pkg_name": "mod_perl",
        "pkg_version": "1.26"
    },
    {
        "os_name": "openSUSE",
        "os_version": "8.0",
        "pkg_name": "mod_perl",
        "pkg_version": "1.26"
    },
    {
        "os_name": "openSUSE",
        "os_version": "8.1",
        "pkg_name": "mod_perl",
        "pkg_version": "1.27"
    },
    {
        "os_name": "openSUSE",
        "os_version": "8.2",
        "pkg_name": "mod_perl",
        "pkg_version": "1.27"
    },
    {
        "os_name": "openSUSE",
        "os_version": "9.0",
        "pkg_name": "mod_perl",
        "pkg_version": "1.28"
    },
    {
        "os_name": "openSUSE",
        "os_version": "9.1",
        "pkg_name": "mod_perl",
        "pkg_version": "1.99_12"
    },
    {
        "os_name": "openSUSE",
        "os_version": "9.2",
        "pkg_name": "mod_perl",
        "pkg_version": "1.99_12"
    },
    {
        "os_name": "openSUSE",
        "os_version": "9.3",
        "pkg_name": "mod_perl",
        "pkg_version": "2.0.0RC"
    },
    {
        "os_name": "openSUSE",
        "os_version": "10.0",
        "pkg_name": "mod_perl",
        "pkg_version": "2.0.1"
    },
    {
        "os_name": "openSUSE",
        "os_version": "10.1",
        "pkg_name": "mod_perl",
        "pkg_version": "2.0.2"
    },
    {
        "os_name": "openSUSE",
        "os_version": "10.2",
        "pkg_name": "mod_perl",
        "pkg_version": "2.0.2"
    },
    {
        "os_name": "openSUSE",
        "os_version": "10.3",
        "pkg_name": "mod_perl",
        "pkg_version": "2.0.3"
    },
    {
        "os_name": "openSUSE",
        "os_version": "11.0",
        "pkg_name": "mod_perl",
        "pkg_version": "2.0.3.99"
    },
    {
        "os_name": "openSUSE",
        "os_version": "11.1",
        "pkg_name": "mod_perl",
        "pkg_version": "2.0.4"
    },
    {
        "os_name": "openSUSE",
        "os_version": "11.2",
        "pkg_name": "mod_perl",
        "pkg_version": "2.0.4"
    },
    {
        "os_name": "openSUSE",
        "os_version": "11.3",
        "pkg_name": "mod_perl",
        "pkg_version": "2.0.4"
    },
    {
        "os_name": "openSUSE",
        "os_version": "11.4",
        "pkg_name": "mod_perl",
        "pkg_version": "2.0.4"
    },
    {
        "os_name": "openSUSE",
        "os_version": "12.1",
        "pkg_name": "mod_perl",
        "pkg_version": "2.0.5"
    },
    {
        "os_name": "openSUSE",
        "os_version": "12.2",
        "pkg_name": "mod_perl",
        "pkg_version": "2.0.6"
    },
    {
        "os_name": "openSUSE",
        "os_version": "12.3",
        "pkg_name": "mod_perl",
        "pkg_version": "2.0.6"
    },
    {
        "os_name": "openSUSE",
        "os_version": "13.1",
        "pkg_name": "mod_perl",
        "pkg_version": "2.0.8"
    },
    {
        "os_name": "openSUSE",
        "os_version": "13.2",
        "pkg_name": "mod_perl",
        "pkg_version": "2.0.8"
    },
    {
        "os_name": "openSUSE",
        "os_version": "tumbleweed",
        "pkg_name": "mod_perl",
        "pkg_version": "2.0.8"
    },
    {
        "os_name": "openSUSE",
        "os_version": "tumbleweed",
        "pkg_name": "mod_perl",
        "pkg_version": "2.0.9"
    },
    {
        "os_name": "openSUSE",
        "os_version": "12.1",
        "pkg_name": "nginx",
        "pkg_version": "1.0"
    },
    {
        "os_name": "openSUSE",
        "os_version": "12.2",
        "pkg_name": "nginx",
        "pkg_version": "1.0"
    },
    {
        "os_name": "openSUSE",
        "os_version": "tumbleweed",
        "pkg_name": "nginx",
        "pkg_version": "1.10.0"
    },
    {
        "os_name": "openSUSE",
        "os_version": "tumbleweed",
        "pkg_name": "nginx",
        "pkg_version": "1.10.1"
    },
    {
        "os_name": "openSUSE",
        "os_version": "tumbleweed",
        "pkg_name": "nginx",
        "pkg_version": "1.11.2"
    },
    {
        "os_name": "openSUSE",
        "os_version": "12.3",
        "pkg_name": "nginx",
        "pkg_version": "1.2.6"
    },
    {
        "os_name": "openSUSE",
        "os_version": "tumbleweed",
        "pkg_name": "nginx",
        "pkg_version": "1.8.0"
    },
    {
        "os_name": "openSUSE",
        "os_version": "tumbleweed",
        "pkg_name": "nginx",
        "pkg_version": "1.8.1"
    },
    {
        "os_name": "openSUSE",
        "os_version": "6.1",
        "pkg_name": "nginx",
        "pkg_version": "2.02"
    },
    {
        "os_name": "openSUSE",
        "os_version": "6.2",
        "pkg_name": "nginx",
        "pkg_version": "2.02"
    },
    {
        "os_name": "openSUSE",
        "os_version": "6.4",
        "pkg_name": "nginx",
        "pkg_version": "2.3BETA14"
    },
    {
        "os_name": "openSUSE",
        "os_version": "6.3",
        "pkg_name": "nginx",
        "pkg_version": "2.3BETA6"
    },
    {
        "os_name": "openSUSE",
        "os_version": "7.0",
        "pkg_name": "nginx",
        "pkg_version": "2.53"
    },
    {
        "os_name": "openSUSE",
        "os_version": "7.1",
        "pkg_name": "nginx",
        "pkg_version": "2.53"
    },
    {
        "os_name": "openSUSE",
        "os_version": "7.2",
        "pkg_name": "nginx",
        "pkg_version": "2.53"
    },
    {
        "os_name": "openSUSE",
        "os_version": "7.3",
        "pkg_name": "nginx",
        "pkg_version": "2.54BETA22"
    },
    {
        "os_name": "openSUSE",
        "os_version": "8.0",
        "pkg_name": "nginx",
        "pkg_version": "2.54BETA30"
    },
    {
        "os_name": "openSUSE",
        "os_version": "8.1",
        "pkg_name": "nginx",
        "pkg_version": "3.00"
    },
    {
        "os_name": "openSUSE",
        "os_version": "8.2",
        "pkg_name": "nginx",
        "pkg_version": "3.00"
    },
    {
        "os_name": "openSUSE",
        "os_version": "9.0",
        "pkg_name": "nginx",
        "pkg_version": "3.30"
    },
    {
        "os_name": "openSUSE",
        "os_version": "9.1",
        "pkg_name": "nginx",
        "pkg_version": "3.50"
    },
    {
        "os_name": "openSUSE",
        "os_version": "9.2",
        "pkg_name": "nginx",
        "pkg_version": "3.70"
    },
    {
        "os_name": "openSUSE",
        "os_version": "10.0",
        "pkg_name": "nginx",
        "pkg_version": "3.81"
    },
    {
        "os_name": "openSUSE",
        "os_version": "9.3",
        "pkg_name": "nginx",
        "pkg_version": "3.81"
    },
    {
        "os_name": "openSUSE",
        "os_version": "10.1",
        "pkg_name": "nginx",
        "pkg_version": "4.00"
    },
    {
        "os_name": "openSUSE",
        "os_version": "10.2",
        "pkg_name": "nginx",
        "pkg_version": "4.11"
    },
    {
        "os_name": "openSUSE",
        "os_version": "10.3",
        "pkg_name": "nginx",
        "pkg_version": "4.20"
    },
    {
        "os_name": "openSUSE",
        "os_version": "11.0",
        "pkg_name": "nginx",
        "pkg_version": "4.60"
    },
    {
        "os_name": "openSUSE",
        "os_version": "11.1",
        "pkg_name": "nginx",
        "pkg_version": "4.75"
    },
    {
        "os_name": "openSUSE",
        "os_version": "11.2",
        "pkg_name": "nginx",
        "pkg_version": "5.00"
    },
    {
        "os_name": "openSUSE",
        "os_version": "11.3",
        "pkg_name": "nginx",
        "pkg_version": "5.00"
    },
    {
        "os_name": "openSUSE",
        "os_version": "11.4",
        "pkg_name": "nginx",
        "pkg_version": "5.21"
    },
    {
        "os_name": "openSUSE",
        "os_version": "12.1",
        "pkg_name": "nginx",
        "pkg_version": "5.61"
    },
    {
        "os_name": "openSUSE",
        "os_version": "12.2",
        "pkg_name": "nginx",
        "pkg_version": "6.01"
    },
    {
        "os_name": "openSUSE",
        "os_version": "12.3",
        "pkg_name": "nginx",
        "pkg_version": "6.25"
    },
    {
        "os_name": "openSUSE",
        "os_version": "13.1",
        "pkg_name": "nginx",
        "pkg_version": "6.40"
    },
    {
        "os_name": "openSUSE",
        "os_version": "13.2",
        "pkg_name": "nginx",
        "pkg_version": "6.47"
    },
    {
        "os_name": "openSUSE",
        "os_version": "tumbleweed",
        "pkg_name": "nginx",
        "pkg_version": "6.47"
    },
    {
        "os_name": "openSUSE",
        "os_version": "7.1",
        "pkg_name": "openssl",
        "pkg_version": "0.9.6"
    },
    {
        "os_name": "openSUSE",
        "os_version": "7.2",
        "pkg_name": "openssl",
        "pkg_version": "0.9.6a"
    },
    {
        "os_name": "openSUSE",
        "os_version": "7.3",
        "pkg_name": "openssl",
        "pkg_version": "0.9.6b"
    },
    {
        "os_name": "openSUSE",
        "os_version": "8.0",
        "pkg_name": "openssl",
        "pkg_version": "0.9.6c"
    },
    {
        "os_name": "openSUSE",
        "os_version": "8.1",
        "pkg_name": "openssl",
        "pkg_version": "0.9.6g"
    },
    {
        "os_name": "openSUSE",
        "os_version": "8.2",
        "pkg_name": "openssl",
        "pkg_version": "0.9.6i"
    },
    {
        "os_name": "openSUSE",
        "os_version": "9.0",
        "pkg_name": "openssl",
        "pkg_version": "0.9.7b"
    },
    {
        "os_name": "openSUSE",
        "os_version": "9.1",
        "pkg_name": "openssl",
        "pkg_version": "0.9.7d"
    },
    {
        "os_name": "openSUSE",
        "os_version": "9.2",
        "pkg_name": "openssl",
        "pkg_version": "0.9.7d"
    },
    {
        "os_name": "openSUSE",
        "os_version": "9.3",
        "pkg_name": "openssl",
        "pkg_version": "0.9.7e"
    },
    {
        "os_name": "openSUSE",
        "os_version": "10.0",
        "pkg_name": "openssl",
        "pkg_version": "0.9.7g"
    },
    {
        "os_name": "openSUSE",
        "os_version": "10.1",
        "pkg_name": "openssl",
        "pkg_version": "0.9.8a"
    },
    {
        "os_name": "openSUSE",
        "os_version": "10.2",
        "pkg_name": "openssl",
        "pkg_version": "0.9.8d"
    },
    {
        "os_name": "openSUSE",
        "os_version": "10.3",
        "pkg_name": "openssl",
        "pkg_version": "0.9.8e"
    },
    {
        "os_name": "openSUSE",
        "os_version": "11.0",
        "pkg_name": "openssl",
        "pkg_version": "0.9.8g"
    },
    {
        "os_name": "openSUSE",
        "os_version": "11.1",
        "pkg_name": "openssl",
        "pkg_version": "0.9.8h"
    },
    {
        "os_name": "openSUSE",
        "os_version": "11.2",
        "pkg_name": "openssl",
        "pkg_version": "0.9.8k"
    },
    {
        "os_name": "openSUSE",
        "os_version": "11.3",
        "pkg_name": "openssl",
        "pkg_version": "1.0.0"
    },
    {
        "os_name": "openSUSE",
        "os_version": "11.4",
        "pkg_name": "openssl",
        "pkg_version": "1.0.0c"
    },
    {
        "os_name": "openSUSE",
        "os_version": "12.1",
        "pkg_name": "openssl",
        "pkg_version": "1.0.0e"
    },
    {
        "os_name": "openSUSE",
        "os_version": "42.1",
        "pkg_name": "openssl",
        "pkg_version": "1.0.1"
    },
    {
        "os_name": "openSUSE",
        "os_version": "12.2",
        "pkg_name": "openssl",
        "pkg_version": "1.0.1c"
    },
    {
        "os_name": "openSUSE",
        "os_version": "12.3",
        "pkg_name": "openssl",
        "pkg_version": "1.0.1e"
    },
    {
        "os_name": "openSUSE",
        "os_version": "13.1",
        "pkg_name": "openssl",
        "pkg_version": "1.0.1e"
    },
    {
        "os_name": "openSUSE",
        "os_version": "13.2",
        "pkg_name": "openssl",
        "pkg_version": "1.0.1i"
    },
    {
        "os_name": "openSUSE",
        "os_version": "tumbleweed",
        "pkg_name": "openssl",
        "pkg_version": "1.0.1k"
    },
    {
        "os_name": "openSUSE",
        "os_version": "tumbleweed",
        "pkg_name": "openssl",
        "pkg_version": "1.0.2a"
    },
    {
        "os_name": "openSUSE",
        "os_version": "tumbleweed",
        "pkg_name": "openssl",
        "pkg_version": "1.0.2d"
    },
    {
        "os_name": "openSUSE",
        "os_version": "tumbleweed",
        "pkg_name": "openssl",
        "pkg_version": "1.0.2e"
    },
    {
        "os_name": "openSUSE",
        "os_version": "tumbleweed",
        "pkg_name": "openssl",
        "pkg_version": "1.0.2g"
    },
    {
        "os_name": "openSUSE",
        "os_version": "tumbleweed",
        "pkg_name": "openssl",
        "pkg_version": "1.0.2h"
    },
    {
        "os_name": "openSUSE",
        "os_version": "tumbleweed",
        "pkg_name": "openssl",
        "pkg_version": "1.0.2j"
    },
    {
        "os_name": "openSUSE",
        "os_version": "7.3",
        "pkg_name": "openssl",
        "pkg_version": "5.0"
    },
    {
        "os_name": "openSUSE",
        "os_version": "8.0",
        "pkg_name": "openssl",
        "pkg_version": "6.0"
    },
    {
        "os_name": "openSUSE",
        "os_version": "8.1",
        "pkg_name": "openssl",
        "pkg_version": "6.03"
    },
    {
        "os_name": "openSUSE",
        "os_version": "8.2",
        "pkg_name": "openssl",
        "pkg_version": "6.03"
    },
    {
        "os_name": "openSUSE",
        "os_version": "9.0",
        "pkg_name": "openssl",
        "pkg_version": "7.11"
    },
    {
        "os_name": "openSUSE",
        "os_version": "9.1",
        "pkg_name": "openssl",
        "pkg_version": "7.23"
    },
    {
        "os_name": "openSUSE",
        "os_version": "9.2",
        "pkg_name": "openssl",
        "pkg_version": "7.54"
    },
    {
        "os_name": "openSUSE",
        "os_version": "9.3",
        "pkg_name": "openssl",
        "pkg_version": "7.54"
    },
    {
        "os_name": "openSUSE",
        "os_version": "10.0",
        "pkg_name": "openssl",
        "pkg_version": "8.02"
    },
    {
        "os_name": "openSUSE",
        "os_version": "10.1",
        "pkg_name": "openssl",
        "pkg_version": "8.52"
    },
    {
        "os_name": "openSUSE",
        "os_version": "10.2",
        "pkg_name": "openssl",
        "pkg_version": "9.02"
    },
    {
        "os_name": "openSUSE",
        "os_version": "10.3",
        "pkg_name": "openssl",
        "pkg_version": "9.23"
    },
    {
        "os_name": "openSUSE",
        "os_version": "7.0",
        "pkg_name": "perl",
        "pkg_version": "4.0.0"
    },
    {
        "os_name": "openSUSE",
        "os_version": "7.1",
        "pkg_name": "perl",
        "pkg_version": "4.0.4pl1"
    },
    {
        "os_name": "openSUSE",
        "os_version": "7.2",
        "pkg_name": "perl",
        "pkg_version": "4.0.4pl1"
    },
    {
        "os_name": "openSUSE",
        "os_version": "7.3",
        "pkg_name": "perl",
        "pkg_version": "4.0.6"
    },
    {
        "os_name": "openSUSE",
        "os_version": "8.0",
        "pkg_name": "perl",
        "pkg_version": "4.1.0"
    },
    {
        "os_name": "openSUSE",
        "os_version": "8.1",
        "pkg_name": "perl",
        "pkg_version": "4.2.2"
    },
    {
        "os_name": "openSUSE",
        "os_version": "8.2",
        "pkg_name": "perl",
        "pkg_version": "4.3.1"
    },
    {
        "os_name": "openSUSE",
        "os_version": "9.0",
        "pkg_name": "perl",
        "pkg_version": "4.3.3"
    },
    {
        "os_name": "openSUSE",
        "os_version": "9.1",
        "pkg_name": "perl",
        "pkg_version": "4.3.4"
    },
    {
        "os_name": "openSUSE",
        "os_version": "9.2",
        "pkg_name": "perl",
        "pkg_version": "4.3.8"
    },
    {
        "os_name": "openSUSE",
        "os_version": "9.3",
        "pkg_name": "perl",
        "pkg_version": "5.0.3"
    },
    {
        "os_name": "openSUSE",
        "os_version": "10.0",
        "pkg_name": "perl",
        "pkg_version": "5.0.4"
    },
    {
        "os_name": "openSUSE",
        "os_version": "10.1",
        "pkg_name": "perl",
        "pkg_version": "5.1.2"
    },
    {
        "os_name": "openSUSE",
        "os_version": "11.0",
        "pkg_name": "perl",
        "pkg_version": "5.10.0"
    },
    {
        "os_name": "openSUSE",
        "os_version": "11.1",
        "pkg_name": "perl",
        "pkg_version": "5.10.0"
    },
    {
        "os_name": "openSUSE",
        "os_version": "11.2",
        "pkg_name": "perl",
        "pkg_version": "5.10.0"
    },
    {
        "os_name": "openSUSE",
        "os_version": "11.3",
        "pkg_name": "perl",
        "pkg_version": "5.12.1"
    },
    {
        "os_name": "openSUSE",
        "os_version": "11.4",
        "pkg_name": "perl",
        "pkg_version": "5.12.3"
    },
    {
        "os_name": "openSUSE",
        "os_version": "12.1",
        "pkg_name": "perl",
        "pkg_version": "5.14.2"
    },
    {
        "os_name": "openSUSE",
        "os_version": "12.2",
        "pkg_name": "perl",
        "pkg_version": "5.16.0"
    },
    {
        "os_name": "openSUSE",
        "os_version": "12.3",
        "pkg_name": "perl",
        "pkg_version": "5.16.2"
    },
    {
        "os_name": "openSUSE",
        "os_version": "13.1",
        "pkg_name": "perl",
        "pkg_version": "5.18.1"
    },
    {
        "os_name": "openSUSE",
        "os_version": "42.1",
        "pkg_name": "perl",
        "pkg_version": "5.18.2"
    },
    {
        "os_name": "openSUSE",
        "os_version": "10.2",
        "pkg_name": "perl",
        "pkg_version": "5.2.0"
    },
    {
        "os_name": "openSUSE",
        "os_version": "10.3",
        "pkg_name": "perl",
        "pkg_version": "5.2.4"
    },
    {
        "os_name": "openSUSE",
        "os_version": "11.0",
        "pkg_name": "perl",
        "pkg_version": "5.2.5"
    },
    {
        "os_name": "openSUSE",
        "os_version": "11.1",
        "pkg_name": "perl",
        "pkg_version": "5.2.6"
    },
    {
        "os_name": "openSUSE",
        "os_version": "13.2",
        "pkg_name": "perl",
        "pkg_version": "5.20.1"
    },
    {
        "os_name": "openSUSE",
        "os_version": "tumbleweed",
        "pkg_name": "perl",
        "pkg_version": "5.20.1"
    },
    {
        "os_name": "openSUSE",
        "os_version": "tumbleweed",
        "pkg_name": "perl",
        "pkg_version": "5.22.0"
    },
    {
        "os_name": "openSUSE",
        "os_version": "tumbleweed",
        "pkg_name": "perl",
        "pkg_version": "5.22.1"
    },
    {
        "os_name": "openSUSE",
        "os_version": "tumbleweed",
        "pkg_name": "perl",
        "pkg_version": "5.24.0"
    },
    {
        "os_name": "openSUSE",
        "os_version": "11.2",
        "pkg_name": "perl",
        "pkg_version": "5.3.0"
    },
    {
        "os_name": "openSUSE",
        "os_version": "12.2",
        "pkg_name": "perl",
        "pkg_version": "5.3.15"
    },
    {
        "os_name": "openSUSE",
        "os_version": "12.3",
        "pkg_name": "perl",
        "pkg_version": "5.3.17"
    },
    {
        "os_name": "openSUSE",
        "os_version": "11.3",
        "pkg_name": "perl",
        "pkg_version": "5.3.2"
    },
    {
        "os_name": "openSUSE",
        "os_version": "11.4",
        "pkg_name": "perl",
        "pkg_version": "5.3.5"
    },
    {
        "os_name": "openSUSE",
        "os_version": "12.1",
        "pkg_name": "perl",
        "pkg_version": "5.3.8"
    },
    {
        "os_name": "openSUSE",
        "os_version": "13.1",
        "pkg_name": "perl",
        "pkg_version": "5.4.20"
    },
    {
        "os_name": "openSUSE",
        "os_version": "5.2",
        "pkg_name": "perl",
        "pkg_version": "5.4.4"
    },
    {
        "os_name": "openSUSE",
        "os_version": "5.3",
        "pkg_name": "perl",
        "pkg_version": "5.4.4"
    },
    {
        "os_name": "openSUSE",
        "os_version": "6.0",
        "pkg_name": "perl",
        "pkg_version": "5.5.2"
    },
    {
        "os_name": "openSUSE",
        "os_version": "6.1",
        "pkg_name": "perl",
        "pkg_version": "5.5.2"
    },
    {
        "os_name": "openSUSE",
        "os_version": "6.2",
        "pkg_name": "perl",
        "pkg_version": "5.5.3"
    },
    {
        "os_name": "openSUSE",
        "os_version": "6.3",
        "pkg_name": "perl",
        "pkg_version": "5.5.3"
    },
    {
        "os_name": "openSUSE",
        "os_version": "6.4",
        "pkg_name": "perl",
        "pkg_version": "5.5.3"
    },
    {
        "os_name": "openSUSE",
        "os_version": "7.0",
        "pkg_name": "perl",
        "pkg_version": "5.5.3"
    },
    {
        "os_name": "openSUSE",
        "os_version": "7.1",
        "pkg_name": "perl",
        "pkg_version": "5.6.0"
    },
    {
        "os_name": "openSUSE",
        "os_version": "7.2",
        "pkg_name": "perl",
        "pkg_version": "5.6.0"
    },
    {
        "os_name": "openSUSE",
        "os_version": "13.2",
        "pkg_name": "perl",
        "pkg_version": "5.6.1"
    },
    {
        "os_name": "openSUSE",
        "os_version": "7.3",
        "pkg_name": "perl",
        "pkg_version": "5.6.1"
    },
    {
        "os_name": "openSUSE",
        "os_version": "8.0",
        "pkg_name": "perl",
        "pkg_version": "5.6.1"
    },
    {
        "os_name": "openSUSE",
        "os_version": "tumbleweed",
        "pkg_name": "perl",
        "pkg_version": "5.6.9"
    },
    {
        "os_name": "openSUSE",
        "os_version": "8.1",
        "pkg_name": "perl",
        "pkg_version": "5.8.0"
    },
    {
        "os_name": "openSUSE",
        "os_version": "8.2",
        "pkg_name": "perl",
        "pkg_version": "5.8.0"
    },
    {
        "os_name": "openSUSE",
        "os_version": "9.0",
        "pkg_name": "perl",
        "pkg_version": "5.8.1"
    },
    {
        "os_name": "openSUSE",
        "os_version": "9.1",
        "pkg_name": "perl",
        "pkg_version": "5.8.3"
    },
    {
        "os_name": "openSUSE",
        "os_version": "9.2",
        "pkg_name": "perl",
        "pkg_version": "5.8.5"
    },
    {
        "os_name": "openSUSE",
        "os_version": "9.3",
        "pkg_name": "perl",
        "pkg_version": "5.8.6"
    },
    {
        "os_name": "openSUSE",
        "os_version": "10.0",
        "pkg_name": "perl",
        "pkg_version": "5.8.7"
    },
    {
        "os_name": "openSUSE",
        "os_version": "10.1",
        "pkg_name": "perl",
        "pkg_version": "5.8.8"
    },
    {
        "os_name": "openSUSE",
        "os_version": "10.2",
        "pkg_name": "perl",
        "pkg_version": "5.8.8"
    },
    {
        "os_name": "openSUSE",
        "os_version": "10.3",
        "pkg_name": "perl",
        "pkg_version": "5.8.8"
    },
    {
        "os_name": "openSUSE",
        "os_version": "10.3",
        "pkg_name": "php",
        "pkg_version": "2.11.0"
    },
    {
        "os_name": "openSUSE",
        "os_version": "11.0",
        "pkg_name": "php",
        "pkg_version": "2.11.6"
    },
    {
        "os_name": "openSUSE",
        "os_version": "7.3",
        "pkg_name": "php",
        "pkg_version": "2.2.0"
    },
    {
        "os_name": "openSUSE",
        "os_version": "8.0",
        "pkg_name": "php",
        "pkg_version": "2.2.3"
    },
    {
        "os_name": "openSUSE",
        "os_version": "8.1",
        "pkg_name": "php",
        "pkg_version": "2.3.0"
    },
    {
        "os_name": "openSUSE",
        "os_version": "9.1",
        "pkg_name": "php",
        "pkg_version": "2.5.6"
    },
    {
        "os_name": "openSUSE",
        "os_version": "9.3",
        "pkg_name": "php",
        "pkg_version": "2.6.1-pl3"
    },
    {
        "os_name": "openSUSE",
        "os_version": "10.0",
        "pkg_name": "php",
        "pkg_version": "2.6.3-pl1"
    },
    {
        "os_name": "openSUSE",
        "os_version": "9.2",
        "pkg_name": "php",
        "pkg_version": "2.6.4"
    },
    {
        "os_name": "openSUSE",
        "os_version": "10.1",
        "pkg_name": "php",
        "pkg_version": "2.8.0.3"
    },
    {
        "os_name": "openSUSE",
        "os_version": "10.2",
        "pkg_name": "php",
        "pkg_version": "2.9.1.1"
    },
    {
        "os_name": "openSUSE",
        "os_version": "7.0",
        "pkg_name": "php",
        "pkg_version": "4.0.0"
    },
    {
        "os_name": "openSUSE",
        "os_version": "7.1",
        "pkg_name": "php",
        "pkg_version": "4.0.4pl1"
    },
    {
        "os_name": "openSUSE",
        "os_version": "7.2",
        "pkg_name": "php",
        "pkg_version": "4.0.4pl1"
    },
    {
        "os_name": "openSUSE",
        "os_version": "7.3",
        "pkg_name": "php",
        "pkg_version": "4.0.6"
    },
    {
        "os_name": "openSUSE",
        "os_version": "8.0",
        "pkg_name": "php",
        "pkg_version": "4.1.0"
    },
    {
        "os_name": "openSUSE",
        "os_version": "8.1",
        "pkg_name": "php",
        "pkg_version": "4.2.2"
    },
    {
        "os_name": "openSUSE",
        "os_version": "8.2",
        "pkg_name": "php",
        "pkg_version": "4.3.1"
    },
    {
        "os_name": "openSUSE",
        "os_version": "9.0",
        "pkg_name": "php",
        "pkg_version": "4.3.3"
    },
    {
        "os_name": "openSUSE",
        "os_version": "9.1",
        "pkg_name": "php",
        "pkg_version": "4.3.4"
    },
    {
        "os_name": "openSUSE",
        "os_version": "9.2",
        "pkg_name": "php",
        "pkg_version": "4.3.8"
    },
    {
        "os_name": "openSUSE",
        "os_version": "tumbleweed",
        "pkg_name": "php",
        "pkg_version": "4.4.9"
    },
    {
        "os_name": "openSUSE",
        "os_version": "9.3",
        "pkg_name": "php",
        "pkg_version": "5.0.3"
    },
    {
        "os_name": "openSUSE",
        "os_version": "10.0",
        "pkg_name": "php",
        "pkg_version": "5.0.4"
    },
    {
        "os_name": "openSUSE",
        "os_version": "10.1",
        "pkg_name": "php",
        "pkg_version": "5.1.2"
    },
    {
        "os_name": "openSUSE",
        "os_version": "10.2",
        "pkg_name": "php",
        "pkg_version": "5.2.0"
    },
    {
        "os_name": "openSUSE",
        "os_version": "10.3",
        "pkg_name": "php",
        "pkg_version": "5.2.4"
    },
    {
        "os_name": "openSUSE",
        "os_version": "11.0",
        "pkg_name": "php",
        "pkg_version": "5.2.5"
    },
    {
        "os_name": "openSUSE",
        "os_version": "11.1",
        "pkg_name": "php",
        "pkg_version": "5.2.6"
    },
    {
        "os_name": "openSUSE",
        "os_version": "11.2",
        "pkg_name": "php",
        "pkg_version": "5.3.0"
    },
    {
        "os_name": "openSUSE",
        "os_version": "12.2",
        "pkg_name": "php",
        "pkg_version": "5.3.15"
    },
    {
        "os_name": "openSUSE",
        "os_version": "12.3",
        "pkg_name": "php",
        "pkg_version": "5.3.17"
    },
    {
        "os_name": "openSUSE",
        "os_version": "11.3",
        "pkg_name": "php",
        "pkg_version": "5.3.2"
    },
    {
        "os_name": "openSUSE",
        "os_version": "11.4",
        "pkg_name": "php",
        "pkg_version": "5.3.5"
    },
    {
        "os_name": "openSUSE",
        "os_version": "12.1",
        "pkg_name": "php",
        "pkg_version": "5.3.8"
    },
    {
        "os_name": "openSUSE",
        "os_version": "13.1",
        "pkg_name": "php",
        "pkg_version": "5.4.20"
    },
    {
        "os_name": "openSUSE",
        "os_version": "42.1",
        "pkg_name": "php",
        "pkg_version": "5.5.14"
    },
    {
        "os_name": "openSUSE",
        "os_version": "13.2",
        "pkg_name": "php",
        "pkg_version": "5.6.1"
    },
    {
        "os_name": "openSUSE",
        "os_version": "tumbleweed",
        "pkg_name": "php",
        "pkg_version": "5.6.10"
    },
    {
        "os_name": "openSUSE",
        "os_version": "tumbleweed",
        "pkg_name": "php",
        "pkg_version": "5.6.11"
    },
    {
        "os_name": "openSUSE",
        "os_version": "tumbleweed",
        "pkg_name": "php",
        "pkg_version": "5.6.12"
    },
    {
        "os_name": "openSUSE",
        "os_version": "tumbleweed",
        "pkg_name": "php",
        "pkg_version": "5.6.13"
    },
    {
        "os_name": "openSUSE",
        "os_version": "tumbleweed",
        "pkg_name": "php",
        "pkg_version": "5.6.14"
    },
    {
        "os_name": "openSUSE",
        "os_version": "tumbleweed",
        "pkg_name": "php",
        "pkg_version": "5.6.15"
    },
    {
        "os_name": "openSUSE",
        "os_version": "tumbleweed",
        "pkg_name": "php",
        "pkg_version": "5.6.16"
    },
    {
        "os_name": "openSUSE",
        "os_version": "tumbleweed",
        "pkg_name": "php",
        "pkg_version": "5.6.17"
    },
    {
        "os_name": "openSUSE",
        "os_version": "tumbleweed",
        "pkg_name": "php",
        "pkg_version": "5.6.18"
    },
    {
        "os_name": "openSUSE",
        "os_version": "tumbleweed",
        "pkg_name": "php",
        "pkg_version": "5.6.19"
    },
    {
        "os_name": "openSUSE",
        "os_version": "tumbleweed",
        "pkg_name": "php",
        "pkg_version": "5.6.20"
    },
    {
        "os_name": "openSUSE",
        "os_version": "tumbleweed",
        "pkg_name": "php",
        "pkg_version": "5.6.21"
    },
    {
        "os_name": "openSUSE",
        "os_version": "tumbleweed",
        "pkg_name": "php",
        "pkg_version": "5.6.22"
    },
    {
        "os_name": "openSUSE",
        "os_version": "tumbleweed",
        "pkg_name": "php",
        "pkg_version": "5.6.23"
    },
    {
        "os_name": "openSUSE",
        "os_version": "tumbleweed",
        "pkg_name": "php",
        "pkg_version": "5.6.24"
    },
    {
        "os_name": "openSUSE",
        "os_version": "tumbleweed",
        "pkg_name": "php",
        "pkg_version": "5.6.25"
    },
    {
        "os_name": "openSUSE",
        "os_version": "tumbleweed",
        "pkg_name": "php",
        "pkg_version": "5.6.26"
    },
    {
        "os_name": "openSUSE",
        "os_version": "tumbleweed",
        "pkg_name": "php",
        "pkg_version": "5.6.7"
    },
    {
        "os_name": "openSUSE",
        "os_version": "tumbleweed",
        "pkg_name": "php",
        "pkg_version": "5.6.8"
    },
    {
        "os_name": "openSUSE",
        "os_version": "tumbleweed",
        "pkg_name": "php",
        "pkg_version": "5.6.9"
    },
    {
        "os_name": "openSUSE",
        "os_version": "7.1",
        "pkg_name": "phpMyAdmin",
        "pkg_version": "0.10.3"
    },
    {
        "os_name": "openSUSE",
        "os_version": "7.2",
        "pkg_name": "phpMyAdmin",
        "pkg_version": "0.11.0pre9"
    },
    {
        "os_name": "openSUSE",
        "os_version": "7.3",
        "pkg_name": "phpMyAdmin",
        "pkg_version": "0.43"
    },
    {
        "os_name": "openSUSE",
        "os_version": "8.0",
        "pkg_name": "phpMyAdmin",
        "pkg_version": "0.50"
    },
    {
        "os_name": "openSUSE",
        "os_version": "8.1",
        "pkg_name": "phpMyAdmin",
        "pkg_version": "0.59"
    },
    {
        "os_name": "openSUSE",
        "os_version": "8.2",
        "pkg_name": "phpMyAdmin",
        "pkg_version": "0.59.8"
    },
    {
        "os_name": "openSUSE",
        "os_version": "9.0",
        "pkg_name": "phpMyAdmin",
        "pkg_version": "0.67"
    },
    {
        "os_name": "openSUSE",
        "os_version": "9.1",
        "pkg_name": "phpMyAdmin",
        "pkg_version": "0.75"
    },
    {
        "os_name": "openSUSE",
        "os_version": "9.2",
        "pkg_name": "phpMyAdmin",
        "pkg_version": "0.82.1"
    },
    {
        "os_name": "openSUSE",
        "os_version": "9.3",
        "pkg_name": "phpMyAdmin",
        "pkg_version": "1.1.4"
    },
    {
        "os_name": "openSUSE",
        "os_version": "10.0",
        "pkg_name": "phpMyAdmin",
        "pkg_version": "1.5.0"
    },
    {
        "os_name": "openSUSE",
        "os_version": "10.1",
        "pkg_name": "phpMyAdmin",
        "pkg_version": "1.5.0"
    },
    {
        "os_name": "openSUSE",
        "os_version": "10.2",
        "pkg_name": "phpMyAdmin",
        "pkg_version": "1.5.0"
    },
    {
        "os_name": "openSUSE",
        "os_version": "10.3",
        "pkg_name": "phpMyAdmin",
        "pkg_version": "2.1.1"
    },
    {
        "os_name": "openSUSE",
        "os_version": "12.1",
        "pkg_name": "phpMyAdmin",
        "pkg_version": "2.10.0"
    },
    {
        "os_name": "openSUSE",
        "os_version": "tumbleweed",
        "pkg_name": "phpMyAdmin",
        "pkg_version": "2.10.11"
    },
    {
        "os_name": "openSUSE",
        "os_version": "12.2",
        "pkg_name": "phpMyAdmin",
        "pkg_version": "2.10.6"
    },
    {
        "os_name": "openSUSE",
        "os_version": "12.3",
        "pkg_name": "phpMyAdmin",
        "pkg_version": "2.10.6"
    },
    {
        "os_name": "openSUSE",
        "os_version": "13.1",
        "pkg_name": "phpMyAdmin",
        "pkg_version": "2.10.7"
    },
    {
        "os_name": "openSUSE",
        "os_version": "13.2",
        "pkg_name": "phpMyAdmin",
        "pkg_version": "2.10.9"
    },
    {
        "os_name": "openSUSE",
        "os_version": "10.3",
        "pkg_name": "phpMyAdmin",
        "pkg_version": "2.11.0"
    },
    {
        "os_name": "openSUSE",
        "os_version": "11.0",
        "pkg_name": "phpMyAdmin",
        "pkg_version": "2.11.6"
    },
    {
        "os_name": "openSUSE",
        "os_version": "7.3",
        "pkg_name": "phpMyAdmin",
        "pkg_version": "2.2.0"
    },
    {
        "os_name": "openSUSE",
        "os_version": "8.0",
        "pkg_name": "phpMyAdmin",
        "pkg_version": "2.2.3"
    },
    {
        "os_name": "openSUSE",
        "os_version": "8.1",
        "pkg_name": "phpMyAdmin",
        "pkg_version": "2.3.0"
    },
    {
        "os_name": "openSUSE",
        "os_version": "11.0",
        "pkg_name": "phpMyAdmin",
        "pkg_version": "2.4.1"
    },
    {
        "os_name": "openSUSE",
        "os_version": "11.1",
        "pkg_name": "phpMyAdmin",
        "pkg_version": "2.5.1"
    },
    {
        "os_name": "openSUSE",
        "os_version": "9.1",
        "pkg_name": "phpMyAdmin",
        "pkg_version": "2.5.6"
    },
    {
        "os_name": "openSUSE",
        "os_version": "9.3",
        "pkg_name": "phpMyAdmin",
        "pkg_version": "2.6.1-pl3"
    },
    {
        "os_name": "openSUSE",
        "os_version": "11.2",
        "pkg_name": "phpMyAdmin",
        "pkg_version": "2.6.2"
    },
    {
        "os_name": "openSUSE",
        "os_version": "10.0",
        "pkg_name": "phpMyAdmin",
        "pkg_version": "2.6.3-pl1"
    },
    {
        "os_name": "openSUSE",
        "os_version": "9.2",
        "pkg_name": "phpMyAdmin",
        "pkg_version": "2.6.4"
    },
    {
        "os_name": "openSUSE",
        "os_version": "11.3",
        "pkg_name": "phpMyAdmin",
        "pkg_version": "2.6.6"
    },
    {
        "os_name": "openSUSE",
        "os_version": "11.4",
        "pkg_name": "phpMyAdmin",
        "pkg_version": "2.7.10"
    },
    {
        "os_name": "openSUSE",
        "os_version": "10.1",
        "pkg_name": "phpMyAdmin",
        "pkg_version": "2.8.0.3"
    },
    {
        "os_name": "openSUSE",
        "os_version": "10.2",
        "pkg_name": "phpMyAdmin",
        "pkg_version": "2.9.1.1"
    },
    {
        "os_name": "openSUSE",
        "os_version": "tumbleweed",
        "pkg_name": "phpMyAdmin",
        "pkg_version": "4.4.10"
    },
    {
        "os_name": "openSUSE",
        "os_version": "tumbleweed",
        "pkg_name": "phpMyAdmin",
        "pkg_version": "4.4.11"
    },
    {
        "os_name": "openSUSE",
        "os_version": "tumbleweed",
        "pkg_name": "phpMyAdmin",
        "pkg_version": "4.4.12"
    },
    {
        "os_name": "openSUSE",
        "os_version": "tumbleweed",
        "pkg_name": "phpMyAdmin",
        "pkg_version": "4.4.13.1"
    },
    {
        "os_name": "openSUSE",
        "os_version": "tumbleweed",
        "pkg_name": "phpMyAdmin",
        "pkg_version": "4.4.14"
    },
    {
        "os_name": "openSUSE",
        "os_version": "tumbleweed",
        "pkg_name": "phpMyAdmin",
        "pkg_version": "4.4.15"
    },
    {
        "os_name": "openSUSE",
        "os_version": "tumbleweed",
        "pkg_name": "phpMyAdmin",
        "pkg_version": "4.4.15.1"
    },
    {
        "os_name": "openSUSE",
        "os_version": "tumbleweed",
        "pkg_name": "phpMyAdmin",
        "pkg_version": "4.4.15.2"
    },
    {
        "os_name": "openSUSE",
        "os_version": "tumbleweed",
        "pkg_name": "phpMyAdmin",
        "pkg_version": "4.4.2"
    },
    {
        "os_name": "openSUSE",
        "os_version": "tumbleweed",
        "pkg_name": "phpMyAdmin",
        "pkg_version": "4.4.3"
    },
    {
        "os_name": "openSUSE",
        "os_version": "tumbleweed",
        "pkg_name": "phpMyAdmin",
        "pkg_version": "4.4.4"
    },
    {
        "os_name": "openSUSE",
        "os_version": "tumbleweed",
        "pkg_name": "phpMyAdmin",
        "pkg_version": "4.4.5"
    },
    {
        "os_name": "openSUSE",
        "os_version": "tumbleweed",
        "pkg_name": "phpMyAdmin",
        "pkg_version": "4.4.6.1"
    },
    {
        "os_name": "openSUSE",
        "os_version": "tumbleweed",
        "pkg_name": "phpMyAdmin",
        "pkg_version": "4.4.7"
    },
    {
        "os_name": "openSUSE",
        "os_version": "tumbleweed",
        "pkg_name": "phpMyAdmin",
        "pkg_version": "4.4.8"
    },
    {
        "os_name": "openSUSE",
        "os_version": "tumbleweed",
        "pkg_name": "phpMyAdmin",
        "pkg_version": "4.4.9"
    },
    {
        "os_name": "openSUSE",
        "os_version": "tumbleweed",
        "pkg_name": "phpMyAdmin",
        "pkg_version": "4.5.3.1"
    },
    {
        "os_name": "openSUSE",
        "os_version": "tumbleweed",
        "pkg_name": "phpMyAdmin",
        "pkg_version": "4.5.4.1"
    },
    {
        "os_name": "openSUSE",
        "os_version": "tumbleweed",
        "pkg_name": "phpMyAdmin",
        "pkg_version": "4.5.5"
    },
    {
        "os_name": "openSUSE",
        "os_version": "tumbleweed",
        "pkg_name": "phpMyAdmin",
        "pkg_version": "4.5.5.1"
    },
    {
        "os_name": "openSUSE",
        "os_version": "tumbleweed",
        "pkg_name": "phpMyAdmin",
        "pkg_version": "4.6.0"
    },
    {
        "os_name": "openSUSE",
        "os_version": "tumbleweed",
        "pkg_name": "phpMyAdmin",
        "pkg_version": "4.6.1"
    },
    {
        "os_name": "openSUSE",
        "os_version": "tumbleweed",
        "pkg_name": "phpMyAdmin",
        "pkg_version": "4.6.2"
    },
    {
        "os_name": "openSUSE",
        "os_version": "tumbleweed",
        "pkg_name": "phpMyAdmin",
        "pkg_version": "4.6.3"
    },
    {
        "os_name": "openSUSE",
        "os_version": "tumbleweed",
        "pkg_name": "phpMyAdmin",
        "pkg_version": "4.6.4"
    },
    {
        "os_name": "openSUSE",
        "os_version": "7.0",
        "pkg_name": "ruby",
        "pkg_version": "1.4.5"
    },
    {
        "os_name": "openSUSE",
        "os_version": "7.1",
        "pkg_name": "ruby",
        "pkg_version": "1.6.2"
    },
    {
        "os_name": "openSUSE",
        "os_version": "7.2",
        "pkg_name": "ruby",
        "pkg_version": "1.6.3"
    },
    {
        "os_name": "openSUSE",
        "os_version": "7.3",
        "pkg_name": "ruby",
        "pkg_version": "1.6.4"
    },
    {
        "os_name": "openSUSE",
        "os_version": "8.0",
        "pkg_name": "ruby",
        "pkg_version": "1.6.4"
    },
    {
        "os_name": "openSUSE",
        "os_version": "8.1",
        "pkg_name": "ruby",
        "pkg_version": "1.6.7"
    },
    {
        "os_name": "openSUSE",
        "os_version": "8.2",
        "pkg_name": "ruby",
        "pkg_version": "1.6.8"
    },
    {
        "os_name": "openSUSE",
        "os_version": "9.0",
        "pkg_name": "ruby",
        "pkg_version": "1.8.0"
    },
    {
        "os_name": "openSUSE",
        "os_version": "9.1",
        "pkg_name": "ruby",
        "pkg_version": "1.8.1"
    },
    {
        "os_name": "openSUSE",
        "os_version": "9.2",
        "pkg_name": "ruby",
        "pkg_version": "1.8.1"
    },
    {
        "os_name": "openSUSE",
        "os_version": "9.3",
        "pkg_name": "ruby",
        "pkg_version": "1.8.1"
    },
    {
        "os_name": "openSUSE",
        "os_version": "10.0",
        "pkg_name": "ruby",
        "pkg_version": "1.8.2"
    },
    {
        "os_name": "openSUSE",
        "os_version": "10.1",
        "pkg_name": "ruby",
        "pkg_version": "1.8.4"
    },
    {
        "os_name": "openSUSE",
        "os_version": "10.2",
        "pkg_name": "ruby",
        "pkg_version": "1.8.5"
    },
    {
        "os_name": "openSUSE",
        "os_version": "11.0",
        "pkg_name": "ruby",
        "pkg_version": "1.8.6-p114"
    },
    {
        "os_name": "openSUSE",
        "os_version": "10.3",
        "pkg_name": "ruby",
        "pkg_version": "1.8.6-p36"
    },
    {
        "os_name": "openSUSE",
        "os_version": "11.3",
        "pkg_name": "ruby",
        "pkg_version": "1.8.7-p249"
    },
    {
        "os_name": "openSUSE",
        "os_version": "11.4",
        "pkg_name": "ruby",
        "pkg_version": "1.8.7-p334"
    },
    {
        "os_name": "openSUSE",
        "os_version": "12.1",
        "pkg_name": "ruby",
        "pkg_version": "1.8.7-p352"
    },
    {
        "os_name": "openSUSE",
        "os_version": "11.1",
        "pkg_name": "ruby",
        "pkg_version": "1.8.7-p72"
    },
    {
        "os_name": "openSUSE",
        "os_version": "11.2",
        "pkg_name": "ruby",
        "pkg_version": "1.8.7-p72"
    },
    {
        "os_name": "openSUSE",
        "os_version": "5.3",
        "pkg_name": "ruby",
        "pkg_version": "1.9.18p10"
    },
    {
        "os_name": "openSUSE",
        "os_version": "6.0",
        "pkg_name": "ruby",
        "pkg_version": "1.9.18p10"
    },
    {
        "os_name": "openSUSE",
        "os_version": "5.2",
        "pkg_name": "ruby",
        "pkg_version": "1.9.18p3"
    },
    {
        "os_name": "openSUSE",
        "os_version": "12.2",
        "pkg_name": "ruby",
        "pkg_version": "1.9.3-p194"
    },
    {
        "os_name": "openSUSE",
        "os_version": "12.3",
        "pkg_name": "ruby",
        "pkg_version": "1.9.3-p385"
    },
    {
        "os_name": "openSUSE",
        "os_version": "13.1",
        "pkg_name": "ruby",
        "pkg_version": "2.0.0-p247"
    },
    {
        "os_name": "openSUSE",
        "os_version": "6.1",
        "pkg_name": "ruby",
        "pkg_version": "2.0.3"
    },
    {
        "os_name": "openSUSE",
        "os_version": "6.2",
        "pkg_name": "ruby",
        "pkg_version": "2.0.5a"
    },
    {
        "os_name": "openSUSE",
        "os_version": "6.3",
        "pkg_name": "ruby",
        "pkg_version": "2.0.6"
    },
    {
        "os_name": "openSUSE",
        "os_version": "6.4",
        "pkg_name": "ruby",
        "pkg_version": "2.0.6"
    },
    {
        "os_name": "openSUSE",
        "os_version": "7.0",
        "pkg_name": "ruby",
        "pkg_version": "2.0.7"
    },
    {
        "os_name": "openSUSE",
        "os_version": "7.1",
        "pkg_name": "ruby",
        "pkg_version": "2.0.7"
    },
    {
        "os_name": "openSUSE",
        "os_version": "42.1",
        "pkg_name": "ruby",
        "pkg_version": "2.1"
    },
    {
        "os_name": "openSUSE",
        "os_version": "tumbleweed",
        "pkg_name": "ruby",
        "pkg_version": "2.1"
    },
    {
        "os_name": "openSUSE",
        "os_version": "13.2",
        "pkg_name": "ruby",
        "pkg_version": "2.1.3"
    },
    {
        "os_name": "openSUSE",
        "os_version": "tumbleweed",
        "pkg_name": "ruby",
        "pkg_version": "2.2"
    },
    {
        "os_name": "openSUSE",
        "os_version": "7.2",
        "pkg_name": "ruby",
        "pkg_version": "2.2.0a"
    },
    {
        "os_name": "openSUSE",
        "os_version": "7.3",
        "pkg_name": "ruby",
        "pkg_version": "2.2.1a"
    },
    {
        "os_name": "openSUSE",
        "os_version": "8.0",
        "pkg_name": "ruby",
        "pkg_version": "2.2.3a"
    },
    {
        "os_name": "openSUSE",
        "os_version": "8.1",
        "pkg_name": "ruby",
        "pkg_version": "2.2.5"
    },
    {
        "os_name": "openSUSE",
        "os_version": "8.2",
        "pkg_name": "ruby",
        "pkg_version": "2.2.7a"
    },
    {
        "os_name": "openSUSE",
        "os_version": "9.0",
        "pkg_name": "ruby",
        "pkg_version": "2.2.8a"
    },
    {
        "os_name": "openSUSE",
        "os_version": "9.3",
        "pkg_name": "ruby",
        "pkg_version": "3.0.12"
    },
    {
        "os_name": "openSUSE",
        "os_version": "10.0",
        "pkg_name": "ruby",
        "pkg_version": "3.0.20"
    },
    {
        "os_name": "openSUSE",
        "os_version": "10.1",
        "pkg_name": "ruby",
        "pkg_version": "3.0.22"
    },
    {
        "os_name": "openSUSE",
        "os_version": "10.2",
        "pkg_name": "ruby",
        "pkg_version": "3.0.23d"
    },
    {
        "os_name": "openSUSE",
        "os_version": "10.3",
        "pkg_name": "ruby",
        "pkg_version": "3.0.26a"
    },
    {
        "os_name": "openSUSE",
        "os_version": "9.1",
        "pkg_name": "ruby",
        "pkg_version": "3.0.2a"
    },
    {
        "os_name": "openSUSE",
        "os_version": "9.2",
        "pkg_name": "ruby",
        "pkg_version": "3.0.7"
    },
    {
        "os_name": "openSUSE",
        "os_version": "11.0",
        "pkg_name": "ruby",
        "pkg_version": "3.2.0"
    },
    {
        "os_name": "openSUSE",
        "os_version": "11.1",
        "pkg_name": "ruby",
        "pkg_version": "3.2.5"
    },
    {
        "os_name": "openSUSE",
        "os_version": "11.2",
        "pkg_name": "ruby",
        "pkg_version": "3.4.2"
    },
    {
        "os_name": "openSUSE",
        "os_version": "11.3",
        "pkg_name": "ruby",
        "pkg_version": "3.5.4"
    },
    {
        "os_name": "openSUSE",
        "os_version": "11.4",
        "pkg_name": "ruby",
        "pkg_version": "3.5.7"
    },
    {
        "os_name": "openSUSE",
        "os_version": "12.1",
        "pkg_name": "ruby",
        "pkg_version": "3.6.1"
    },
    {
        "os_name": "openSUSE",
        "os_version": "12.3",
        "pkg_name": "ruby",
        "pkg_version": "3.6.12"
    },
    {
        "os_name": "openSUSE",
        "os_version": "12.2",
        "pkg_name": "ruby",
        "pkg_version": "3.6.7"
    },
    {
        "os_name": "openSUSE",
        "os_version": "13.1",
        "pkg_name": "ruby",
        "pkg_version": "4.1.0"
    },
    {
        "os_name": "openSUSE",
        "os_version": "13.2",
        "pkg_name": "ruby",
        "pkg_version": "4.1.12"
    },
    {
        "os_name": "openSUSE",
        "os_version": "tumbleweed",
        "pkg_name": "ruby",
        "pkg_version": "4.2.2"
    },
    {
        "os_name": "openSUSE",
        "os_version": "8.2",
        "pkg_name": "subversion",
        "pkg_version": "0.14.2"
    },
    {
        "os_name": "openSUSE",
        "os_version": "9.0",
        "pkg_name": "subversion",
        "pkg_version": "0.17.1"
    },
    {
        "os_name": "openSUSE",
        "os_version": "7.1",
        "pkg_name": "subversion",
        "pkg_version": "0.4.52"
    },
    {
        "os_name": "openSUSE",
        "os_version": "7.2",
        "pkg_name": "subversion",
        "pkg_version": "0.4.64"
    },
    {
        "os_name": "openSUSE",
        "os_version": "7.3",
        "pkg_name": "subversion",
        "pkg_version": "0.6.1claws"
    },
    {
        "os_name": "openSUSE",
        "os_version": "8.0",
        "pkg_name": "subversion",
        "pkg_version": "0.7.2claws"
    },
    {
        "os_name": "openSUSE",
        "os_version": "8.1",
        "pkg_name": "subversion",
        "pkg_version": "0.8.1"
    },
    {
        "os_name": "openSUSE",
        "os_version": "8.2",
        "pkg_name": "subversion",
        "pkg_version": "0.8.10"
    },
    {
        "os_name": "openSUSE",
        "os_version": "9.1",
        "pkg_name": "subversion",
        "pkg_version": "0.9.10"
    },
    {
        "os_name": "openSUSE",
        "os_version": "9.2",
        "pkg_name": "subversion",
        "pkg_version": "0.9.12"
    },
    {
        "os_name": "openSUSE",
        "os_version": "9.0",
        "pkg_name": "subversion",
        "pkg_version": "0.9.4"
    },
    {
        "os_name": "openSUSE",
        "os_version": "9.1",
        "pkg_name": "subversion",
        "pkg_version": "1.0.0"
    },
    {
        "os_name": "openSUSE",
        "os_version": "10.0",
        "pkg_name": "subversion",
        "pkg_version": "1.0.3"
    },
    {
        "os_name": "openSUSE",
        "os_version": "10.1",
        "pkg_name": "subversion",
        "pkg_version": "1.0.3"
    },
    {
        "os_name": "openSUSE",
        "os_version": "9.3",
        "pkg_name": "subversion",
        "pkg_version": "1.0.3"
    },
    {
        "os_name": "openSUSE",
        "os_version": "9.2",
        "pkg_name": "subversion",
        "pkg_version": "1.0.8"
    },
    {
        "os_name": "openSUSE",
        "os_version": "9.3",
        "pkg_name": "subversion",
        "pkg_version": "1.1.3"
    },
    {
        "os_name": "openSUSE",
        "os_version": "10.0",
        "pkg_name": "subversion",
        "pkg_version": "1.2.3"
    },
    {
        "os_name": "openSUSE",
        "os_version": "10.1",
        "pkg_name": "subversion",
        "pkg_version": "1.3.0"
    },
    {
        "os_name": "openSUSE",
        "os_version": "10.2",
        "pkg_name": "subversion",
        "pkg_version": "1.4.0"
    },
    {
        "os_name": "openSUSE",
        "os_version": "10.3",
        "pkg_name": "subversion",
        "pkg_version": "1.4.4"
    },
    {
        "os_name": "openSUSE",
        "os_version": "11.0",
        "pkg_name": "subversion",
        "pkg_version": "1.5.0"
    },
    {
        "os_name": "openSUSE",
        "os_version": "11.1",
        "pkg_name": "subversion",
        "pkg_version": "1.5.2"
    },
    {
        "os_name": "openSUSE",
        "os_version": "11.4",
        "pkg_name": "subversion",
        "pkg_version": "1.6.15"
    },
    {
        "os_name": "openSUSE",
        "os_version": "12.1",
        "pkg_name": "subversion",
        "pkg_version": "1.6.17"
    },
    {
        "os_name": "openSUSE",
        "os_version": "11.2",
        "pkg_name": "subversion",
        "pkg_version": "1.6.6"
    },
    {
        "os_name": "openSUSE",
        "os_version": "11.3",
        "pkg_name": "subversion",
        "pkg_version": "1.6.9"
    },
    {
        "os_name": "openSUSE",
        "os_version": "12.2",
        "pkg_name": "subversion",
        "pkg_version": "1.7.5"
    },
    {
        "os_name": "openSUSE",
        "os_version": "12.3",
        "pkg_name": "subversion",
        "pkg_version": "1.7.8"
    },
    {
        "os_name": "openSUSE",
        "os_version": "13.2",
        "pkg_name": "subversion",
        "pkg_version": "1.8.10"
    },
    {
        "os_name": "openSUSE",
        "os_version": "42.1",
        "pkg_name": "subversion",
        "pkg_version": "1.8.10"
    },
    {
        "os_name": "openSUSE",
        "os_version": "tumbleweed",
        "pkg_name": "subversion",
        "pkg_version": "1.8.13"
    },
    {
        "os_name": "openSUSE",
        "os_version": "tumbleweed",
        "pkg_name": "subversion",
        "pkg_version": "1.8.14"
    },
    {
        "os_name": "openSUSE",
        "os_version": "13.1",
        "pkg_name": "subversion",
        "pkg_version": "1.8.3"
    },
    {
        "os_name": "openSUSE",
        "os_version": "tumbleweed",
        "pkg_name": "subversion",
        "pkg_version": "1.9.0"
    },
    {
        "os_name": "openSUSE",
        "os_version": "tumbleweed",
        "pkg_name": "subversion",
        "pkg_version": "1.9.1"
    },
    {
        "os_name": "openSUSE",
        "os_version": "tumbleweed",
        "pkg_name": "subversion",
        "pkg_version": "1.9.2"
    },
    {
        "os_name": "openSUSE",
        "os_version": "tumbleweed",
        "pkg_name": "subversion",
        "pkg_version": "1.9.3"
    },
    {
        "os_name": "openSUSE",
        "os_version": "tumbleweed",
        "pkg_name": "subversion",
        "pkg_version": "1.9.4"
    },
    {
        "os_name": "openSUSE",
        "os_version": "10.2",
        "pkg_name": "subversion",
        "pkg_version": "2.5.5"
    },
    {
        "os_name": "openSUSE",
        "os_version": "8.2",
        "pkg_name": "webmin",
        "pkg_version": "1.070"
    },
    {
        "os_name": "openSUSE",
        "os_version": "9.0",
        "pkg_name": "webmin",
        "pkg_version": "1.070"
    },
    {
        "os_name": "openSUSE",
        "os_version": "10.0",
        "pkg_name": "webmin",
        "pkg_version": "1.10.1"
    },
    {
        "os_name": "openSUSE",
        "os_version": "10.1",
        "pkg_name": "webmin",
        "pkg_version": "1.10.2"
    },
    {
        "os_name": "openSUSE",
        "os_version": "10.2",
        "pkg_name": "webmin",
        "pkg_version": "1.10.2"
    },
    {
        "os_name": "openSUSE",
        "os_version": "10.3",
        "pkg_name": "webmin",
        "pkg_version": "1.10.2"
    },
    {
        "os_name": "openSUSE",
        "os_version": "11.0",
        "pkg_name": "webmin",
        "pkg_version": "1.11.1"
    },
    {
        "os_name": "openSUSE",
        "os_version": "11.1",
        "pkg_name": "webmin",
        "pkg_version": "1.11.4"
    },
    {
        "os_name": "openSUSE",
        "os_version": "11.2",
        "pkg_name": "webmin",
        "pkg_version": "1.11.4"
    },
    {
        "os_name": "openSUSE",
        "os_version": "11.3",
        "pkg_name": "webmin",
        "pkg_version": "1.11.4"
    },
    {
        "os_name": "openSUSE",
        "os_version": "11.4",
        "pkg_name": "webmin",
        "pkg_version": "1.12"
    },
    {
        "os_name": "openSUSE",
        "os_version": "12.1",
        "pkg_name": "webmin",
        "pkg_version": "1.13.4"
    },
    {
        "os_name": "openSUSE",
        "os_version": "12.2",
        "pkg_name": "webmin",
        "pkg_version": "1.13.4"
    },
    {
        "os_name": "openSUSE",
        "os_version": "12.3",
        "pkg_name": "webmin",
        "pkg_version": "1.13.4"
    },
    {
        "os_name": "openSUSE",
        "os_version": "9.1",
        "pkg_name": "webmin",
        "pkg_version": "1.130"
    },
    {
        "os_name": "openSUSE",
        "os_version": "13.1",
        "pkg_name": "webmin",
        "pkg_version": "1.14"
    },
    {
        "os_name": "openSUSE",
        "os_version": "13.2",
        "pkg_name": "webmin",
        "pkg_version": "1.15"
    },
    {
        "os_name": "openSUSE",
        "os_version": "tumbleweed",
        "pkg_name": "webmin",
        "pkg_version": "1.16.3"
    },
    {
        "os_name": "openSUSE",
        "os_version": "5.2",
        "pkg_name": "webmin",
        "pkg_version": "1.4.5"
    },
    {
        "os_name": "openSUSE",
        "os_version": "5.3",
        "pkg_name": "webmin",
        "pkg_version": "1.5.2"
    },
    {
        "os_name": "openSUSE",
        "os_version": "6.0",
        "pkg_name": "webmin",
        "pkg_version": "1.5.3"
    },
    {
        "os_name": "openSUSE",
        "os_version": "6.1",
        "pkg_name": "webmin",
        "pkg_version": "1.5.3"
    },
    {
        "os_name": "openSUSE",
        "os_version": "6.2",
        "pkg_name": "webmin",
        "pkg_version": "1.5.3"
    },
    {
        "os_name": "openSUSE",
        "os_version": "6.3",
        "pkg_name": "webmin",
        "pkg_version": "1.5.3"
    },
    {
        "os_name": "openSUSE",
        "os_version": "6.4",
        "pkg_name": "webmin",
        "pkg_version": "1.5.3"
    },
    {
        "os_name": "openSUSE",
        "os_version": "7.0",
        "pkg_name": "webmin",
        "pkg_version": "1.5.3"
    },
    {
        "os_name": "openSUSE",
        "os_version": "7.1",
        "pkg_name": "webmin",
        "pkg_version": "1.5.3"
    },
    {
        "os_name": "openSUSE",
        "os_version": "7.2",
        "pkg_name": "webmin",
        "pkg_version": "1.6"
    },
    {
        "os_name": "openSUSE",
        "os_version": "7.3",
        "pkg_name": "webmin",
        "pkg_version": "1.7"
    },
    {
        "os_name": "openSUSE",
        "os_version": "8.0",
        "pkg_name": "webmin",
        "pkg_version": "1.8.1"
    },
    {
        "os_name": "openSUSE",
        "os_version": "8.1",
        "pkg_name": "webmin",
        "pkg_version": "1.8.2"
    },
    {
        "os_name": "openSUSE",
        "os_version": "8.2",
        "pkg_name": "webmin",
        "pkg_version": "1.8.2"
    },
    {
        "os_name": "openSUSE",
        "os_version": "9.0",
        "pkg_name": "webmin",
        "pkg_version": "1.8.2"
    },
    {
        "os_name": "openSUSE",
        "os_version": "9.1",
        "pkg_name": "webmin",
        "pkg_version": "1.9.1"
    },
    {
        "os_name": "openSUSE",
        "os_version": "9.2",
        "pkg_name": "webmin",
        "pkg_version": "1.9.1"
    },
    {
        "os_name": "openSUSE",
        "os_version": "9.3",
        "pkg_name": "webmin",
        "pkg_version": "1.9.1"
    },
    {
        "os_name": "openSUSE",
        "os_version": "5.2",
        "pkg_name": "wordpress",
        "pkg_version": "--;"
    },
    {
        "os_name": "openSUSE",
        "os_version": "6.3",
        "pkg_name": "wordpress",
        "pkg_version": "3.1.1"
    },
    {
        "os_name": "openSUSE",
        "os_version": "6.4",
        "pkg_name": "wordpress",
        "pkg_version": "3.2.5"
    },
    {
        "os_name": "openSUSE",
        "os_version": "7.0",
        "pkg_name": "wordpress",
        "pkg_version": "3.4.3"
    },
    {
        "os_name": "openSUSE",
        "os_version": "7.1",
        "pkg_name": "wordpress",
        "pkg_version": "3.6.3"
    },
    {
        "os_name": "openSUSE",
        "os_version": "7.2",
        "pkg_name": "wordpress",
        "pkg_version": "3.8.0"
    },
    {
        "os_name": "openSUSE",
        "os_version": "8.0",
        "pkg_name": "wordpress",
        "pkg_version": "3.8.14"
    },
    {
        "os_name": "openSUSE",
        "os_version": "8.1",
        "pkg_name": "wordpress",
        "pkg_version": "3.8.16"
    },
    {
        "os_name": "openSUSE",
        "os_version": "8.2",
        "pkg_name": "wordpress",
        "pkg_version": "3.8.16"
    },
    {
        "os_name": "openSUSE",
        "os_version": "9.0",
        "pkg_name": "wordpress",
        "pkg_version": "3.8.18"
    },
    {
        "os_name": "openSUSE",
        "os_version": "9.1",
        "pkg_name": "wordpress",
        "pkg_version": "3.8.18"
    },
    {
        "os_name": "openSUSE",
        "os_version": "7.3",
        "pkg_name": "wordpress",
        "pkg_version": "3.8.5"
    },
    {
        "os_name": "openSUSE",
        "os_version": "9.2",
        "pkg_name": "wordpress",
        "pkg_version": "4.0.5"
    },
    {
        "os_name": "openSUSE",
        "os_version": "9.3",
        "pkg_name": "wordpress",
        "pkg_version": "4.0.5"
    },
    {
        "os_name": "openSUSE",
        "os_version": "12.2",
        "pkg_name": "wordpress",
        "pkg_version": "4.10.0"
    },
    {
        "os_name": "openSUSE",
        "os_version": "12.3",
        "pkg_name": "wordpress",
        "pkg_version": "4.10.0"
    },
    {
        "os_name": "openSUSE",
        "os_version": "13.1",
        "pkg_name": "wordpress",
        "pkg_version": "4.10.2"
    },
    {
        "os_name": "openSUSE",
        "os_version": "13.2",
        "pkg_name": "wordpress",
        "pkg_version": "4.10.2"
    },
    {
        "os_name": "openSUSE",
        "os_version": "tumbleweed",
        "pkg_name": "wordpress",
        "pkg_version": "4.12.2"
    },
    {
        "os_name": "openSUSE",
        "os_version": "10.0",
        "pkg_name": "wordpress",
        "pkg_version": "4.2.2"
    },
    {
        "os_name": "openSUSE",
        "os_version": "10.1",
        "pkg_name": "wordpress",
        "pkg_version": "4.2.3"
    },
    {
        "os_name": "openSUSE",
        "os_version": "10.2",
        "pkg_name": "wordpress",
        "pkg_version": "4.2.3"
    },
    {
        "os_name": "openSUSE",
        "os_version": "10.3",
        "pkg_name": "wordpress",
        "pkg_version": "4.4.1"
    },
    {
        "os_name": "openSUSE",
        "os_version": "11.0",
        "pkg_name": "wordpress",
        "pkg_version": "4.4.2"
    },
    {
        "os_name": "openSUSE",
        "os_version": "11.1",
        "pkg_name": "wordpress",
        "pkg_version": "4.4.3"
    },
    {
        "os_name": "openSUSE",
        "os_version": "11.2",
        "pkg_name": "wordpress",
        "pkg_version": "4.6.1"
    },
    {
        "os_name": "openSUSE",
        "os_version": "11.3",
        "pkg_name": "wordpress",
        "pkg_version": "4.6.1"
    },
    {
        "os_name": "openSUSE",
        "os_version": "11.4",
        "pkg_name": "wordpress",
        "pkg_version": "4.8"
    },
    {
        "os_name": "openSUSE",
        "os_version": "12.1",
        "pkg_name": "wordpress",
        "pkg_version": "4.8.3"
    }
]