[
    {
        "os_name": "OpenBSD",
        "os_version": "4.6",
        "pkg_name": "Apache",
        "pkg_version": "2.2.11"
    },
    {
        "os_name": "OpenBSD",
        "os_version": "4.7",
        "pkg_name": "Apache",
        "pkg_version": "2.2.14"
    },
    {
        "os_name": "OpenBSD",
        "os_version": "4.8",
        "pkg_name": "Apache",
        "pkg_version": "2.2.15"
    },
    {
        "os_name": "OpenBSD",
        "os_version": "4.9",
        "pkg_name": "Apache",
        "pkg_version": "2.2.15"
    },
    {
        "os_name": "OpenBSD",
        "os_version": "5.0",
        "pkg_name": "Apache",
        "pkg_version": "2.2.15"
    },
    {
        "os_name": "OpenBSD",
        "os_version": "5.1",
        "pkg_name": "Apache",
        "pkg_version": "2.2.20"
    },
    {
        "os_name": "OpenBSD",
        "os_version": "5.2",
        "pkg_name": "Apache",
        "pkg_version": "2.2.22"
    },
    {
        "os_name": "OpenBSD",
        "os_version": "5.3",
        "pkg_name": "Apache",
        "pkg_version": "2.2.23"
    },
    {
        "os_name": "OpenBSD",
        "os_version": "5.4",
        "pkg_name": "Apache",
        "pkg_version": "2.2.25"
    },
    {
        "os_name": "OpenBSD",
        "os_version": "5.5",
        "pkg_name": "Apache",
        "pkg_version": "2.2.26"
    },
    {
        "os_name": "OpenBSD",
        "os_version": "5.6",
        "pkg_name": "Apache",
        "pkg_version": "2.2.27"
    },
    {
        "os_name": "OpenBSD",
        "os_version": "5.7",
        "pkg_name": "Apache",
        "pkg_version": "2.2.29"
    },
    {
        "os_name": "OpenBSD",
        "os_version": "4.1",
        "pkg_name": "Apache",
        "pkg_version": "2.2.3"
    },
    {
        "os_name": "OpenBSD",
        "os_version": "4.2",
        "pkg_name": "Apache",
        "pkg_version": "2.2.4"
    },
    {
        "os_name": "OpenBSD",
        "os_version": "4.3",
        "pkg_name": "Apache",
        "pkg_version": "2.2.8"
    },
    {
        "os_name": "OpenBSD",
        "os_version": "4.4",
        "pkg_name": "Apache",
        "pkg_version": "2.2.8"
    },
    {
        "os_name": "OpenBSD",
        "os_version": "4.5",
        "pkg_name": "Apache",
        "pkg_version": "2.2.9"
    },
    {
        "os_name": "OpenBSD",
        "os_version": "5.8",
        "pkg_name": "Apache",
        "pkg_version": "2.4.16"
    },
    {
        "os_name": "OpenBSD",
        "os_version": "5.9",
        "pkg_name": "Apache",
        "pkg_version": "2.4.18"
    },
    {
        "os_name": "OpenBSD",
        "os_version": "6.0",
        "pkg_name": "Apache",
        "pkg_version": "2.4.23"
    },
    {
        "os_name": "OpenBSD",
        "os_version": "3.0",
        "pkg_name": "apache-tomcat",
        "pkg_version": "3.2.2"
    },
    {
        "os_name": "OpenBSD",
        "os_version": "3.1",
        "pkg_name": "apache-tomcat",
        "pkg_version": "4.0.2"
    },
    {
        "os_name": "OpenBSD",
        "os_version": "3.2",
        "pkg_name": "apache-tomcat",
        "pkg_version": "4.0.5"
    },
    {
        "os_name": "OpenBSD",
        "os_version": "3.3",
        "pkg_name": "apache-tomcat",
        "pkg_version": "4.0.6"
    },
    {
        "os_name": "OpenBSD",
        "os_version": "3.4",
        "pkg_name": "apache-tomcat",
        "pkg_version": "4.0.6"
    },
    {
        "os_name": "OpenBSD",
        "os_version": "3.5",
        "pkg_name": "apache-tomcat",
        "pkg_version": "4.1.29"
    },
    {
        "os_name": "OpenBSD",
        "os_version": "3.6",
        "pkg_name": "apache-tomcat",
        "pkg_version": "4.1.30"
    },
    {
        "os_name": "OpenBSD",
        "os_version": "3.7",
        "pkg_name": "apache-tomcat",
        "pkg_version": "5.0.28"
    },
    {
        "os_name": "OpenBSD",
        "os_version": "3.8",
        "pkg_name": "apache-tomcat",
        "pkg_version": "5.0.28"
    },
    {
        "os_name": "OpenBSD",
        "os_version": "3.9",
        "pkg_name": "apache-tomcat",
        "pkg_version": "5.0.28"
    },
    {
        "os_name": "OpenBSD",
        "os_version": "4.0",
        "pkg_name": "apache-tomcat",
        "pkg_version": "5.0.28"
    },
    {
        "os_name": "OpenBSD",
        "os_version": "4.1",
        "pkg_name": "apache-tomcat",
        "pkg_version": "5.0.28"
    },
    {
        "os_name": "OpenBSD",
        "os_version": "4.2",
        "pkg_name": "apache-tomcat",
        "pkg_version": "5.5.23"
    },
    {
        "os_name": "OpenBSD",
        "os_version": "4.3",
        "pkg_name": "apache-tomcat",
        "pkg_version": "5.5.26"
    },
    {
        "os_name": "OpenBSD",
        "os_version": "4.4",
        "pkg_name": "apache-tomcat",
        "pkg_version": "5.5.26"
    },
    {
        "os_name": "OpenBSD",
        "os_version": "4.5",
        "pkg_name": "apache-tomcat",
        "pkg_version": "6.0.18"
    },
    {
        "os_name": "OpenBSD",
        "os_version": "4.6",
        "pkg_name": "apache-tomcat",
        "pkg_version": "6.0.20"
    },
    {
        "os_name": "OpenBSD",
        "os_version": "4.7",
        "pkg_name": "apache-tomcat",
        "pkg_version": "6.0.20"
    },
    {
        "os_name": "OpenBSD",
        "os_version": "4.8",
        "pkg_name": "apache-tomcat",
        "pkg_version": "6.0.20"
    },
    {
        "os_name": "OpenBSD",
        "os_version": "4.9",
        "pkg_name": "apache-tomcat",
        "pkg_version": "6.0.20"
    },
    {
        "os_name": "OpenBSD",
        "os_version": "5.0",
        "pkg_name": "apache-tomcat",
        "pkg_version": "6.0.32"
    },
    {
        "os_name": "OpenBSD",
        "os_version": "5.1",
        "pkg_name": "apache-tomcat",
        "pkg_version": "7.0.25"
    },
    {
        "os_name": "OpenBSD",
        "os_version": "5.2",
        "pkg_name": "apache-tomcat",
        "pkg_version": "7.0.29"
    },
    {
        "os_name": "OpenBSD",
        "os_version": "5.3",
        "pkg_name": "apache-tomcat",
        "pkg_version": "7.0.35"
    },
    {
        "os_name": "OpenBSD",
        "os_version": "5.4",
        "pkg_name": "apache-tomcat",
        "pkg_version": "7.0.42"
    },
    {
        "os_name": "OpenBSD",
        "os_version": "5.6",
        "pkg_name": "apache-tomcat",
        "pkg_version": "7.0.54"
    },
    {
        "os_name": "OpenBSD",
        "os_version": "5.7",
        "pkg_name": "apache-tomcat",
        "pkg_version": "8.0.18"
    },
    {
        "os_name": "OpenBSD",
        "os_version": "5.8",
        "pkg_name": "apache-tomcat",
        "pkg_version": "8.0.24"
    },
    {
        "os_name": "OpenBSD",
        "os_version": "5.9",
        "pkg_name": "apache-tomcat",
        "pkg_version": "8.0.30"
    },
    {
        "os_name": "OpenBSD",
        "os_version": "6.0",
        "pkg_name": "apache-tomcat",
        "pkg_version": "8.0.36"
    },
    {
        "os_name": "OpenBSD",
        "os_version": "3.6",
        "pkg_name": "lighttpd",
        "pkg_version": "1.3.13"
    },
    {
        "os_name": "OpenBSD",
        "os_version": "3.7",
        "pkg_name": "lighttpd",
        "pkg_version": "1.3.16"
    },
    {
        "os_name": "OpenBSD",
        "os_version": "3.8",
        "pkg_name": "lighttpd",
        "pkg_version": "1.4.10"
    },
    {
        "os_name": "OpenBSD",
        "os_version": "3.9",
        "pkg_name": "lighttpd",
        "pkg_version": "1.4.10"
    },
    {
        "os_name": "OpenBSD",
        "os_version": "4.0",
        "pkg_name": "lighttpd",
        "pkg_version": "1.4.11"
    },
    {
        "os_name": "OpenBSD",
        "os_version": "4.1",
        "pkg_name": "lighttpd",
        "pkg_version": "1.4.13"
    },
    {
        "os_name": "OpenBSD",
        "os_version": "4.2",
        "pkg_name": "lighttpd",
        "pkg_version": "1.4.16"
    },
    {
        "os_name": "OpenBSD",
        "os_version": "4.3",
        "pkg_name": "lighttpd",
        "pkg_version": "1.4.18"
    },
    {
        "os_name": "OpenBSD",
        "os_version": "4.4",
        "pkg_name": "lighttpd",
        "pkg_version": "1.4.19"
    },
    {
        "os_name": "OpenBSD",
        "os_version": "4.5",
        "pkg_name": "lighttpd",
        "pkg_version": "1.4.21"
    },
    {
        "os_name": "OpenBSD",
        "os_version": "4.6",
        "pkg_name": "lighttpd",
        "pkg_version": "1.4.23"
    },
    {
        "os_name": "OpenBSD",
        "os_version": "4.7",
        "pkg_name": "lighttpd",
        "pkg_version": "1.4.25"
    },
    {
        "os_name": "OpenBSD",
        "os_version": "4.8",
        "pkg_name": "lighttpd",
        "pkg_version": "1.4.26"
    },
    {
        "os_name": "OpenBSD",
        "os_version": "4.9",
        "pkg_name": "lighttpd",
        "pkg_version": "1.4.28"
    },
    {
        "os_name": "OpenBSD",
        "os_version": "5.0",
        "pkg_name": "lighttpd",
        "pkg_version": "1.4.29"
    },
    {
        "os_name": "OpenBSD",
        "os_version": "5.1",
        "pkg_name": "lighttpd",
        "pkg_version": "1.4.30"
    },
    {
        "os_name": "OpenBSD",
        "os_version": "5.2",
        "pkg_name": "lighttpd",
        "pkg_version": "1.4.31"
    },
    {
        "os_name": "OpenBSD",
        "os_version": "5.3",
        "pkg_name": "lighttpd",
        "pkg_version": "1.4.32"
    },
    {
        "os_name": "OpenBSD",
        "os_version": "5.4",
        "pkg_name": "lighttpd",
        "pkg_version": "1.4.32"
    },
    {
        "os_name": "OpenBSD",
        "os_version": "5.5",
        "pkg_name": "lighttpd",
        "pkg_version": "1.4.34"
    },
    {
        "os_name": "OpenBSD",
        "os_version": "5.6",
        "pkg_name": "lighttpd",
        "pkg_version": "1.4.35"
    },
    {
        "os_name": "OpenBSD",
        "os_version": "5.7",
        "pkg_name": "lighttpd",
        "pkg_version": "1.4.35"
    },
    {
        "os_name": "OpenBSD",
        "os_version": "5.8",
        "pkg_name": "lighttpd",
        "pkg_version": "1.4.36"
    },
    {
        "os_name": "OpenBSD",
        "os_version": "5.9",
        "pkg_name": "lighttpd",
        "pkg_version": "1.4.38"
    },
    {
        "os_name": "OpenBSD",
        "os_version": "6.0",
        "pkg_name": "lighttpd",
        "pkg_version": "1.4.38"
    },
    {
        "os_name": "OpenBSD",
        "os_version": "2.8",
        "pkg_name": "mod_perl",
        "pkg_version": "1.24"
    },
    {
        "os_name": "OpenBSD",
        "os_version": "2.9",
        "pkg_name": "mod_perl",
        "pkg_version": "1.25"
    },
    {
        "os_name": "OpenBSD",
        "os_version": "3.0",
        "pkg_name": "mod_perl",
        "pkg_version": "1.26"
    },
    {
        "os_name": "OpenBSD",
        "os_version": "3.1",
        "pkg_name": "mod_perl",
        "pkg_version": "1.26"
    },
    {
        "os_name": "OpenBSD",
        "os_version": "3.2",
        "pkg_name": "mod_perl",
        "pkg_version": "1.26"
    },
    {
        "os_name": "OpenBSD",
        "os_version": "3.3",
        "pkg_name": "mod_perl",
        "pkg_version": "1.27"
    },
    {
        "os_name": "OpenBSD",
        "os_version": "3.4",
        "pkg_name": "mod_perl",
        "pkg_version": "1.27"
    },
    {
        "os_name": "OpenBSD",
        "os_version": "3.5",
        "pkg_name": "mod_perl",
        "pkg_version": "1.27"
    },
    {
        "os_name": "OpenBSD",
        "os_version": "3.6",
        "pkg_name": "mod_perl",
        "pkg_version": "1.29"
    },
    {
        "os_name": "OpenBSD",
        "os_version": "3.7",
        "pkg_name": "mod_perl",
        "pkg_version": "1.29"
    },
    {
        "os_name": "OpenBSD",
        "os_version": "3.8",
        "pkg_name": "mod_perl",
        "pkg_version": "1.29"
    },
    {
        "os_name": "OpenBSD",
        "os_version": "3.9",
        "pkg_name": "mod_perl",
        "pkg_version": "1.29"
    },
    {
        "os_name": "OpenBSD",
        "os_version": "4.0",
        "pkg_name": "mod_perl",
        "pkg_version": "1.29"
    },
    {
        "os_name": "OpenBSD",
        "os_version": "4.1",
        "pkg_name": "mod_perl",
        "pkg_version": "1.29"
    },
    {
        "os_name": "OpenBSD",
        "os_version": "4.2",
        "pkg_name": "mod_perl",
        "pkg_version": "1.30"
    },
    {
        "os_name": "OpenBSD",
        "os_version": "4.3",
        "pkg_name": "mod_perl",
        "pkg_version": "1.30"
    },
    {
        "os_name": "OpenBSD",
        "os_version": "4.4",
        "pkg_name": "mod_perl",
        "pkg_version": "1.30"
    },
    {
        "os_name": "OpenBSD",
        "os_version": "4.5",
        "pkg_name": "mod_perl",
        "pkg_version": "1.30"
    },
    {
        "os_name": "OpenBSD",
        "os_version": "4.6",
        "pkg_name": "mod_perl",
        "pkg_version": "1.31"
    },
    {
        "os_name": "OpenBSD",
        "os_version": "4.7",
        "pkg_name": "mod_perl",
        "pkg_version": "1.31"
    },
    {
        "os_name": "OpenBSD",
        "os_version": "4.8",
        "pkg_name": "mod_perl",
        "pkg_version": "1.31"
    },
    {
        "os_name": "OpenBSD",
        "os_version": "4.9",
        "pkg_name": "mod_perl",
        "pkg_version": "1.31"
    },
    {
        "os_name": "OpenBSD",
        "os_version": "5.0",
        "pkg_name": "mod_perl",
        "pkg_version": "1.31"
    },
    {
        "os_name": "OpenBSD",
        "os_version": "5.1",
        "pkg_name": "mod_perl",
        "pkg_version": "1.31"
    },
    {
        "os_name": "OpenBSD",
        "os_version": "5.2",
        "pkg_name": "mod_perl",
        "pkg_version": "1.31"
    },
    {
        "os_name": "OpenBSD",
        "os_version": "5.3",
        "pkg_name": "mod_perl",
        "pkg_version": "1.31"
    },
    {
        "os_name": "OpenBSD",
        "os_version": "5.4",
        "pkg_name": "mod_perl",
        "pkg_version": "1.32pre"
    },
    {
        "os_name": "OpenBSD",
        "os_version": "5.5",
        "pkg_name": "mod_perl",
        "pkg_version": "1.32pre"
    },
    {
        "os_name": "OpenBSD",
        "os_version": "5.6",
        "pkg_name": "mod_perl",
        "pkg_version": "1.32pre"
    },
    {
        "os_name": "OpenBSD",
        "os_version": "5.7",
        "pkg_name": "mod_perl",
        "pkg_version": "1.32pre"
    },
    {
        "os_name": "OpenBSD",
        "os_version": "5.8",
        "pkg_name": "mod_perl",
        "pkg_version": "1.32pre"
    },
    {
        "os_name": "OpenBSD",
        "os_version": "5.9",
        "pkg_name": "mod_perl",
        "pkg_version": "1.32pre"
    },
    {
        "os_name": "OpenBSD",
        "os_version": "6.0",
        "pkg_name": "mod_perl",
        "pkg_version": "2.0.9"
    },
    {
        "os_name": "OpenBSD",
        "os_version": "4.3",
        "pkg_name": "nginx",
        "pkg_version": "0.5.35"
    },
    {
        "os_name": "OpenBSD",
        "os_version": "4.4",
        "pkg_name": "nginx",
        "pkg_version": "0.6.31"
    },
    {
        "os_name": "OpenBSD",
        "os_version": "4.5",
        "pkg_name": "nginx",
        "pkg_version": "0.6.34"
    },
    {
        "os_name": "OpenBSD",
        "os_version": "4.6",
        "pkg_name": "nginx",
        "pkg_version": "0.7.60"
    },
    {
        "os_name": "OpenBSD",
        "os_version": "4.7",
        "pkg_name": "nginx",
        "pkg_version": "0.7.65"
    },
    {
        "os_name": "OpenBSD",
        "os_version": "4.8",
        "pkg_name": "nginx",
        "pkg_version": "0.7.67"
    },
    {
        "os_name": "OpenBSD",
        "os_version": "4.9",
        "pkg_name": "nginx",
        "pkg_version": "0.8.53"
    },
    {
        "os_name": "OpenBSD",
        "os_version": "5.1",
        "pkg_name": "nginx",
        "pkg_version": "1.0.11"
    },
    {
        "os_name": "OpenBSD",
        "os_version": "5.2",
        "pkg_name": "nginx",
        "pkg_version": "1.0.15"
    },
    {
        "os_name": "OpenBSD",
        "os_version": "5.0",
        "pkg_name": "nginx",
        "pkg_version": "1.0.4"
    },
    {
        "os_name": "OpenBSD",
        "os_version": "6.0",
        "pkg_name": "nginx",
        "pkg_version": "1.10.1"
    },
    {
        "os_name": "OpenBSD",
        "os_version": "5.3",
        "pkg_name": "nginx",
        "pkg_version": "1.2.3"
    },
    {
        "os_name": "OpenBSD",
        "os_version": "5.4",
        "pkg_name": "nginx",
        "pkg_version": "1.4.1"
    },
    {
        "os_name": "OpenBSD",
        "os_version": "5.5",
        "pkg_name": "nginx",
        "pkg_version": "1.4.4"
    },
    {
        "os_name": "OpenBSD",
        "os_version": "5.6",
        "pkg_name": "nginx",
        "pkg_version": "1.4.7"
    },
    {
        "os_name": "OpenBSD",
        "os_version": "5.7",
        "pkg_name": "nginx",
        "pkg_version": "1.7.10"
    },
    {
        "os_name": "OpenBSD",
        "os_version": "5.9",
        "pkg_name": "nginx",
        "pkg_version": "1.9.10"
    },
    {
        "os_name": "OpenBSD",
        "os_version": "5.8",
        "pkg_name": "nginx",
        "pkg_version": "1.9.3"
    },
    {
        "os_name": "OpenBSD",
        "os_version": "2.6",
        "pkg_name": "openssl",
        "pkg_version": "0.9.4"
    },
    {
        "os_name": "OpenBSD",
        "os_version": "2.7",
        "pkg_name": "openssl",
        "pkg_version": "0.9.5a"
    },
    {
        "os_name": "OpenBSD",
        "os_version": "2.8",
        "pkg_name": "openssl",
        "pkg_version": "0.9.5a"
    },
    {
        "os_name": "OpenBSD",
        "os_version": "2.9",
        "pkg_name": "openssl",
        "pkg_version": "0.9.6"
    },
    {
        "os_name": "OpenBSD",
        "os_version": "3.0",
        "pkg_name": "openssl",
        "pkg_version": "0.9.6b"
    },
    {
        "os_name": "OpenBSD",
        "os_version": "3.1",
        "pkg_name": "openssl",
        "pkg_version": "0.9.6b"
    },
    {
        "os_name": "OpenBSD",
        "os_version": "3.4",
        "pkg_name": "openssl",
        "pkg_version": "0.9.7b"
    },
    {
        "os_name": "OpenBSD",
        "os_version": "3.2",
        "pkg_name": "openssl",
        "pkg_version": "0.9.7beta3"
    },
    {
        "os_name": "OpenBSD",
        "os_version": "3.3",
        "pkg_name": "openssl",
        "pkg_version": "0.9.7beta3"
    },
    {
        "os_name": "OpenBSD",
        "os_version": "3.5",
        "pkg_name": "openssl",
        "pkg_version": "0.9.7c"
    },
    {
        "os_name": "OpenBSD",
        "os_version": "3.6",
        "pkg_name": "openssl",
        "pkg_version": "0.9.7d"
    },
    {
        "os_name": "OpenBSD",
        "os_version": "3.7",
        "pkg_name": "openssl",
        "pkg_version": "0.9.7d"
    },
    {
        "os_name": "OpenBSD",
        "os_version": "3.8",
        "pkg_name": "openssl",
        "pkg_version": "0.9.7g"
    },
    {
        "os_name": "OpenBSD",
        "os_version": "3.9",
        "pkg_name": "openssl",
        "pkg_version": "0.9.7g"
    },
    {
        "os_name": "OpenBSD",
        "os_version": "4.0",
        "pkg_name": "openssl",
        "pkg_version": "0.9.7j"
    },
    {
        "os_name": "OpenBSD",
        "os_version": "4.1",
        "pkg_name": "openssl",
        "pkg_version": "0.9.7j"
    },
    {
        "os_name": "OpenBSD",
        "os_version": "4.2",
        "pkg_name": "openssl",
        "pkg_version": "0.9.7j"
    },
    {
        "os_name": "OpenBSD",
        "os_version": "4.3",
        "pkg_name": "openssl",
        "pkg_version": "0.9.7j"
    },
    {
        "os_name": "OpenBSD",
        "os_version": "4.4",
        "pkg_name": "openssl",
        "pkg_version": "0.9.7j"
    },
    {
        "os_name": "OpenBSD",
        "os_version": "4.5",
        "pkg_name": "openssl",
        "pkg_version": "0.9.8j"
    },
    {
        "os_name": "OpenBSD",
        "os_version": "4.6",
        "pkg_name": "openssl",
        "pkg_version": "0.9.8k"
    },
    {
        "os_name": "OpenBSD",
        "os_version": "4.7",
        "pkg_name": "openssl",
        "pkg_version": "0.9.8k"
    },
    {
        "os_name": "OpenBSD",
        "os_version": "4.8",
        "pkg_name": "openssl",
        "pkg_version": "0.9.8k"
    },
    {
        "os_name": "OpenBSD",
        "os_version": "4.9",
        "pkg_name": "openssl",
        "pkg_version": "1.0.0a"
    },
    {
        "os_name": "OpenBSD",
        "os_version": "5.0",
        "pkg_name": "openssl",
        "pkg_version": "1.0.0a"
    },
    {
        "os_name": "OpenBSD",
        "os_version": "5.1",
        "pkg_name": "openssl",
        "pkg_version": "1.0.0f"
    },
    {
        "os_name": "OpenBSD",
        "os_version": "5.2",
        "pkg_name": "openssl",
        "pkg_version": "1.0.0f"
    },
    {
        "os_name": "OpenBSD",
        "os_version": "5.3",
        "pkg_name": "openssl",
        "pkg_version": "1.0.1c"
    },
    {
        "os_name": "OpenBSD",
        "os_version": "5.4",
        "pkg_name": "openssl",
        "pkg_version": "1.0.1c"
    },
    {
        "os_name": "OpenBSD",
        "os_version": "5.5",
        "pkg_name": "openssl",
        "pkg_version": "1.0.1c"
    },
    {
        "os_name": "OpenBSD",
        "os_version": "5.6",
        "pkg_name": "openssl",
        "pkg_version": "1.0.1h"
    },
    {
        "os_name": "OpenBSD",
        "os_version": "5.7",
        "pkg_name": "openssl",
        "pkg_version": "1.0.1k"
    },
    {
        "os_name": "OpenBSD",
        "os_version": "5.8",
        "pkg_name": "openssl",
        "pkg_version": "1.0.1p"
    },
    {
        "os_name": "OpenBSD",
        "os_version": "5.9",
        "pkg_name": "openssl",
        "pkg_version": "1.0.2f"
    },
    {
        "os_name": "OpenBSD",
        "os_version": "6.0",
        "pkg_name": "openssl",
        "pkg_version": "1.0.2h"
    },
    {
        "os_name": "OpenBSD",
        "os_version": "4.5",
        "pkg_name": "perl",
        "pkg_version": "5.10.0"
    },
    {
        "os_name": "OpenBSD",
        "os_version": "4.6",
        "pkg_name": "perl",
        "pkg_version": "5.10.0"
    },
    {
        "os_name": "OpenBSD",
        "os_version": "4.7",
        "pkg_name": "perl",
        "pkg_version": "5.10.1"
    },
    {
        "os_name": "OpenBSD",
        "os_version": "4.8",
        "pkg_name": "perl",
        "pkg_version": "5.10.1"
    },
    {
        "os_name": "OpenBSD",
        "os_version": "4.9",
        "pkg_name": "perl",
        "pkg_version": "5.12.2"
    },
    {
        "os_name": "OpenBSD",
        "os_version": "5.0",
        "pkg_name": "perl",
        "pkg_version": "5.12.2"
    },
    {
        "os_name": "OpenBSD",
        "os_version": "5.1",
        "pkg_name": "perl",
        "pkg_version": "5.12.2"
    },
    {
        "os_name": "OpenBSD",
        "os_version": "5.2",
        "pkg_name": "perl",
        "pkg_version": "5.12.2"
    },
    {
        "os_name": "OpenBSD",
        "os_version": "5.3",
        "pkg_name": "perl",
        "pkg_version": "5.12.2"
    },
    {
        "os_name": "OpenBSD",
        "os_version": "5.4",
        "pkg_name": "perl",
        "pkg_version": "5.16.3"
    },
    {
        "os_name": "OpenBSD",
        "os_version": "5.5",
        "pkg_name": "perl",
        "pkg_version": "5.16.3"
    },
    {
        "os_name": "OpenBSD",
        "os_version": "5.6",
        "pkg_name": "perl",
        "pkg_version": "5.18.2"
    },
    {
        "os_name": "OpenBSD",
        "os_version": "5.7",
        "pkg_name": "perl",
        "pkg_version": "5.20.1"
    },
    {
        "os_name": "OpenBSD",
        "os_version": "5.8",
        "pkg_name": "perl",
        "pkg_version": "5.20.2"
    },
    {
        "os_name": "OpenBSD",
        "os_version": "5.9",
        "pkg_name": "perl",
        "pkg_version": "5.20.2"
    },
    {
        "os_name": "OpenBSD",
        "os_version": "6.0",
        "pkg_name": "perl",
        "pkg_version": "5.20.3"
    },
    {
        "os_name": "OpenBSD",
        "os_version": "2.7",
        "pkg_name": "perl",
        "pkg_version": "5.6.0"
    },
    {
        "os_name": "OpenBSD",
        "os_version": "2.8",
        "pkg_name": "perl",
        "pkg_version": "5.6.0"
    },
    {
        "os_name": "OpenBSD",
        "os_version": "2.9",
        "pkg_name": "perl",
        "pkg_version": "5.6.0"
    },
    {
        "os_name": "OpenBSD",
        "os_version": "3.0",
        "pkg_name": "perl",
        "pkg_version": "5.6.1"
    },
    {
        "os_name": "OpenBSD",
        "os_version": "3.1",
        "pkg_name": "perl",
        "pkg_version": "5.6.1"
    },
    {
        "os_name": "OpenBSD",
        "os_version": "3.2",
        "pkg_name": "perl",
        "pkg_version": "5.6.1"
    },
    {
        "os_name": "OpenBSD",
        "os_version": "3.3",
        "pkg_name": "perl",
        "pkg_version": "5.8.0"
    },
    {
        "os_name": "OpenBSD",
        "os_version": "3.4",
        "pkg_name": "perl",
        "pkg_version": "5.8.0"
    },
    {
        "os_name": "OpenBSD",
        "os_version": "3.5",
        "pkg_name": "perl",
        "pkg_version": "5.8.2"
    },
    {
        "os_name": "OpenBSD",
        "os_version": "3.6",
        "pkg_name": "perl",
        "pkg_version": "5.8.5"
    },
    {
        "os_name": "OpenBSD",
        "os_version": "3.7",
        "pkg_name": "perl",
        "pkg_version": "5.8.6"
    },
    {
        "os_name": "OpenBSD",
        "os_version": "3.8",
        "pkg_name": "perl",
        "pkg_version": "5.8.6"
    },
    {
        "os_name": "OpenBSD",
        "os_version": "3.9",
        "pkg_name": "perl",
        "pkg_version": "5.8.6"
    },
    {
        "os_name": "OpenBSD",
        "os_version": "4.0",
        "pkg_name": "perl",
        "pkg_version": "5.8.8"
    },
    {
        "os_name": "OpenBSD",
        "os_version": "4.1",
        "pkg_name": "perl",
        "pkg_version": "5.8.8"
    },
    {
        "os_name": "OpenBSD",
        "os_version": "4.2",
        "pkg_name": "perl",
        "pkg_version": "5.8.8"
    },
    {
        "os_name": "OpenBSD",
        "os_version": "4.3",
        "pkg_name": "perl",
        "pkg_version": "5.8.8"
    },
    {
        "os_name": "OpenBSD",
        "os_version": "4.4",
        "pkg_name": "perl",
        "pkg_version": "5.8.8"
    },
    {
        "os_name": "OpenBSD",
        "os_version": "2.7",
        "pkg_name": "php",
        "pkg_version": "3.0.16"
    },
    {
        "os_name": "OpenBSD",
        "os_version": "2.8",
        "pkg_name": "php",
        "pkg_version": "4.0.3pl1"
    },
    {
        "os_name": "OpenBSD",
        "os_version": "2.9",
        "pkg_name": "php",
        "pkg_version": "4.0.4pl1"
    },
    {
        "os_name": "OpenBSD",
        "os_version": "3.0",
        "pkg_name": "php",
        "pkg_version": "4.0.6"
    },
    {
        "os_name": "OpenBSD",
        "os_version": "3.1",
        "pkg_name": "php",
        "pkg_version": "4.1.2"
    },
    {
        "os_name": "OpenBSD",
        "os_version": "3.2",
        "pkg_name": "php",
        "pkg_version": "4.2.3"
    },
    {
        "os_name": "OpenBSD",
        "os_version": "3.3",
        "pkg_name": "php",
        "pkg_version": "4.2.3"
    },
    {
        "os_name": "OpenBSD",
        "os_version": "3.4",
        "pkg_name": "php",
        "pkg_version": "4.3.3"
    },
    {
        "os_name": "OpenBSD",
        "os_version": "3.5",
        "pkg_name": "php",
        "pkg_version": "4.3.5RC3"
    },
    {
        "os_name": "OpenBSD",
        "os_version": "3.6",
        "pkg_name": "php",
        "pkg_version": "4.3.8"
    },
    {
        "os_name": "OpenBSD",
        "os_version": "3.7",
        "pkg_name": "php",
        "pkg_version": "5.0.3"
    },
    {
        "os_name": "OpenBSD",
        "os_version": "3.8",
        "pkg_name": "php",
        "pkg_version": "5.0.4"
    },
    {
        "os_name": "OpenBSD",
        "os_version": "3.9",
        "pkg_name": "php",
        "pkg_version": "5.0.5"
    },
    {
        "os_name": "OpenBSD",
        "os_version": "4.0",
        "pkg_name": "php",
        "pkg_version": "5.1.4"
    },
    {
        "os_name": "OpenBSD",
        "os_version": "4.1",
        "pkg_name": "php",
        "pkg_version": "5.1.6"
    },
    {
        "os_name": "OpenBSD",
        "os_version": "4.6",
        "pkg_name": "php",
        "pkg_version": "5.2.10"
    },
    {
        "os_name": "OpenBSD",
        "os_version": "4.7",
        "pkg_name": "php",
        "pkg_version": "5.2.12"
    },
    {
        "os_name": "OpenBSD",
        "os_version": "4.8",
        "pkg_name": "php",
        "pkg_version": "5.2.13"
    },
    {
        "os_name": "OpenBSD",
        "os_version": "4.9",
        "pkg_name": "php",
        "pkg_version": "5.2.17"
    },
    {
        "os_name": "OpenBSD",
        "os_version": "4.2",
        "pkg_name": "php",
        "pkg_version": "5.2.3"
    },
    {
        "os_name": "OpenBSD",
        "os_version": "4.3",
        "pkg_name": "php",
        "pkg_version": "5.2.5"
    },
    {
        "os_name": "OpenBSD",
        "os_version": "4.4",
        "pkg_name": "php",
        "pkg_version": "5.2.6"
    },
    {
        "os_name": "OpenBSD",
        "os_version": "4.5",
        "pkg_name": "php",
        "pkg_version": "5.2.8"
    },
    {
        "os_name": "OpenBSD",
        "os_version": "5.1",
        "pkg_name": "php",
        "pkg_version": "5.3.10"
    },
    {
        "os_name": "OpenBSD",
        "os_version": "5.2",
        "pkg_name": "php",
        "pkg_version": "5.3.14"
    },
    {
        "os_name": "OpenBSD",
        "os_version": "5.3",
        "pkg_name": "php",
        "pkg_version": "5.3.21"
    },
    {
        "os_name": "OpenBSD",
        "os_version": "5.4",
        "pkg_name": "php",
        "pkg_version": "5.3.27"
    },
    {
        "os_name": "OpenBSD",
        "os_version": "5.0",
        "pkg_name": "php",
        "pkg_version": "5.3.6"
    },
    {
        "os_name": "OpenBSD",
        "os_version": "5.5",
        "pkg_name": "php",
        "pkg_version": "5.4.24"
    },
    {
        "os_name": "OpenBSD",
        "os_version": "5.9",
        "pkg_name": "php",
        "pkg_version": "5.4.45"
    },
    {
        "os_name": "OpenBSD",
        "os_version": "5.6",
        "pkg_name": "php",
        "pkg_version": "5.5.14"
    },
    {
        "os_name": "OpenBSD",
        "os_version": "5.8",
        "pkg_name": "php",
        "pkg_version": "5.6.11"
    },
    {
        "os_name": "OpenBSD",
        "os_version": "5.9",
        "pkg_name": "php",
        "pkg_version": "5.6.18"
    },
    {
        "os_name": "OpenBSD",
        "os_version": "5.7",
        "pkg_name": "php",
        "pkg_version": "5.6.5"
    },
    {
        "os_name": "OpenBSD",
        "os_version": "6.0",
        "pkg_name": "php",
        "pkg_version": "7.0.8"
    },
    {
        "os_name": "OpenBSD",
        "os_version": "4.2",
        "pkg_name": "phpMyAdmin",
        "pkg_version": "2.10.1"
    },
    {
        "os_name": "OpenBSD",
        "os_version": "4.3",
        "pkg_name": "phpMyAdmin",
        "pkg_version": "2.11.1.1"
    },
    {
        "os_name": "OpenBSD",
        "os_version": "4.4",
        "pkg_name": "phpMyAdmin",
        "pkg_version": "2.11.7.1"
    },
    {
        "os_name": "OpenBSD",
        "os_version": "4.5",
        "pkg_name": "phpMyAdmin",
        "pkg_version": "2.11.9.4"
    },
    {
        "os_name": "OpenBSD",
        "os_version": "3.6",
        "pkg_name": "phpMyAdmin",
        "pkg_version": "2.5.7"
    },
    {
        "os_name": "OpenBSD",
        "os_version": "3.7",
        "pkg_name": "phpMyAdmin",
        "pkg_version": "2.6.1"
    },
    {
        "os_name": "OpenBSD",
        "os_version": "3.8",
        "pkg_name": "phpMyAdmin",
        "pkg_version": "2.6.3"
    },
    {
        "os_name": "OpenBSD",
        "os_version": "3.9",
        "pkg_name": "phpMyAdmin",
        "pkg_version": "2.7.0"
    },
    {
        "os_name": "OpenBSD",
        "os_version": "4.0",
        "pkg_name": "phpMyAdmin",
        "pkg_version": "2.8.1"
    },
    {
        "os_name": "OpenBSD",
        "os_version": "4.1",
        "pkg_name": "phpMyAdmin",
        "pkg_version": "2.9.0.2"
    },
    {
        "os_name": "OpenBSD",
        "os_version": "4.6",
        "pkg_name": "phpMyAdmin",
        "pkg_version": "3.2.0"
    },
    {
        "os_name": "OpenBSD",
        "os_version": "4.7",
        "pkg_name": "phpMyAdmin",
        "pkg_version": "3.2.4"
    },
    {
        "os_name": "OpenBSD",
        "os_version": "4.8",
        "pkg_name": "phpMyAdmin",
        "pkg_version": "3.3.4"
    },
    {
        "os_name": "OpenBSD",
        "os_version": "4.9",
        "pkg_name": "phpMyAdmin",
        "pkg_version": "3.3.9.1"
    },
    {
        "os_name": "OpenBSD",
        "os_version": "5.2",
        "pkg_name": "phpMyAdmin",
        "pkg_version": "3.4.10.2"
    },
    {
        "os_name": "OpenBSD",
        "os_version": "5.0",
        "pkg_name": "phpMyAdmin",
        "pkg_version": "3.4.3.2"
    },
    {
        "os_name": "OpenBSD",
        "os_version": "5.1",
        "pkg_name": "phpMyAdmin",
        "pkg_version": "3.4.9"
    },
    {
        "os_name": "OpenBSD",
        "os_version": "5.3",
        "pkg_name": "phpMyAdmin",
        "pkg_version": "3.5.5"
    },
    {
        "os_name": "OpenBSD",
        "os_version": "5.4",
        "pkg_name": "phpMyAdmin",
        "pkg_version": "4.0.4.1"
    },
    {
        "os_name": "OpenBSD",
        "os_version": "5.5",
        "pkg_name": "phpMyAdmin",
        "pkg_version": "4.1.6"
    },
    {
        "os_name": "OpenBSD",
        "os_version": "5.6",
        "pkg_name": "phpMyAdmin",
        "pkg_version": "4.2.2"
    },
    {
        "os_name": "OpenBSD",
        "os_version": "5.8",
        "pkg_name": "phpMyAdmin",
        "pkg_version": "4.3.13"
    },
    {
        "os_name": "OpenBSD",
        "os_version": "5.7",
        "pkg_name": "phpMyAdmin",
        "pkg_version": "4.3.7"
    },
    {
        "os_name": "OpenBSD",
        "os_version": "5.9",
        "pkg_name": "phpMyAdmin",
        "pkg_version": "4.4.15.4"
    },
    {
        "os_name": "OpenBSD",
        "os_version": "6.0",
        "pkg_name": "phpMyAdmin",
        "pkg_version": "4.5.5.1"
    },
    {
        "os_name": "OpenBSD",
        "os_version": "2.7",
        "pkg_name": "ruby",
        "pkg_version": "1.4.3"
    },
    {
        "os_name": "OpenBSD",
        "os_version": "2.8",
        "pkg_name": "ruby",
        "pkg_version": "1.4.6"
    },
    {
        "os_name": "OpenBSD",
        "os_version": "2.9",
        "pkg_name": "ruby",
        "pkg_version": "1.6.2"
    },
    {
        "os_name": "OpenBSD",
        "os_version": "3.0",
        "pkg_name": "ruby",
        "pkg_version": "1.6.2"
    },
    {
        "os_name": "OpenBSD",
        "os_version": "3.1",
        "pkg_name": "ruby",
        "pkg_version": "1.6.7"
    },
    {
        "os_name": "OpenBSD",
        "os_version": "3.2",
        "pkg_name": "ruby",
        "pkg_version": "1.6.7"
    },
    {
        "os_name": "OpenBSD",
        "os_version": "3.3",
        "pkg_name": "ruby",
        "pkg_version": "1.6.8"
    },
    {
        "os_name": "OpenBSD",
        "os_version": "3.4",
        "pkg_name": "ruby",
        "pkg_version": "1.6.8"
    },
    {
        "os_name": "OpenBSD",
        "os_version": "3.5",
        "pkg_name": "ruby",
        "pkg_version": "1.8.1"
    },
    {
        "os_name": "OpenBSD",
        "os_version": "3.6",
        "pkg_name": "ruby",
        "pkg_version": "1.8.1"
    },
    {
        "os_name": "OpenBSD",
        "os_version": "3.7",
        "pkg_name": "ruby",
        "pkg_version": "1.8.1"
    },
    {
        "os_name": "OpenBSD",
        "os_version": "3.8",
        "pkg_name": "ruby",
        "pkg_version": "1.8.1"
    },
    {
        "os_name": "OpenBSD",
        "os_version": "3.9",
        "pkg_name": "ruby",
        "pkg_version": "1.8.4"
    },
    {
        "os_name": "OpenBSD",
        "os_version": "4.0",
        "pkg_name": "ruby",
        "pkg_version": "1.8.4"
    },
    {
        "os_name": "OpenBSD",
        "os_version": "4.1",
        "pkg_name": "ruby",
        "pkg_version": "1.8.5"
    },
    {
        "os_name": "OpenBSD",
        "os_version": "4.2",
        "pkg_name": "ruby",
        "pkg_version": "1.8.5"
    },
    {
        "os_name": "OpenBSD",
        "os_version": "4.3",
        "pkg_name": "ruby",
        "pkg_version": "1.8.6-p111"
    },
    {
        "os_name": "OpenBSD",
        "os_version": "4.4",
        "pkg_name": "ruby",
        "pkg_version": "1.8.6-p114"
    },
    {
        "os_name": "OpenBSD",
        "os_version": "4.5",
        "pkg_name": "ruby",
        "pkg_version": "1.8.6-p287"
    },
    {
        "os_name": "OpenBSD",
        "os_version": "4.6",
        "pkg_name": "ruby",
        "pkg_version": "1.8.6-p369"
    },
    {
        "os_name": "OpenBSD",
        "os_version": "4.7",
        "pkg_name": "ruby",
        "pkg_version": "1.8.6-p369"
    },
    {
        "os_name": "OpenBSD",
        "os_version": "4.8",
        "pkg_name": "ruby",
        "pkg_version": "1.8.6-p369"
    },
    {
        "os_name": "OpenBSD",
        "os_version": "5.9",
        "pkg_name": "ruby",
        "pkg_version": "1.8.7.374"
    },
    {
        "os_name": "OpenBSD",
        "os_version": "4.9",
        "pkg_name": "ruby",
        "pkg_version": "1.9.2-p136"
    },
    {
        "os_name": "OpenBSD",
        "os_version": "5.0",
        "pkg_name": "ruby",
        "pkg_version": "1.9.2-p290"
    },
    {
        "os_name": "OpenBSD",
        "os_version": "5.1",
        "pkg_name": "ruby",
        "pkg_version": "1.9.3-p0"
    },
    {
        "os_name": "OpenBSD",
        "os_version": "5.2",
        "pkg_name": "ruby",
        "pkg_version": "1.9.3-p194"
    },
    {
        "os_name": "OpenBSD",
        "os_version": "5.3",
        "pkg_name": "ruby",
        "pkg_version": "1.9.3-p392"
    },
    {
        "os_name": "OpenBSD",
        "os_version": "5.4",
        "pkg_name": "ruby",
        "pkg_version": "2.0.0-p247"
    },
    {
        "os_name": "OpenBSD",
        "os_version": "5.5",
        "pkg_name": "ruby",
        "pkg_version": "2.1.0-p0"
    },
    {
        "os_name": "OpenBSD",
        "os_version": "5.6",
        "pkg_name": "ruby",
        "pkg_version": "2.1.2"
    },
    {
        "os_name": "OpenBSD",
        "os_version": "5.7",
        "pkg_name": "ruby",
        "pkg_version": "2.2.0"
    },
    {
        "os_name": "OpenBSD",
        "os_version": "5.8",
        "pkg_name": "ruby",
        "pkg_version": "2.2.2"
    },
    {
        "os_name": "OpenBSD",
        "os_version": "5.9",
        "pkg_name": "ruby",
        "pkg_version": "2.3.0"
    },
    {
        "os_name": "OpenBSD",
        "os_version": "6.0",
        "pkg_name": "ruby",
        "pkg_version": "2.3.1"
    },
    {
        "os_name": "OpenBSD",
        "os_version": "3.7",
        "pkg_name": "subversion",
        "pkg_version": "1.1.3"
    },
    {
        "os_name": "OpenBSD",
        "os_version": "3.8",
        "pkg_name": "subversion",
        "pkg_version": "1.2.1"
    },
    {
        "os_name": "OpenBSD",
        "os_version": "3.9",
        "pkg_name": "subversion",
        "pkg_version": "1.3.0"
    },
    {
        "os_name": "OpenBSD",
        "os_version": "4.0",
        "pkg_name": "subversion",
        "pkg_version": "1.3.2"
    },
    {
        "os_name": "OpenBSD",
        "os_version": "4.1",
        "pkg_name": "subversion",
        "pkg_version": "1.4.3"
    },
    {
        "os_name": "OpenBSD",
        "os_version": "4.2",
        "pkg_name": "subversion",
        "pkg_version": "1.4.4"
    },
    {
        "os_name": "OpenBSD",
        "os_version": "4.3",
        "pkg_name": "subversion",
        "pkg_version": "1.4.4"
    },
    {
        "os_name": "OpenBSD",
        "os_version": "4.4",
        "pkg_name": "subversion",
        "pkg_version": "1.4.4"
    },
    {
        "os_name": "OpenBSD",
        "os_version": "4.5",
        "pkg_name": "subversion",
        "pkg_version": "1.5.5"
    },
    {
        "os_name": "OpenBSD",
        "os_version": "4.6",
        "pkg_name": "subversion",
        "pkg_version": "1.6.1"
    },
    {
        "os_name": "OpenBSD",
        "os_version": "4.8",
        "pkg_name": "subversion",
        "pkg_version": "1.6.12"
    },
    {
        "os_name": "OpenBSD",
        "os_version": "4.9",
        "pkg_name": "subversion",
        "pkg_version": "1.6.15"
    },
    {
        "os_name": "OpenBSD",
        "os_version": "5.0",
        "pkg_name": "subversion",
        "pkg_version": "1.6.17"
    },
    {
        "os_name": "OpenBSD",
        "os_version": "4.7",
        "pkg_name": "subversion",
        "pkg_version": "1.6.6"
    },
    {
        "os_name": "OpenBSD",
        "os_version": "5.4",
        "pkg_name": "subversion",
        "pkg_version": "1.7.10"
    },
    {
        "os_name": "OpenBSD",
        "os_version": "5.1",
        "pkg_name": "subversion",
        "pkg_version": "1.7.2"
    },
    {
        "os_name": "OpenBSD",
        "os_version": "5.2",
        "pkg_name": "subversion",
        "pkg_version": "1.7.5"
    },
    {
        "os_name": "OpenBSD",
        "os_version": "5.3",
        "pkg_name": "subversion",
        "pkg_version": "1.7.8"
    },
    {
        "os_name": "OpenBSD",
        "os_version": "5.7",
        "pkg_name": "subversion",
        "pkg_version": "1.8.11"
    },
    {
        "os_name": "OpenBSD",
        "os_version": "5.8",
        "pkg_name": "subversion",
        "pkg_version": "1.8.14"
    },
    {
        "os_name": "OpenBSD",
        "os_version": "5.9",
        "pkg_name": "subversion",
        "pkg_version": "1.8.15"
    },
    {
        "os_name": "OpenBSD",
        "os_version": "5.5",
        "pkg_name": "subversion",
        "pkg_version": "1.8.5"
    },
    {
        "os_name": "OpenBSD",
        "os_version": "5.6",
        "pkg_name": "subversion",
        "pkg_version": "1.8.9"
    },
    {
        "os_name": "OpenBSD",
        "os_version": "6.0",
        "pkg_name": "subversion",
        "pkg_version": "1.9.4"
    },
    {
        "os_name": "OpenBSD",
        "os_version": "2.7",
        "pkg_name": "webmin",
        "pkg_version": "0.79"
    },
    {
        "os_name": "OpenBSD",
        "os_version": "3.6",
        "pkg_name": "wordpress",
        "pkg_version": "1.2"
    },
    {
        "os_name": "OpenBSD",
        "os_version": "3.7",
        "pkg_name": "wordpress",
        "pkg_version": "1.5"
    },
    {
        "os_name": "OpenBSD",
        "os_version": "3.8",
        "pkg_name": "wordpress",
        "pkg_version": "1.5.1.3"
    },
    {
        "os_name": "OpenBSD",
        "os_version": "3.9",
        "pkg_name": "wordpress",
        "pkg_version": "1.5.2"
    },
    {
        "os_name": "OpenBSD",
        "os_version": "4.0",
        "pkg_name": "wordpress",
        "pkg_version": "1.5.2"
    },
    {
        "os_name": "OpenBSD",
        "os_version": "4.1",
        "pkg_name": "wordpress",
        "pkg_version": "2.0.7"
    },
    {
        "os_name": "OpenBSD",
        "os_version": "4.2",
        "pkg_name": "wordpress",
        "pkg_version": "2.2.1"
    },
    {
        "os_name": "OpenBSD",
        "os_version": "4.3",
        "pkg_name": "wordpress",
        "pkg_version": "2.3.3"
    },
    {
        "os_name": "OpenBSD",
        "os_version": "4.4",
        "pkg_name": "wordpress",
        "pkg_version": "2.5.1"
    },
    {
        "os_name": "OpenBSD",
        "os_version": "4.5",
        "pkg_name": "wordpress",
        "pkg_version": "2.5.1"
    },
    {
        "os_name": "OpenBSD",
        "os_version": "4.6",
        "pkg_name": "wordpress",
        "pkg_version": "2.7.1"
    },
    {
        "os_name": "OpenBSD",
        "os_version": "4.7",
        "pkg_name": "wordpress",
        "pkg_version": "2.9.1"
    },
    {
        "os_name": "OpenBSD",
        "os_version": "4.8",
        "pkg_name": "wordpress",
        "pkg_version": "3.0"
    },
    {
        "os_name": "OpenBSD",
        "os_version": "4.9",
        "pkg_name": "wordpress",
        "pkg_version": "3.0.2"
    },
    {
        "os_name": "OpenBSD",
        "os_version": "5.0",
        "pkg_name": "wordpress",
        "pkg_version": "3.1.2"
    },
    {
        "os_name": "OpenBSD",
        "os_version": "5.1",
        "pkg_name": "wordpress",
        "pkg_version": "3.3.1"
    },
    {
        "os_name": "OpenBSD",
        "os_version": "5.2",
        "pkg_name": "wordpress",
        "pkg_version": "3.4.1"
    },
    {
        "os_name": "OpenBSD",
        "os_version": "5.3",
        "pkg_name": "wordpress",
        "pkg_version": "3.5.1"
    },
    {
        "os_name": "OpenBSD",
        "os_version": "5.4",
        "pkg_name": "wordpress",
        "pkg_version": "3.5.2"
    },
    {
        "os_name": "OpenBSD",
        "os_version": "5.5",
        "pkg_name": "wordpress",
        "pkg_version": "3.8"
    },
    {
        "os_name": "OpenBSD",
        "os_version": "5.6",
        "pkg_name": "wordpress",
        "pkg_version": "3.9.1"
    },
    {
        "os_name": "OpenBSD",
        "os_version": "5.7",
        "pkg_name": "wordpress",
        "pkg_version": "4.1"
    }
]