[
    {
        "os_name": "Red Hat Enterprise Linux",
        "os_version": "8.0",
        "pkg_name": "Apache",
        "pkg_version": "2.0.40"
    },
    {
        "os_name": "Red Hat Enterprise Linux",
        "os_version": "9",
        "pkg_name": "Apache",
        "pkg_version": "2.0.40"
    },
    {
        "os_name": "Red Hat Enterprise Linux",
        "os_version": "RHEL-3.9",
        "pkg_name": "Apache",
        "pkg_version": "2.0.46"
    },
    {
        "os_name": "Red Hat Enterprise Linux",
        "os_version": "RHEL-4.8",
        "pkg_name": "Apache",
        "pkg_version": "2.0.52"
    },
    {
        "os_name": "Red Hat Enterprise Linux",
        "os_version": "RHEL-6.6",
        "pkg_name": "Apache",
        "pkg_version": "2.2.15"
    },
    {
        "os_name": "Red Hat Enterprise Linux",
        "os_version": "RHEL-6.7",
        "pkg_name": "Apache",
        "pkg_version": "2.2.15"
    },
    {
        "os_name": "Red Hat Enterprise Linux",
        "os_version": "RHEL-5.11",
        "pkg_name": "Apache",
        "pkg_version": "2.2.3"
    },
    {
        "os_name": "Red Hat Enterprise Linux",
        "os_version": "RHEL-7.0",
        "pkg_name": "Apache",
        "pkg_version": "2.4.6"
    },
    {
        "os_name": "Red Hat Enterprise Linux",
        "os_version": "RHEL-7.1",
        "pkg_name": "Apache",
        "pkg_version": "2.4.6"
    },
    {
        "os_name": "Red Hat Enterprise Linux",
        "os_version": "RHEL-7.2",
        "pkg_name": "Apache",
        "pkg_version": "2.4.6"
    },
    {
        "os_name": "Red Hat Enterprise Linux",
        "os_version": "RHEL-5.11",
        "pkg_name": "apache-tomcat",
        "pkg_version": "5.5.23"
    },
    {
        "os_name": "Red Hat Enterprise Linux",
        "os_version": "RHEL-6.6",
        "pkg_name": "apache-tomcat",
        "pkg_version": "6.0.24"
    },
    {
        "os_name": "Red Hat Enterprise Linux",
        "os_version": "RHEL-6.7",
        "pkg_name": "apache-tomcat",
        "pkg_version": "6.0.24"
    },
    {
        "os_name": "Red Hat Enterprise Linux",
        "os_version": "RHEL-7.0",
        "pkg_name": "apache-tomcat",
        "pkg_version": "7.0.42"
    },
    {
        "os_name": "Red Hat Enterprise Linux",
        "os_version": "RHEL-7.1",
        "pkg_name": "apache-tomcat",
        "pkg_version": "7.0.54"
    },
    {
        "os_name": "Red Hat Enterprise Linux",
        "os_version": "RHEL-7.2",
        "pkg_name": "apache-tomcat",
        "pkg_version": "7.0.54"
    },
    {
        "os_name": "Red Hat Enterprise Linux",
        "os_version": "5.1",
        "pkg_name": "mod_perl",
        "pkg_version": "1.11"
    },
    {
        "os_name": "Red Hat Enterprise Linux",
        "os_version": "5.2",
        "pkg_name": "mod_perl",
        "pkg_version": "1.15"
    },
    {
        "os_name": "Red Hat Enterprise Linux",
        "os_version": "6.0",
        "pkg_name": "mod_perl",
        "pkg_version": "1.19"
    },
    {
        "os_name": "Red Hat Enterprise Linux",
        "os_version": "6.1",
        "pkg_name": "mod_perl",
        "pkg_version": "1.21"
    },
    {
        "os_name": "Red Hat Enterprise Linux",
        "os_version": "6.2",
        "pkg_name": "mod_perl",
        "pkg_version": "1.21"
    },
    {
        "os_name": "Red Hat Enterprise Linux",
        "os_version": "7.0",
        "pkg_name": "mod_perl",
        "pkg_version": "1.24"
    },
    {
        "os_name": "Red Hat Enterprise Linux",
        "os_version": "7.1",
        "pkg_name": "mod_perl",
        "pkg_version": "1.24_01"
    },
    {
        "os_name": "Red Hat Enterprise Linux",
        "os_version": "7.2",
        "pkg_name": "mod_perl",
        "pkg_version": "1.24_01"
    },
    {
        "os_name": "Red Hat Enterprise Linux",
        "os_version": "RHEL-2.1",
        "pkg_name": "mod_perl",
        "pkg_version": "1.24_01"
    },
    {
        "os_name": "Red Hat Enterprise Linux",
        "os_version": "7.3",
        "pkg_name": "mod_perl",
        "pkg_version": "1.26"
    },
    {
        "os_name": "Red Hat Enterprise Linux",
        "os_version": "8.0",
        "pkg_name": "mod_perl",
        "pkg_version": "1.99_05"
    },
    {
        "os_name": "Red Hat Enterprise Linux",
        "os_version": "9",
        "pkg_name": "mod_perl",
        "pkg_version": "1.99_07"
    },
    {
        "os_name": "Red Hat Enterprise Linux",
        "os_version": "RHEL-3.9",
        "pkg_name": "mod_perl",
        "pkg_version": "1.99_09"
    },
    {
        "os_name": "Red Hat Enterprise Linux",
        "os_version": "RHEL-4.8",
        "pkg_name": "mod_perl",
        "pkg_version": "1.99_16"
    },
    {
        "os_name": "Red Hat Enterprise Linux",
        "os_version": "RHEL-5.11",
        "pkg_name": "mod_perl",
        "pkg_version": "2.0.4"
    },
    {
        "os_name": "Red Hat Enterprise Linux",
        "os_version": "RHEL-6.6",
        "pkg_name": "mod_perl",
        "pkg_version": "2.0.4"
    },
    {
        "os_name": "Red Hat Enterprise Linux",
        "os_version": "RHEL-6.7",
        "pkg_name": "mod_perl",
        "pkg_version": "2.0.4"
    },
    {
        "os_name": "Red Hat Enterprise Linux",
        "os_version": "7.0",
        "pkg_name": "openssl",
        "pkg_version": "0.9.5a"
    },
    {
        "os_name": "Red Hat Enterprise Linux",
        "os_version": "7.1",
        "pkg_name": "openssl",
        "pkg_version": "0.9.6"
    },
    {
        "os_name": "Red Hat Enterprise Linux",
        "os_version": "7.2",
        "pkg_name": "openssl",
        "pkg_version": "0.9.6b"
    },
    {
        "os_name": "Red Hat Enterprise Linux",
        "os_version": "7.3",
        "pkg_name": "openssl",
        "pkg_version": "0.9.6b"
    },
    {
        "os_name": "Red Hat Enterprise Linux",
        "os_version": "8.0",
        "pkg_name": "openssl",
        "pkg_version": "0.9.6b"
    },
    {
        "os_name": "Red Hat Enterprise Linux",
        "os_version": "RHEL-2.1",
        "pkg_name": "openssl",
        "pkg_version": "0.9.6b"
    },
    {
        "os_name": "Red Hat Enterprise Linux",
        "os_version": "9",
        "pkg_name": "openssl",
        "pkg_version": "0.9.7a"
    },
    {
        "os_name": "Red Hat Enterprise Linux",
        "os_version": "RHEL-3.9",
        "pkg_name": "openssl",
        "pkg_version": "0.9.7a"
    },
    {
        "os_name": "Red Hat Enterprise Linux",
        "os_version": "RHEL-4.8",
        "pkg_name": "openssl",
        "pkg_version": "0.9.7a"
    },
    {
        "os_name": "Red Hat Enterprise Linux",
        "os_version": "RHEL-5.11",
        "pkg_name": "openssl",
        "pkg_version": "0.9.8e"
    },
    {
        "os_name": "Red Hat Enterprise Linux",
        "os_version": "RHEL-6.6",
        "pkg_name": "openssl",
        "pkg_version": "1.0.1e"
    },
    {
        "os_name": "Red Hat Enterprise Linux",
        "os_version": "RHEL-6.7",
        "pkg_name": "openssl",
        "pkg_version": "1.0.1e"
    },
    {
        "os_name": "Red Hat Enterprise Linux",
        "os_version": "RHEL-7.0",
        "pkg_name": "openssl",
        "pkg_version": "1.0.1e"
    },
    {
        "os_name": "Red Hat Enterprise Linux",
        "os_version": "RHEL-7.1",
        "pkg_name": "openssl",
        "pkg_version": "1.0.1e"
    },
    {
        "os_name": "Red Hat Enterprise Linux",
        "os_version": "RHEL-7.2",
        "pkg_name": "openssl",
        "pkg_version": "1.0.1e"
    },
    {
        "os_name": "Red Hat Enterprise Linux",
        "os_version": "4.2",
        "pkg_name": "perl",
        "pkg_version": "5.003"
    },
    {
        "os_name": "Red Hat Enterprise Linux",
        "os_version": "RHEL-6.6",
        "pkg_name": "perl",
        "pkg_version": "5.10.1"
    },
    {
        "os_name": "Red Hat Enterprise Linux",
        "os_version": "RHEL-6.7",
        "pkg_name": "perl",
        "pkg_version": "5.10.1"
    },
    {
        "os_name": "Red Hat Enterprise Linux",
        "os_version": "RHEL-7.0",
        "pkg_name": "perl",
        "pkg_version": "5.16.3"
    },
    {
        "os_name": "Red Hat Enterprise Linux",
        "os_version": "RHEL-7.1",
        "pkg_name": "perl",
        "pkg_version": "5.16.3"
    },
    {
        "os_name": "Red Hat Enterprise Linux",
        "os_version": "RHEL-7.2",
        "pkg_name": "perl",
        "pkg_version": "5.16.3"
    },
    {
        "os_name": "Red Hat Enterprise Linux",
        "os_version": "5.0",
        "pkg_name": "perl",
        "pkg_version": "5.4.0"
    },
    {
        "os_name": "Red Hat Enterprise Linux",
        "os_version": "5.1",
        "pkg_name": "perl",
        "pkg_version": "5.4.0"
    },
    {
        "os_name": "Red Hat Enterprise Linux",
        "os_version": "5.2",
        "pkg_name": "perl",
        "pkg_version": "5.4.4"
    },
    {
        "os_name": "Red Hat Enterprise Linux",
        "os_version": "6.0",
        "pkg_name": "perl",
        "pkg_version": "5.5.3"
    },
    {
        "os_name": "Red Hat Enterprise Linux",
        "os_version": "6.1",
        "pkg_name": "perl",
        "pkg_version": "5.5.3"
    },
    {
        "os_name": "Red Hat Enterprise Linux",
        "os_version": "6.2",
        "pkg_name": "perl",
        "pkg_version": "5.5.3"
    },
    {
        "os_name": "Red Hat Enterprise Linux",
        "os_version": "7.0",
        "pkg_name": "perl",
        "pkg_version": "5.6.0"
    },
    {
        "os_name": "Red Hat Enterprise Linux",
        "os_version": "7.1",
        "pkg_name": "perl",
        "pkg_version": "5.6.0"
    },
    {
        "os_name": "Red Hat Enterprise Linux",
        "os_version": "7.2",
        "pkg_name": "perl",
        "pkg_version": "5.6.0"
    },
    {
        "os_name": "Red Hat Enterprise Linux",
        "os_version": "RHEL-2.1",
        "pkg_name": "perl",
        "pkg_version": "5.6.0"
    },
    {
        "os_name": "Red Hat Enterprise Linux",
        "os_version": "7.3",
        "pkg_name": "perl",
        "pkg_version": "5.6.1"
    },
    {
        "os_name": "Red Hat Enterprise Linux",
        "os_version": "8.0",
        "pkg_name": "perl",
        "pkg_version": "5.8.0"
    },
    {
        "os_name": "Red Hat Enterprise Linux",
        "os_version": "9",
        "pkg_name": "perl",
        "pkg_version": "5.8.0"
    },
    {
        "os_name": "Red Hat Enterprise Linux",
        "os_version": "RHEL-3.9",
        "pkg_name": "perl",
        "pkg_version": "5.8.0"
    },
    {
        "os_name": "Red Hat Enterprise Linux",
        "os_version": "RHEL-4.8",
        "pkg_name": "perl",
        "pkg_version": "5.8.5"
    },
    {
        "os_name": "Red Hat Enterprise Linux",
        "os_version": "RHEL-5.11",
        "pkg_name": "perl",
        "pkg_version": "5.8.8"
    },
    {
        "os_name": "Red Hat Enterprise Linux",
        "os_version": "6.1",
        "pkg_name": "php",
        "pkg_version": "3.0.12"
    },
    {
        "os_name": "Red Hat Enterprise Linux",
        "os_version": "6.2",
        "pkg_name": "php",
        "pkg_version": "3.0.15"
    },
    {
        "os_name": "Red Hat Enterprise Linux",
        "os_version": "7.0",
        "pkg_name": "php",
        "pkg_version": "4.0.1pl2"
    },
    {
        "os_name": "Red Hat Enterprise Linux",
        "os_version": "7.1",
        "pkg_name": "php",
        "pkg_version": "4.0.4pl1"
    },
    {
        "os_name": "Red Hat Enterprise Linux",
        "os_version": "7.2",
        "pkg_name": "php",
        "pkg_version": "4.0.6"
    },
    {
        "os_name": "Red Hat Enterprise Linux",
        "os_version": "RHEL-2.1",
        "pkg_name": "php",
        "pkg_version": "4.0.6"
    },
    {
        "os_name": "Red Hat Enterprise Linux",
        "os_version": "7.3",
        "pkg_name": "php",
        "pkg_version": "4.1.2"
    },
    {
        "os_name": "Red Hat Enterprise Linux",
        "os_version": "8.0",
        "pkg_name": "php",
        "pkg_version": "4.2.2"
    },
    {
        "os_name": "Red Hat Enterprise Linux",
        "os_version": "9",
        "pkg_name": "php",
        "pkg_version": "4.2.2"
    },
    {
        "os_name": "Red Hat Enterprise Linux",
        "os_version": "RHEL-3.9",
        "pkg_name": "php",
        "pkg_version": "4.3.2"
    },
    {
        "os_name": "Red Hat Enterprise Linux",
        "os_version": "RHEL-4.8",
        "pkg_name": "php",
        "pkg_version": "4.3.9"
    },
    {
        "os_name": "Red Hat Enterprise Linux",
        "os_version": "RHEL-5.11",
        "pkg_name": "php",
        "pkg_version": "5.1.6"
    },
    {
        "os_name": "Red Hat Enterprise Linux",
        "os_version": "RHEL-6.6",
        "pkg_name": "php",
        "pkg_version": "5.3.3"
    },
    {
        "os_name": "Red Hat Enterprise Linux",
        "os_version": "RHEL-6.7",
        "pkg_name": "php",
        "pkg_version": "5.3.3"
    },
    {
        "os_name": "Red Hat Enterprise Linux",
        "os_version": "RHEL-7.0",
        "pkg_name": "php",
        "pkg_version": "5.4.16"
    },
    {
        "os_name": "Red Hat Enterprise Linux",
        "os_version": "RHEL-7.1",
        "pkg_name": "php",
        "pkg_version": "5.4.16"
    },
    {
        "os_name": "Red Hat Enterprise Linux",
        "os_version": "RHEL-7.2",
        "pkg_name": "php",
        "pkg_version": "5.4.16"
    },
    {
        "os_name": "Red Hat Enterprise Linux",
        "os_version": "7.2",
        "pkg_name": "ruby",
        "pkg_version": "1.6.4"
    },
    {
        "os_name": "Red Hat Enterprise Linux",
        "os_version": "RHEL-2.1",
        "pkg_name": "ruby",
        "pkg_version": "1.6.4"
    },
    {
        "os_name": "Red Hat Enterprise Linux",
        "os_version": "7.3",
        "pkg_name": "ruby",
        "pkg_version": "1.6.7"
    },
    {
        "os_name": "Red Hat Enterprise Linux",
        "os_version": "8.0",
        "pkg_name": "ruby",
        "pkg_version": "1.6.7"
    },
    {
        "os_name": "Red Hat Enterprise Linux",
        "os_version": "9",
        "pkg_name": "ruby",
        "pkg_version": "1.6.8"
    },
    {
        "os_name": "Red Hat Enterprise Linux",
        "os_version": "RHEL-3.9",
        "pkg_name": "ruby",
        "pkg_version": "1.6.8"
    },
    {
        "os_name": "Red Hat Enterprise Linux",
        "os_version": "RHEL-4.8",
        "pkg_name": "ruby",
        "pkg_version": "1.8.1"
    },
    {
        "os_name": "Red Hat Enterprise Linux",
        "os_version": "RHEL-5.11",
        "pkg_name": "ruby",
        "pkg_version": "1.8.5"
    },
    {
        "os_name": "Red Hat Enterprise Linux",
        "os_version": "RHEL-6.6",
        "pkg_name": "ruby",
        "pkg_version": "1.8.7-p374"
    },
    {
        "os_name": "Red Hat Enterprise Linux",
        "os_version": "RHEL-6.7",
        "pkg_name": "ruby",
        "pkg_version": "1.8.7-p374"
    },
    {
        "os_name": "Red Hat Enterprise Linux",
        "os_version": "RHEL-7.0",
        "pkg_name": "ruby",
        "pkg_version": "2.0.0-p353"
    },
    {
        "os_name": "Red Hat Enterprise Linux",
        "os_version": "RHEL-7.1",
        "pkg_name": "ruby",
        "pkg_version": "2.0.0-p598"
    },
    {
        "os_name": "Red Hat Enterprise Linux",
        "os_version": "RHEL-7.2",
        "pkg_name": "ruby",
        "pkg_version": "2.0.0-p598"
    },
    {
        "os_name": "Red Hat Enterprise Linux",
        "os_version": "9",
        "pkg_name": "subversion",
        "pkg_version": "0.17.1"
    },
    {
        "os_name": "Red Hat Enterprise Linux",
        "os_version": "RHEL-4.8",
        "pkg_name": "subversion",
        "pkg_version": "1.1.4"
    },
    {
        "os_name": "Red Hat Enterprise Linux",
        "os_version": "RHEL-5.11",
        "pkg_name": "subversion",
        "pkg_version": "1.6.11"
    },
    {
        "os_name": "Red Hat Enterprise Linux",
        "os_version": "RHEL-6.6",
        "pkg_name": "subversion",
        "pkg_version": "1.6.11"
    },
    {
        "os_name": "Red Hat Enterprise Linux",
        "os_version": "RHEL-6.7",
        "pkg_name": "subversion",
        "pkg_version": "1.6.11"
    },
    {
        "os_name": "Red Hat Enterprise Linux",
        "os_version": "RHEL-7.0",
        "pkg_name": "subversion",
        "pkg_version": "1.7.14"
    },
    {
        "os_name": "Red Hat Enterprise Linux",
        "os_version": "RHEL-7.1",
        "pkg_name": "subversion",
        "pkg_version": "1.7.14"
    },
    {
        "os_name": "Red Hat Enterprise Linux",
        "os_version": "RHEL-7.2",
        "pkg_name": "subversion",
        "pkg_version": "1.7.14"
    }
]