[
    {
        "os_name": "Ubuntu",
        "os_version": "12.04",
        "pkg_name": "php",
        "pkg_version": "5.3.10-1ubuntu3.24",
        "weight": 110
    },
    {
        "os_name": "Ubuntu",
        "os_version": "14.04",
        "pkg_name": "php",
        "pkg_version": "5.5.9+dfsg-1ubuntu4.19",
        "weight": 110
    },
    {
        "os_name": "Ubuntu",
        "os_version": "14.04",
        "pkg_name": "php",
        "pkg_version": "5.5.9+dfsg-1ubuntu4.18",
        "weight": 110
    },
    {
        "os_name": "Ubuntu",
        "os_version": "12.04",
        "pkg_name": "php",
        "pkg_version": "5.3.10-1ubuntu3.23",
        "weight": 110
    },
    {
        "os_name": "Ubuntu",
        "os_version": "14.04",
        "pkg_name": "php",
        "pkg_version": "5.5.9+dfsg-1ubuntu4.17",
        "weight": 110
    },
    {
        "os_name": "Ubuntu",
        "os_version": "15.10",
        "pkg_name": "php",
        "pkg_version": "5.6.11+dfsg-1ubuntu3.4",
        "weight": 110
    },
    {
        "os_name": "Ubuntu",
        "os_version": "15.10",
        "pkg_name": "php",
        "pkg_version": "5.6.11+dfsg-1ubuntu3.3",
        "weight": 110
    },
    {
        "os_name": "Ubuntu",
        "os_version": "14.04",
        "pkg_name": "php",
        "pkg_version": "5.5.9+dfsg-1ubuntu4.16",
        "weight": 110
    },
    {
        "os_name": "Ubuntu",
        "os_version": "12.04",
        "pkg_name": "php",
        "pkg_version": "5.3.10-1ubuntu3.22",
        "weight": 110
    },
    {
        "os_name": "Ubuntu",
        "os_version": "15.10",
        "pkg_name": "php",
        "pkg_version": "5.6.11+dfsg-1ubuntu3.2",
        "weight": 110
    },
    {
        "os_name": "Ubuntu",
        "os_version": "14.04",
        "pkg_name": "php",
        "pkg_version": "5.5.9+dfsg-1ubuntu4.15",
        "weight": 110
    },
    {
        "os_name": "Ubuntu",
        "os_version": "16.04",
        "pkg_name": "php",
        "pkg_version": "5.6.17+dfsg-3ubuntu1",
        "weight": 110
    },
    {
        "os_name": "Ubuntu",
        "os_version": "16.04",
        "pkg_name": "php",
        "pkg_version": "5.6.16+dfsg-1ubuntu1",
        "weight": 110
    },
    {
        "os_name": "Ubuntu",
        "os_version": "16.04",
        "pkg_name": "php",
        "pkg_version": "5.6.14+dfsg-1ubuntu1",
        "weight": 110
    },
    {
        "os_name": "Ubuntu",
        "os_version": "12.04",
        "pkg_name": "php",
        "pkg_version": "5.3.10-1ubuntu3.21",
        "weight": 110
    },
    {
        "os_name": "Ubuntu",
        "os_version": "15.10",
        "pkg_name": "php",
        "pkg_version": "5.6.11+dfsg-1ubuntu3.1",
        "weight": 110
    },
    {
        "os_name": "Ubuntu",
        "os_version": "14.04",
        "pkg_name": "php",
        "pkg_version": "5.5.9+dfsg-1ubuntu4.14",
        "weight": 110
    },
    {
        "os_name": "Ubuntu",
        "os_version": "15.04",
        "pkg_name": "php",
        "pkg_version": "5.6.4+dfsg-4ubuntu6.4",
        "weight": 110
    },
    {
        "os_name": "Ubuntu",
        "os_version": "12.04",
        "pkg_name": "php",
        "pkg_version": "5.3.10-1ubuntu3.20",
        "weight": 110
    },
    {
        "os_name": "Ubuntu",
        "os_version": "14.04",
        "pkg_name": "php",
        "pkg_version": "5.5.9+dfsg-1ubuntu4.13",
        "weight": 110
    },
    {
        "os_name": "Ubuntu",
        "os_version": "15.10",
        "pkg_name": "php",
        "pkg_version": "5.6.11+dfsg-1ubuntu3",
        "weight": 110
    },
    {
        "os_name": "Ubuntu",
        "os_version": "15.04",
        "pkg_name": "php",
        "pkg_version": "5.6.4+dfsg-4ubuntu6.3",
        "weight": 110
    },
    {
        "os_name": "Ubuntu",
        "os_version": "14.04",
        "pkg_name": "php",
        "pkg_version": "5.5.9+dfsg-1ubuntu4.12",
        "weight": 110
    },
    {
        "os_name": "Ubuntu",
        "os_version": "15.10",
        "pkg_name": "php",
        "pkg_version": "5.6.11+dfsg-1ubuntu2",
        "weight": 110
    },
    {
        "os_name": "Ubuntu",
        "os_version": "15.10",
        "pkg_name": "php",
        "pkg_version": "5.6.11+dfsg-1ubuntu1",
        "weight": 110
    },
    {
        "os_name": "Ubuntu",
        "os_version": "15.10",
        "pkg_name": "php",
        "pkg_version": "5.6.9+dfsg-1ubuntu1",
        "weight": 110
    },
    {
        "os_name": "Ubuntu",
        "os_version": "12.04",
        "pkg_name": "php",
        "pkg_version": "5.3.10-1ubuntu3.19",
        "weight": 110
    },
    {
        "os_name": "Ubuntu",
        "os_version": "14.10",
        "pkg_name": "php",
        "pkg_version": "5.5.12+dfsg-2ubuntu4.6",
        "weight": 110
    },
    {
        "os_name": "Ubuntu",
        "os_version": "15.04",
        "pkg_name": "php",
        "pkg_version": "5.6.4+dfsg-4ubuntu6.2",
        "weight": 110
    },
    {
        "os_name": "Ubuntu",
        "os_version": "14.04",
        "pkg_name": "php",
        "pkg_version": "5.5.9+dfsg-1ubuntu4.11",
        "weight": 110
    },
    {
        "os_name": "Ubuntu",
        "os_version": "15.04",
        "pkg_name": "php",
        "pkg_version": "5.6.4+dfsg-4ubuntu6",
        "weight": 110
    },
    {
        "os_name": "Ubuntu",
        "os_version": "10.04",
        "pkg_name": "php",
        "pkg_version": "5.3.2-1ubuntu4.30",
        "weight": 110
    },
    {
        "os_name": "Ubuntu",
        "os_version": "12.04",
        "pkg_name": "php",
        "pkg_version": "5.3.10-1ubuntu3.18",
        "weight": 110
    },
    {
        "os_name": "Ubuntu",
        "os_version": "14.04",
        "pkg_name": "php",
        "pkg_version": "5.5.9+dfsg-1ubuntu4.9",
        "weight": 110
    },
    {
        "os_name": "Ubuntu",
        "os_version": "14.10",
        "pkg_name": "php",
        "pkg_version": "5.5.12+dfsg-2ubuntu4.4",
        "weight": 110
    },
    {
        "os_name": "Ubuntu",
        "os_version": "15.04",
        "pkg_name": "php",
        "pkg_version": "5.6.4+dfsg-4ubuntu5",
        "weight": 110
    },
    {
        "os_name": "Ubuntu",
        "os_version": "14.04",
        "pkg_name": "php",
        "pkg_version": "5.5.9+dfsg-1ubuntu4.8",
        "weight": 110
    },
    {
        "os_name": "Ubuntu",
        "os_version": "15.04",
        "pkg_name": "php",
        "pkg_version": "5.6.4+dfsg-4ubuntu4",
        "weight": 110
    },
    {
        "os_name": "Ubuntu",
        "os_version": "15.04",
        "pkg_name": "php",
        "pkg_version": "5.6.4+dfsg-4ubuntu3",
        "weight": 110
    },
    {
        "os_name": "Ubuntu",
        "os_version": "12.04",
        "pkg_name": "php",
        "pkg_version": "5.3.10-1ubuntu3.17",
        "weight": 110
    },
    {
        "os_name": "Ubuntu",
        "os_version": "10.04",
        "pkg_name": "php",
        "pkg_version": "5.3.2-1ubuntu4.29",
        "weight": 110
    },
    {
        "os_name": "Ubuntu",
        "os_version": "14.04",
        "pkg_name": "php",
        "pkg_version": "5.5.9+dfsg-1ubuntu4.7",
        "weight": 110
    },
    {
        "os_name": "Ubuntu",
        "os_version": "14.10",
        "pkg_name": "php",
        "pkg_version": "5.5.12+dfsg-2ubuntu4.3",
        "weight": 110
    },
    {
        "os_name": "Ubuntu",
        "os_version": "15.04",
        "pkg_name": "php",
        "pkg_version": "5.6.4+dfsg-4ubuntu2",
        "weight": 110
    },
    {
        "os_name": "Ubuntu",
        "os_version": "12.04",
        "pkg_name": "php",
        "pkg_version": "5.3.10-1ubuntu3.16",
        "weight": 110
    },
    {
        "os_name": "Ubuntu",
        "os_version": "14.04",
        "pkg_name": "php",
        "pkg_version": "5.5.9+dfsg-1ubuntu4.6",
        "weight": 110
    },
    {
        "os_name": "Ubuntu",
        "os_version": "14.10",
        "pkg_name": "php",
        "pkg_version": "5.5.12+dfsg-2ubuntu4.2",
        "weight": 110
    },
    {
        "os_name": "Ubuntu",
        "os_version": "15.04",
        "pkg_name": "php",
        "pkg_version": "5.6.4+dfsg-4ubuntu1",
        "weight": 110
    },
    {
        "os_name": "Ubuntu",
        "os_version": "15.04",
        "pkg_name": "php",
        "pkg_version": "5.5.12+dfsg-2ubuntu5",
        "weight": 110
    },
    {
        "os_name": "Ubuntu",
        "os_version": "12.04",
        "pkg_name": "php",
        "pkg_version": "5.3.10-1ubuntu3.15",
        "weight": 110
    },
    {
        "os_name": "Ubuntu",
        "os_version": "14.04",
        "pkg_name": "php",
        "pkg_version": "5.5.9+dfsg-1ubuntu4.5",
        "weight": 110
    },
    {
        "os_name": "Ubuntu",
        "os_version": "14.10",
        "pkg_name": "php",
        "pkg_version": "5.5.12+dfsg-2ubuntu4.1",
        "weight": 110
    },
    {
        "os_name": "Ubuntu",
        "os_version": "10.04",
        "pkg_name": "php",
        "pkg_version": "5.3.2-1ubuntu4.28",
        "weight": 110
    },
    {
        "os_name": "Ubuntu",
        "os_version": "14.10",
        "pkg_name": "php",
        "pkg_version": "5.5.12+dfsg-2ubuntu4",
        "weight": 110
    },
    {
        "os_name": "Ubuntu",
        "os_version": "10.04",
        "pkg_name": "php",
        "pkg_version": "5.3.2-1ubuntu4.27",
        "weight": 110
    },
    {
        "os_name": "Ubuntu",
        "os_version": "12.04",
        "pkg_name": "php",
        "pkg_version": "5.3.10-1ubuntu3.14",
        "weight": 110
    },
    {
        "os_name": "Ubuntu",
        "os_version": "14.04",
        "pkg_name": "php",
        "pkg_version": "5.5.9+dfsg-1ubuntu4.4",
        "weight": 110
    },
    {
        "os_name": "Ubuntu",
        "os_version": "14.10",
        "pkg_name": "php",
        "pkg_version": "5.5.12+dfsg-2ubuntu3",
        "weight": 110
    },
    {
        "os_name": "Ubuntu",
        "os_version": "10.04",
        "pkg_name": "php",
        "pkg_version": "5.3.2-1ubuntu4.26",
        "weight": 110
    },
    {
        "os_name": "Ubuntu",
        "os_version": "12.04",
        "pkg_name": "php",
        "pkg_version": "5.3.10-1ubuntu3.13",
        "weight": 110
    },
    {
        "os_name": "Ubuntu",
        "os_version": "13.10",
        "pkg_name": "php",
        "pkg_version": "5.5.3+dfsg-1ubuntu2.6",
        "weight": 110
    },
    {
        "os_name": "Ubuntu",
        "os_version": "14.04",
        "pkg_name": "php",
        "pkg_version": "5.5.9+dfsg-1ubuntu4.3",
        "weight": 110
    },
    {
        "os_name": "Ubuntu",
        "os_version": "14.04",
        "pkg_name": "php",
        "pkg_version": "5.5.9+dfsg-1ubuntu4.2",
        "weight": 110
    },
    {
        "os_name": "Ubuntu",
        "os_version": "13.10",
        "pkg_name": "php",
        "pkg_version": "5.5.3+dfsg-1ubuntu2.5",
        "weight": 110
    },
    {
        "os_name": "Ubuntu",
        "os_version": "14.10",
        "pkg_name": "php",
        "pkg_version": "5.5.12+dfsg-2ubuntu2",
        "weight": 110
    },
    {
        "os_name": "Ubuntu",
        "os_version": "10.04",
        "pkg_name": "php",
        "pkg_version": "5.3.2-1ubuntu4.25",
        "weight": 110
    },
    {
        "os_name": "Ubuntu",
        "os_version": "12.04",
        "pkg_name": "php",
        "pkg_version": "5.3.10-1ubuntu3.12",
        "weight": 110
    },
    {
        "os_name": "Ubuntu",
        "os_version": "14.04",
        "pkg_name": "php",
        "pkg_version": "5.5.9+dfsg-1ubuntu4.1",
        "weight": 110
    },
    {
        "os_name": "Ubuntu",
        "os_version": "13.10",
        "pkg_name": "php",
        "pkg_version": "5.5.3+dfsg-1ubuntu2.4",
        "weight": 110
    },
    {
        "os_name": "Ubuntu",
        "os_version": "14.10",
        "pkg_name": "php",
        "pkg_version": "5.5.12+dfsg-2ubuntu1",
        "weight": 110
    },
    {
        "os_name": "Ubuntu",
        "os_version": "14.04",
        "pkg_name": "php",
        "pkg_version": "5.5.9+dfsg-1ubuntu4",
        "weight": 110
    },
    {
        "os_name": "Ubuntu",
        "os_version": "10.04",
        "pkg_name": "php",
        "pkg_version": "5.3.2-1ubuntu4.24",
        "weight": 110
    },
    {
        "os_name": "Ubuntu",
        "os_version": "14.04",
        "pkg_name": "php",
        "pkg_version": "5.5.9+dfsg-1ubuntu3",
        "weight": 110
    },
    {
        "os_name": "Ubuntu",
        "os_version": "12.10",
        "pkg_name": "php",
        "pkg_version": "5.4.6-1ubuntu1.8",
        "weight": 110
    },
    {
        "os_name": "Ubuntu",
        "os_version": "13.10",
        "pkg_name": "php",
        "pkg_version": "5.5.3+dfsg-1ubuntu2.3",
        "weight": 110
    },
    {
        "os_name": "Ubuntu",
        "os_version": "12.04",
        "pkg_name": "php",
        "pkg_version": "5.3.10-1ubuntu3.11",
        "weight": 110
    },
    {
        "os_name": "Ubuntu",
        "os_version": "14.04",
        "pkg_name": "php",
        "pkg_version": "5.5.9+dfsg-1ubuntu2",
        "weight": 110
    },
    {
        "os_name": "Ubuntu",
        "os_version": "10.04",
        "pkg_name": "php",
        "pkg_version": "5.3.2-1ubuntu4.23",
        "weight": 110
    },
    {
        "os_name": "Ubuntu",
        "os_version": "12.04",
        "pkg_name": "php",
        "pkg_version": "5.3.10-1ubuntu3.10",
        "weight": 110
    },
    {
        "os_name": "Ubuntu",
        "os_version": "12.10",
        "pkg_name": "php",
        "pkg_version": "5.4.6-1ubuntu1.7",
        "weight": 110
    },
    {
        "os_name": "Ubuntu",
        "os_version": "13.10",
        "pkg_name": "php",
        "pkg_version": "5.5.3+dfsg-1ubuntu2.2",
        "weight": 110
    },
    {
        "os_name": "Ubuntu",
        "os_version": "14.04",
        "pkg_name": "php",
        "pkg_version": "5.5.9+dfsg-1ubuntu1",
        "weight": 110
    },
    {
        "os_name": "Ubuntu",
        "os_version": "14.04",
        "pkg_name": "php",
        "pkg_version": "5.5.8+dfsg-2ubuntu1",
        "weight": 110
    },
    {
        "os_name": "Ubuntu",
        "os_version": "12.10",
        "pkg_name": "php",
        "pkg_version": "5.4.6-1ubuntu1.6",
        "weight": 110
    },
    {
        "os_name": "Ubuntu",
        "os_version": "14.04",
        "pkg_name": "php",
        "pkg_version": "5.5.6+dfsg-1ubuntu2",
        "weight": 110
    },
    {
        "os_name": "Ubuntu",
        "os_version": "14.04",
        "pkg_name": "php",
        "pkg_version": "5.5.6+dfsg-1ubuntu1",
        "weight": 110
    },
    {
        "os_name": "Ubuntu",
        "os_version": "13.10",
        "pkg_name": "php",
        "pkg_version": "5.5.3+dfsg-1ubuntu2.1",
        "weight": 110
    },
    {
        "os_name": "Ubuntu",
        "os_version": "10.04",
        "pkg_name": "php",
        "pkg_version": "5.3.2-1ubuntu4.22",
        "weight": 110
    },
    {
        "os_name": "Ubuntu",
        "os_version": "12.10",
        "pkg_name": "php",
        "pkg_version": "5.4.6-1ubuntu1.5",
        "weight": 110
    },
    {
        "os_name": "Ubuntu",
        "os_version": "13.04",
        "pkg_name": "php",
        "pkg_version": "5.4.9-4ubuntu2.4",
        "weight": 110
    },
    {
        "os_name": "Ubuntu",
        "os_version": "12.04",
        "pkg_name": "php",
        "pkg_version": "5.3.10-1ubuntu3.9",
        "weight": 110
    },
    {
        "os_name": "Ubuntu",
        "os_version": "14.04",
        "pkg_name": "php",
        "pkg_version": "5.5.3+dfsg-1ubuntu3",
        "weight": 110
    },
    {
        "os_name": "Ubuntu",
        "os_version": "13.10",
        "pkg_name": "php",
        "pkg_version": "5.5.3+dfsg-1ubuntu2",
        "weight": 110
    },
    {
        "os_name": "Ubuntu",
        "os_version": "12.04",
        "pkg_name": "php",
        "pkg_version": "5.3.10-1ubuntu3.8",
        "weight": 110
    },
    {
        "os_name": "Ubuntu",
        "os_version": "12.10",
        "pkg_name": "php",
        "pkg_version": "5.4.6-1ubuntu1.4",
        "weight": 110
    },
    {
        "os_name": "Ubuntu",
        "os_version": "13.04",
        "pkg_name": "php",
        "pkg_version": "5.4.9-4ubuntu2.3",
        "weight": 110
    },
    {
        "os_name": "Ubuntu",
        "os_version": "10.04",
        "pkg_name": "php",
        "pkg_version": "5.3.2-1ubuntu4.21",
        "weight": 110
    },
    {
        "os_name": "Ubuntu",
        "os_version": "13.10",
        "pkg_name": "php",
        "pkg_version": "5.5.3+dfsg-1ubuntu1",
        "weight": 110
    },
    {
        "os_name": "Ubuntu",
        "os_version": "13.10",
        "pkg_name": "php",
        "pkg_version": "5.5.1+dfsg-1ubuntu1",
        "weight": 110
    },
    {
        "os_name": "Ubuntu",
        "os_version": "13.10",
        "pkg_name": "php",
        "pkg_version": "5.5.0+dfsg-15ubuntu1",
        "weight": 110
    },
    {
        "os_name": "Ubuntu",
        "os_version": "13.10",
        "pkg_name": "php",
        "pkg_version": "5.5.0+dfsg-14ubuntu1",
        "weight": 110
    },
    {
        "os_name": "Ubuntu",
        "os_version": "13.04",
        "pkg_name": "php",
        "pkg_version": "5.4.9-4ubuntu2.2",
        "weight": 110
    },
    {
        "os_name": "Ubuntu",
        "os_version": "12.10",
        "pkg_name": "php",
        "pkg_version": "5.4.6-1ubuntu1.3",
        "weight": 110
    },
    {
        "os_name": "Ubuntu",
        "os_version": "12.04",
        "pkg_name": "php",
        "pkg_version": "5.3.10-1ubuntu3.7",
        "weight": 110
    },
    {
        "os_name": "Ubuntu",
        "os_version": "10.04",
        "pkg_name": "php",
        "pkg_version": "5.3.2-1ubuntu4.20",
        "weight": 110
    },
    {
        "os_name": "Ubuntu",
        "os_version": "13.10",
        "pkg_name": "php",
        "pkg_version": "5.5.0+dfsg-6ubuntu1",
        "weight": 110
    },
    {
        "os_name": "Ubuntu",
        "os_version": "13.10",
        "pkg_name": "php",
        "pkg_version": "5.4.15-1ubuntu3",
        "weight": 110
    },
    {
        "os_name": "Ubuntu",
        "os_version": "13.10",
        "pkg_name": "php",
        "pkg_version": "5.4.15-1ubuntu2",
        "weight": 110
    },
    {
        "os_name": "Ubuntu",
        "os_version": "13.04",
        "pkg_name": "php",
        "pkg_version": "5.4.9-4ubuntu2.1",
        "weight": 110
    },
    {
        "os_name": "Ubuntu",
        "os_version": "13.10",
        "pkg_name": "php",
        "pkg_version": "5.4.15-1ubuntu1",
        "weight": 110
    },
    {
        "os_name": "Ubuntu",
        "os_version": "13.04",
        "pkg_name": "php",
        "pkg_version": "5.4.9-4ubuntu2",
        "weight": 110
    },
    {
        "os_name": "Ubuntu",
        "os_version": "10.04",
        "pkg_name": "php",
        "pkg_version": "5.3.2-1ubuntu4.19",
        "weight": 110
    },
    {
        "os_name": "Ubuntu",
        "os_version": "12.10",
        "pkg_name": "php",
        "pkg_version": "5.4.6-1ubuntu1.2",
        "weight": 110
    },
    {
        "os_name": "Ubuntu",
        "os_version": "12.04",
        "pkg_name": "php",
        "pkg_version": "5.3.10-1ubuntu3.6",
        "weight": 110
    },
    {
        "os_name": "Ubuntu",
        "os_version": "11.10",
        "pkg_name": "php",
        "pkg_version": "5.3.6-13ubuntu3.10",
        "weight": 110
    },
    {
        "os_name": "Ubuntu",
        "os_version": "8.04",
        "pkg_name": "php",
        "pkg_version": "5.2.4-2ubuntu5.27",
        "weight": 110
    },
    {
        "os_name": "Ubuntu",
        "os_version": "12.04",
        "pkg_name": "php",
        "pkg_version": "5.3.10-1ubuntu3.5",
        "weight": 110
    },
    {
        "os_name": "Ubuntu",
        "os_version": "13.04",
        "pkg_name": "php",
        "pkg_version": "5.4.9-4ubuntu1",
        "weight": 110
    },
    {
        "os_name": "Ubuntu",
        "os_version": "13.04",
        "pkg_name": "php",
        "pkg_version": "5.4.6-1ubuntu2",
        "weight": 110
    },
    {
        "os_name": "Ubuntu",
        "os_version": "12.10",
        "pkg_name": "php",
        "pkg_version": "5.4.6-1ubuntu1.1",
        "weight": 110
    },
    {
        "os_name": "Ubuntu",
        "os_version": "8.04",
        "pkg_name": "php",
        "pkg_version": "5.2.4-2ubuntu5.26",
        "weight": 110
    },
    {
        "os_name": "Ubuntu",
        "os_version": "10.04",
        "pkg_name": "php",
        "pkg_version": "5.3.2-1ubuntu4.18",
        "weight": 110
    },
    {
        "os_name": "Ubuntu",
        "os_version": "11.04",
        "pkg_name": "php",
        "pkg_version": "5.3.5-1ubuntu7.11",
        "weight": 110
    },
    {
        "os_name": "Ubuntu",
        "os_version": "11.10",
        "pkg_name": "php",
        "pkg_version": "5.3.6-13ubuntu3.9",
        "weight": 110
    },
    {
        "os_name": "Ubuntu",
        "os_version": "12.04",
        "pkg_name": "php",
        "pkg_version": "5.3.10-1ubuntu3.4",
        "weight": 110
    },
    {
        "os_name": "Ubuntu",
        "os_version": "12.04",
        "pkg_name": "php",
        "pkg_version": "5.3.10-1ubuntu3.3",
        "weight": 110
    },
    {
        "os_name": "Ubuntu",
        "os_version": "12.10",
        "pkg_name": "php",
        "pkg_version": "5.4.6-1ubuntu1",
        "weight": 110
    },
    {
        "os_name": "Ubuntu",
        "os_version": "12.10",
        "pkg_name": "php",
        "pkg_version": "5.4.4-3ubuntu1",
        "weight": 110
    },
    {
        "os_name": "Ubuntu",
        "os_version": "12.10",
        "pkg_name": "php",
        "pkg_version": "5.4.4-1ubuntu1",
        "weight": 110
    },
    {
        "os_name": "Ubuntu",
        "os_version": "10.04",
        "pkg_name": "php",
        "pkg_version": "5.3.2-1ubuntu4.17",
        "weight": 110
    },
    {
        "os_name": "Ubuntu",
        "os_version": "11.04",
        "pkg_name": "php",
        "pkg_version": "5.3.5-1ubuntu7.10",
        "weight": 110
    },
    {
        "os_name": "Ubuntu",
        "os_version": "8.04",
        "pkg_name": "php",
        "pkg_version": "5.2.4-2ubuntu5.25",
        "weight": 110
    },
    {
        "os_name": "Ubuntu",
        "os_version": "11.10",
        "pkg_name": "php",
        "pkg_version": "5.3.6-13ubuntu3.8",
        "weight": 110
    },
    {
        "os_name": "Ubuntu",
        "os_version": "12.04",
        "pkg_name": "php",
        "pkg_version": "5.3.10-1ubuntu3.2",
        "weight": 110
    },
    {
        "os_name": "Ubuntu",
        "os_version": "12.10",
        "pkg_name": "php",
        "pkg_version": "5.3.10-1ubuntu4",
        "weight": 110
    },
    {
        "os_name": "Ubuntu",
        "os_version": "12.04",
        "pkg_name": "php",
        "pkg_version": "5.3.10-1ubuntu3.1",
        "weight": 110
    },
    {
        "os_name": "Ubuntu",
        "os_version": "8.04",
        "pkg_name": "php",
        "pkg_version": "5.2.4-2ubuntu5.24",
        "weight": 110
    },
    {
        "os_name": "Ubuntu",
        "os_version": "11.10",
        "pkg_name": "php",
        "pkg_version": "5.3.6-13ubuntu3.7",
        "weight": 110
    },
    {
        "os_name": "Ubuntu",
        "os_version": "11.04",
        "pkg_name": "php",
        "pkg_version": "5.3.5-1ubuntu7.8",
        "weight": 110
    },
    {
        "os_name": "Ubuntu",
        "os_version": "10.04",
        "pkg_name": "php",
        "pkg_version": "5.3.2-1ubuntu4.15",
        "weight": 110
    },
    {
        "os_name": "Ubuntu",
        "os_version": "12.04",
        "pkg_name": "php",
        "pkg_version": "5.3.10-1ubuntu3",
        "weight": 110
    },
    {
        "os_name": "Ubuntu",
        "os_version": "12.04",
        "pkg_name": "php",
        "pkg_version": "5.3.10-1ubuntu2",
        "weight": 110
    },
    {
        "os_name": "Ubuntu",
        "os_version": "12.04",
        "pkg_name": "php",
        "pkg_version": "5.3.10-1ubuntu1",
        "weight": 110
    },
    {
        "os_name": "Ubuntu",
        "os_version": "10.04",
        "pkg_name": "php",
        "pkg_version": "5.3.2-1ubuntu4.14",
        "weight": 110
    },
    {
        "os_name": "Ubuntu",
        "os_version": "11.04",
        "pkg_name": "php",
        "pkg_version": "5.3.5-1ubuntu7.7",
        "weight": 110
    },
    {
        "os_name": "Ubuntu",
        "os_version": "10.10",
        "pkg_name": "php",
        "pkg_version": "5.3.3-1ubuntu9.10",
        "weight": 110
    },
    {
        "os_name": "Ubuntu",
        "os_version": "8.04",
        "pkg_name": "php",
        "pkg_version": "5.2.4-2ubuntu5.23",
        "weight": 110
    },
    {
        "os_name": "Ubuntu",
        "os_version": "11.10",
        "pkg_name": "php",
        "pkg_version": "5.3.6-13ubuntu3.6",
        "weight": 110
    },
    {
        "os_name": "Ubuntu",
        "os_version": "10.04",
        "pkg_name": "php",
        "pkg_version": "5.3.2-1ubuntu4.13",
        "weight": 110
    },
    {
        "os_name": "Ubuntu",
        "os_version": "10.10",
        "pkg_name": "php",
        "pkg_version": "5.3.3-1ubuntu9.9",
        "weight": 110
    },
    {
        "os_name": "Ubuntu",
        "os_version": "11.04",
        "pkg_name": "php",
        "pkg_version": "5.3.5-1ubuntu7.6",
        "weight": 110
    },
    {
        "os_name": "Ubuntu",
        "os_version": "11.10",
        "pkg_name": "php",
        "pkg_version": "5.3.6-13ubuntu3.5",
        "weight": 110
    },
    {
        "os_name": "Ubuntu",
        "os_version": "8.04",
        "pkg_name": "php",
        "pkg_version": "5.2.4-2ubuntu5.22",
        "weight": 110
    },
    {
        "os_name": "Ubuntu",
        "os_version": "8.04",
        "pkg_name": "php",
        "pkg_version": "5.2.4-2ubuntu5.19",
        "weight": 110
    },
    {
        "os_name": "Ubuntu",
        "os_version": "10.04",
        "pkg_name": "php",
        "pkg_version": "5.3.2-1ubuntu4.11",
        "weight": 110
    },
    {
        "os_name": "Ubuntu",
        "os_version": "11.10",
        "pkg_name": "php",
        "pkg_version": "5.3.6-13ubuntu3.3",
        "weight": 110
    },
    {
        "os_name": "Ubuntu",
        "os_version": "11.04",
        "pkg_name": "php",
        "pkg_version": "5.3.5-1ubuntu7.4",
        "weight": 110
    },
    {
        "os_name": "Ubuntu",
        "os_version": "10.10",
        "pkg_name": "php",
        "pkg_version": "5.3.3-1ubuntu9.7",
        "weight": 110
    },
    {
        "os_name": "Ubuntu",
        "os_version": "12.04",
        "pkg_name": "php",
        "pkg_version": "5.3.8.0-1ubuntu3",
        "weight": 110
    },
    {
        "os_name": "Ubuntu",
        "os_version": "12.04",
        "pkg_name": "php",
        "pkg_version": "5.3.8.0-1ubuntu2",
        "weight": 110
    },
    {
        "os_name": "Ubuntu",
        "os_version": "12.04",
        "pkg_name": "php",
        "pkg_version": "5.3.8.0-1ubuntu1",
        "weight": 110
    },
    {
        "os_name": "Ubuntu",
        "os_version": "12.04",
        "pkg_name": "php",
        "pkg_version": "5.3.8-2ubuntu2",
        "weight": 110
    },
    {
        "os_name": "Ubuntu",
        "os_version": "12.04",
        "pkg_name": "php",
        "pkg_version": "5.3.8-2ubuntu1",
        "weight": 110
    },
    {
        "os_name": "Ubuntu",
        "os_version": "8.04",
        "pkg_name": "php",
        "pkg_version": "5.2.4-2ubuntu5.18",
        "weight": 110
    },
    {
        "os_name": "Ubuntu",
        "os_version": "10.04",
        "pkg_name": "php",
        "pkg_version": "5.3.2-1ubuntu4.10",
        "weight": 110
    },
    {
        "os_name": "Ubuntu",
        "os_version": "10.10",
        "pkg_name": "php",
        "pkg_version": "5.3.3-1ubuntu9.6",
        "weight": 110
    },
    {
        "os_name": "Ubuntu",
        "os_version": "11.10",
        "pkg_name": "php",
        "pkg_version": "5.3.6-13ubuntu3.2",
        "weight": 110
    },
    {
        "os_name": "Ubuntu",
        "os_version": "11.04",
        "pkg_name": "php",
        "pkg_version": "5.3.5-1ubuntu7.3",
        "weight": 110
    },
    {
        "os_name": "Ubuntu",
        "os_version": "11.10",
        "pkg_name": "php",
        "pkg_version": "5.3.6-13ubuntu3.1",
        "weight": 110
    },
    {
        "os_name": "Ubuntu",
        "os_version": "11.10",
        "pkg_name": "php",
        "pkg_version": "5.3.6-13ubuntu3",
        "weight": 110
    },
    {
        "os_name": "Ubuntu",
        "os_version": "11.10",
        "pkg_name": "php",
        "pkg_version": "5.3.6-13ubuntu2",
        "weight": 110
    },
    {
        "os_name": "Ubuntu",
        "os_version": "11.10",
        "pkg_name": "php",
        "pkg_version": "5.3.6-13ubuntu1",
        "weight": 110
    },
    {
        "os_name": "Ubuntu",
        "os_version": "11.10",
        "pkg_name": "php",
        "pkg_version": "5.3.6-11ubuntu1",
        "weight": 110
    },
    {
        "os_name": "Ubuntu",
        "os_version": "6.06",
        "pkg_name": "php",
        "pkg_version": "5.1.2-1ubuntu3.24",
        "weight": 110
    },
    {
        "os_name": "Ubuntu",
        "os_version": "8.04",
        "pkg_name": "php",
        "pkg_version": "5.2.4-2ubuntu5.17",
        "weight": 110
    },
    {
        "os_name": "Ubuntu",
        "os_version": "10.10",
        "pkg_name": "php",
        "pkg_version": "5.3.3-1ubuntu9.5",
        "weight": 110
    },
    {
        "os_name": "Ubuntu",
        "os_version": "10.04",
        "pkg_name": "php",
        "pkg_version": "5.3.2-1ubuntu4.9",
        "weight": 110
    },
    {
        "os_name": "Ubuntu",
        "os_version": "9.10",
        "pkg_name": "php",
        "pkg_version": "5.2.10.dfsg.1-2ubuntu6.10",
        "weight": 110
    },
    {
        "os_name": "Ubuntu",
        "os_version": "11.04",
        "pkg_name": "php",
        "pkg_version": "5.3.5-1ubuntu7.2",
        "weight": 110
    },
    {
        "os_name": "Ubuntu",
        "os_version": "6.06",
        "pkg_name": "php",
        "pkg_version": "5.1.2-1ubuntu3.22",
        "weight": 110
    },
    {
        "os_name": "Ubuntu",
        "os_version": "8.04",
        "pkg_name": "php",
        "pkg_version": "5.2.4-2ubuntu5.15",
        "weight": 110
    },
    {
        "os_name": "Ubuntu",
        "os_version": "9.10",
        "pkg_name": "php",
        "pkg_version": "5.2.10.dfsg.1-2ubuntu6.9",
        "weight": 110
    },
    {
        "os_name": "Ubuntu",
        "os_version": "10.04",
        "pkg_name": "php",
        "pkg_version": "5.3.2-1ubuntu4.8",
        "weight": 110
    },
    {
        "os_name": "Ubuntu",
        "os_version": "10.10",
        "pkg_name": "php",
        "pkg_version": "5.3.3-1ubuntu9.4",
        "weight": 110
    },
    {
        "os_name": "Ubuntu",
        "os_version": "11.04",
        "pkg_name": "php",
        "pkg_version": "5.3.5-1ubuntu7.1",
        "weight": 110
    },
    {
        "os_name": "Ubuntu",
        "os_version": "11.04",
        "pkg_name": "php",
        "pkg_version": "5.3.5-1ubuntu7",
        "weight": 110
    },
    {
        "os_name": "Ubuntu",
        "os_version": "11.04",
        "pkg_name": "php",
        "pkg_version": "5.3.5-1ubuntu6",
        "weight": 110
    },
    {
        "os_name": "Ubuntu",
        "os_version": "11.04",
        "pkg_name": "php",
        "pkg_version": "5.3.5-1ubuntu5",
        "weight": 110
    },
    {
        "os_name": "Ubuntu",
        "os_version": "11.04",
        "pkg_name": "php",
        "pkg_version": "5.3.5-1ubuntu4",
        "weight": 110
    },
    {
        "os_name": "Ubuntu",
        "os_version": "11.04",
        "pkg_name": "php",
        "pkg_version": "5.3.5-1ubuntu3",
        "weight": 110
    },
    {
        "os_name": "Ubuntu",
        "os_version": "11.04",
        "pkg_name": "php",
        "pkg_version": "5.3.5-1ubuntu2",
        "weight": 110
    },
    {
        "os_name": "Ubuntu",
        "os_version": "11.04",
        "pkg_name": "php",
        "pkg_version": "5.3.5-1ubuntu1",
        "weight": 110
    },
    {
        "os_name": "Ubuntu",
        "os_version": "11.04",
        "pkg_name": "php",
        "pkg_version": "5.3.3-7ubuntu1",
        "weight": 110
    },
    {
        "os_name": "Ubuntu",
        "os_version": "10.04",
        "pkg_name": "php",
        "pkg_version": "5.3.2-1ubuntu4.7",
        "weight": 110
    },
    {
        "os_name": "Ubuntu",
        "os_version": "9.10",
        "pkg_name": "php",
        "pkg_version": "5.2.10.dfsg.1-2ubuntu6.7",
        "weight": 110
    },
    {
        "os_name": "Ubuntu",
        "os_version": "6.06",
        "pkg_name": "php",
        "pkg_version": "5.1.2-1ubuntu3.21",
        "weight": 110
    },
    {
        "os_name": "Ubuntu",
        "os_version": "10.10",
        "pkg_name": "php",
        "pkg_version": "5.3.3-1ubuntu9.3",
        "weight": 110
    },
    {
        "os_name": "Ubuntu",
        "os_version": "8.04",
        "pkg_name": "php",
        "pkg_version": "5.2.4-2ubuntu5.14",
        "weight": 110
    },
    {
        "os_name": "Ubuntu",
        "os_version": "6.06",
        "pkg_name": "php",
        "pkg_version": "5.1.2-1ubuntu3.20",
        "weight": 110
    },
    {
        "os_name": "Ubuntu",
        "os_version": "8.04",
        "pkg_name": "php",
        "pkg_version": "5.2.4-2ubuntu5.13",
        "weight": 110
    },
    {
        "os_name": "Ubuntu",
        "os_version": "9.10",
        "pkg_name": "php",
        "pkg_version": "5.2.10.dfsg.1-2ubuntu6.6",
        "weight": 110
    },
    {
        "os_name": "Ubuntu",
        "os_version": "10.04",
        "pkg_name": "php",
        "pkg_version": "5.3.2-1ubuntu4.6",
        "weight": 110
    },
    {
        "os_name": "Ubuntu",
        "os_version": "10.10",
        "pkg_name": "php",
        "pkg_version": "5.3.3-1ubuntu9.2",
        "weight": 110
    },
    {
        "os_name": "Ubuntu",
        "os_version": "11.04",
        "pkg_name": "php",
        "pkg_version": "5.3.3-1ubuntu12",
        "weight": 110
    },
    {
        "os_name": "Ubuntu",
        "os_version": "11.04",
        "pkg_name": "php",
        "pkg_version": "5.3.3-1ubuntu11",
        "weight": 110
    },
    {
        "os_name": "Ubuntu",
        "os_version": "11.04",
        "pkg_name": "php",
        "pkg_version": "5.3.3-1ubuntu10",
        "weight": 110
    },
    {
        "os_name": "Ubuntu",
        "os_version": "10.10",
        "pkg_name": "php",
        "pkg_version": "5.3.3-1ubuntu9.1",
        "weight": 110
    },
    {
        "os_name": "Ubuntu",
        "os_version": "10.10",
        "pkg_name": "php",
        "pkg_version": "5.3.3-1ubuntu9",
        "weight": 110
    },
    {
        "os_name": "Ubuntu",
        "os_version": "8.04",
        "pkg_name": "php",
        "pkg_version": "5.2.4-2ubuntu5.12",
        "weight": 110
    },
    {
        "os_name": "Ubuntu",
        "os_version": "10.10",
        "pkg_name": "php",
        "pkg_version": "5.3.3-1ubuntu8",
        "weight": 110
    },
    {
        "os_name": "Ubuntu",
        "os_version": "10.04",
        "pkg_name": "php",
        "pkg_version": "5.3.2-1ubuntu4.5",
        "weight": 110
    },
    {
        "os_name": "Ubuntu",
        "os_version": "6.06",
        "pkg_name": "php",
        "pkg_version": "5.1.2-1ubuntu3.19",
        "weight": 110
    },
    {
        "os_name": "Ubuntu",
        "os_version": "9.04",
        "pkg_name": "php",
        "pkg_version": "5.2.6.dfsg.1-3ubuntu4.6",
        "weight": 110
    },
    {
        "os_name": "Ubuntu",
        "os_version": "9.10",
        "pkg_name": "php",
        "pkg_version": "5.2.10.dfsg.1-2ubuntu6.5",
        "weight": 110
    },
    {
        "os_name": "Ubuntu",
        "os_version": "10.10",
        "pkg_name": "php",
        "pkg_version": "5.3.3-1ubuntu7",
        "weight": 110
    },
    {
        "os_name": "Ubuntu",
        "os_version": "10.04",
        "pkg_name": "php",
        "pkg_version": "5.3.2-1ubuntu4.3",
        "weight": 110
    },
    {
        "os_name": "Ubuntu",
        "os_version": "10.10",
        "pkg_name": "php",
        "pkg_version": "5.3.3-1ubuntu6",
        "weight": 110
    },
    {
        "os_name": "Ubuntu",
        "os_version": "10.10",
        "pkg_name": "php",
        "pkg_version": "5.3.3-1ubuntu5",
        "weight": 110
    },
    {
        "os_name": "Ubuntu",
        "os_version": "10.10",
        "pkg_name": "php",
        "pkg_version": "5.3.3-1ubuntu4",
        "weight": 110
    },
    {
        "os_name": "Ubuntu",
        "os_version": "10.10",
        "pkg_name": "php",
        "pkg_version": "5.3.3-1ubuntu3",
        "weight": 110
    },
    {
        "os_name": "Ubuntu",
        "os_version": "10.10",
        "pkg_name": "php",
        "pkg_version": "5.3.3-1ubuntu2",
        "weight": 110
    },
    {
        "os_name": "Ubuntu",
        "os_version": "10.10",
        "pkg_name": "php",
        "pkg_version": "5.3.3-1ubuntu1",
        "weight": 110
    },
    {
        "os_name": "Ubuntu",
        "os_version": "10.10",
        "pkg_name": "php",
        "pkg_version": "5.3.2-1ubuntu5",
        "weight": 110
    },
    {
        "os_name": "Ubuntu",
        "os_version": "10.04",
        "pkg_name": "php",
        "pkg_version": "5.3.2-1ubuntu4.2",
        "weight": 110
    },
    {
        "os_name": "Ubuntu",
        "os_version": "10.04",
        "pkg_name": "php",
        "pkg_version": "5.3.2-1ubuntu4.1",
        "weight": 110
    },
    {
        "os_name": "Ubuntu",
        "os_version": "10.04",
        "pkg_name": "php",
        "pkg_version": "5.3.2-1ubuntu4",
        "weight": 110
    },
    {
        "os_name": "Ubuntu",
        "os_version": "10.04",
        "pkg_name": "php",
        "pkg_version": "5.3.2-1ubuntu3",
        "weight": 110
    },
    {
        "os_name": "Ubuntu",
        "os_version": "10.04",
        "pkg_name": "php",
        "pkg_version": "5.3.2-1ubuntu2",
        "weight": 110
    },
    {
        "os_name": "Ubuntu",
        "os_version": "10.04",
        "pkg_name": "php",
        "pkg_version": "5.3.2-1ubuntu1",
        "weight": 110
    },
    {
        "os_name": "Ubuntu",
        "os_version": "10.04",
        "pkg_name": "php",
        "pkg_version": "5.3.1-5ubuntu2",
        "weight": 110
    },
    {
        "os_name": "Ubuntu",
        "os_version": "10.04",
        "pkg_name": "php",
        "pkg_version": "5.3.1-5ubuntu1",
        "weight": 110
    },
    {
        "os_name": "Ubuntu",
        "os_version": "8.04",
        "pkg_name": "php",
        "pkg_version": "5.2.4-2ubuntu5.11",
        "weight": 110
    },
    {
        "os_name": "Ubuntu",
        "os_version": "10.04",
        "pkg_name": "php",
        "pkg_version": "5.2.12.dfsg.1-2ubuntu2",
        "weight": 110
    },
    {
        "os_name": "Ubuntu",
        "os_version": "10.04",
        "pkg_name": "php",
        "pkg_version": "5.2.12.dfsg.1-2ubuntu1",
        "weight": 110
    },
    {
        "os_name": "Ubuntu",
        "os_version": "10.04",
        "pkg_name": "php",
        "pkg_version": "5.2.11.dfsg.1-2ubuntu2",
        "weight": 110
    },
    {
        "os_name": "Ubuntu",
        "os_version": "9.10",
        "pkg_name": "php",
        "pkg_version": "5.2.10.dfsg.1-2ubuntu6.4",
        "weight": 110
    },
    {
        "os_name": "Ubuntu",
        "os_version": "9.04",
        "pkg_name": "php",
        "pkg_version": "5.2.6.dfsg.1-3ubuntu4.5",
        "weight": 110
    },
    {
        "os_name": "Ubuntu",
        "os_version": "8.10",
        "pkg_name": "php",
        "pkg_version": "5.2.6-2ubuntu4.6",
        "weight": 110
    },
    {
        "os_name": "Ubuntu",
        "os_version": "8.04",
        "pkg_name": "php",
        "pkg_version": "5.2.4-2ubuntu5.10",
        "weight": 110
    },
    {
        "os_name": "Ubuntu",
        "os_version": "6.06",
        "pkg_name": "php",
        "pkg_version": "5.1.2-1ubuntu3.18",
        "weight": 110
    },
    {
        "os_name": "Ubuntu",
        "os_version": "10.04",
        "pkg_name": "php",
        "pkg_version": "5.2.11.dfsg.1-2ubuntu1",
        "weight": 110
    },
    {
        "os_name": "Ubuntu",
        "os_version": "9.10",
        "pkg_name": "php",
        "pkg_version": "5.2.10.dfsg.1-2ubuntu6.3",
        "weight": 110
    },
    {
        "os_name": "Ubuntu",
        "os_version": "9.04",
        "pkg_name": "php",
        "pkg_version": "5.2.6.dfsg.1-3ubuntu4.4",
        "weight": 110
    },
    {
        "os_name": "Ubuntu",
        "os_version": "8.10",
        "pkg_name": "php",
        "pkg_version": "5.2.6-2ubuntu4.5",
        "weight": 110
    },
    {
        "os_name": "Ubuntu",
        "os_version": "8.04",
        "pkg_name": "php",
        "pkg_version": "5.2.4-2ubuntu5.9",
        "weight": 110
    },
    {
        "os_name": "Ubuntu",
        "os_version": "6.06",
        "pkg_name": "php",
        "pkg_version": "5.1.2-1ubuntu3.17",
        "weight": 110
    },
    {
        "os_name": "Ubuntu",
        "os_version": "10.04",
        "pkg_name": "php",
        "pkg_version": "5.2.11.dfsg.1-1ubuntu1",
        "weight": 110
    },
    {
        "os_name": "Ubuntu",
        "os_version": "9.10",
        "pkg_name": "php",
        "pkg_version": "5.2.10.dfsg.1-2ubuntu6.1",
        "weight": 110
    },
    {
        "os_name": "Ubuntu",
        "os_version": "9.10",
        "pkg_name": "php",
        "pkg_version": "5.2.10.dfsg.1-2ubuntu6",
        "weight": 110
    },
    {
        "os_name": "Ubuntu",
        "os_version": "9.10",
        "pkg_name": "php",
        "pkg_version": "5.2.10.dfsg.1-2ubuntu5",
        "weight": 110
    },
    {
        "os_name": "Ubuntu",
        "os_version": "9.10",
        "pkg_name": "php",
        "pkg_version": "5.2.10.dfsg.1-2ubuntu4",
        "weight": 110
    },
    {
        "os_name": "Ubuntu",
        "os_version": "9.10",
        "pkg_name": "php",
        "pkg_version": "5.2.10.dfsg.1-2ubuntu3",
        "weight": 110
    },
    {
        "os_name": "Ubuntu",
        "os_version": "8.10",
        "pkg_name": "php",
        "pkg_version": "5.2.6-2ubuntu4.3",
        "weight": 110
    },
    {
        "os_name": "Ubuntu",
        "os_version": "8.04",
        "pkg_name": "php",
        "pkg_version": "5.2.4-2ubuntu5.7",
        "weight": 110
    },
    {
        "os_name": "Ubuntu",
        "os_version": "9.04",
        "pkg_name": "php",
        "pkg_version": "5.2.6.dfsg.1-3ubuntu4.2",
        "weight": 110
    },
    {
        "os_name": "Ubuntu",
        "os_version": "6.06",
        "pkg_name": "php",
        "pkg_version": "5.1.2-1ubuntu3.15",
        "weight": 110
    },
    {
        "os_name": "Ubuntu",
        "os_version": "9.10",
        "pkg_name": "php",
        "pkg_version": "5.2.10.dfsg.1-2ubuntu2",
        "weight": 110
    },
    {
        "os_name": "Ubuntu",
        "os_version": "9.10",
        "pkg_name": "php",
        "pkg_version": "5.2.10.dfsg.1-2ubuntu1",
        "weight": 110
    },
    {
        "os_name": "Ubuntu",
        "os_version": "9.10",
        "pkg_name": "php",
        "pkg_version": "5.2.10.dfsg.1-1ubuntu1",
        "weight": 110
    },
    {
        "os_name": "Ubuntu",
        "os_version": "9.10",
        "pkg_name": "php",
        "pkg_version": "5.2.9.dfsg.1-4ubuntu1",
        "weight": 110
    },
    {
        "os_name": "Ubuntu",
        "os_version": "9.04",
        "pkg_name": "php",
        "pkg_version": "5.2.6.dfsg.1-3ubuntu4.1",
        "weight": 110
    },
    {
        "os_name": "Ubuntu",
        "os_version": "6.06",
        "pkg_name": "php",
        "pkg_version": "5.1.2-1ubuntu3.14",
        "weight": 110
    },
    {
        "os_name": "Ubuntu",
        "os_version": "8.10",
        "pkg_name": "php",
        "pkg_version": "5.2.6-2ubuntu4.2",
        "weight": 110
    },
    {
        "os_name": "Ubuntu",
        "os_version": "8.04",
        "pkg_name": "php",
        "pkg_version": "5.2.4-2ubuntu5.6",
        "weight": 110
    },
    {
        "os_name": "Ubuntu",
        "os_version": "9.04",
        "pkg_name": "php",
        "pkg_version": "5.2.6.dfsg.1-3ubuntu4",
        "weight": 110
    },
    {
        "os_name": "Ubuntu",
        "os_version": "9.04",
        "pkg_name": "php",
        "pkg_version": "5.2.6.dfsg.1-3ubuntu3",
        "weight": 110
    },
    {
        "os_name": "Ubuntu",
        "os_version": "9.04",
        "pkg_name": "php",
        "pkg_version": "5.2.6.dfsg.1-3ubuntu2",
        "weight": 110
    },
    {
        "os_name": "Ubuntu",
        "os_version": "9.04",
        "pkg_name": "php",
        "pkg_version": "5.2.6.dfsg.1-3ubuntu1",
        "weight": 110
    },
    {
        "os_name": "Ubuntu",
        "os_version": "8.10",
        "pkg_name": "php",
        "pkg_version": "5.2.6-2ubuntu4.1",
        "weight": 110
    },
    {
        "os_name": "Ubuntu",
        "os_version": "8.04",
        "pkg_name": "php",
        "pkg_version": "5.2.4-2ubuntu5.5",
        "weight": 110
    },
    {
        "os_name": "Ubuntu",
        "os_version": "7.10",
        "pkg_name": "php",
        "pkg_version": "5.2.3-1ubuntu6.5",
        "weight": 110
    },
    {
        "os_name": "Ubuntu",
        "os_version": "6.06",
        "pkg_name": "php",
        "pkg_version": "5.1.2-1ubuntu3.13",
        "weight": 110
    },
    {
        "os_name": "Ubuntu",
        "os_version": "8.04",
        "pkg_name": "php",
        "pkg_version": "5.2.4-2ubuntu5.4",
        "weight": 110
    },
    {
        "os_name": "Ubuntu",
        "os_version": "9.04",
        "pkg_name": "php",
        "pkg_version": "5.2.6-2ubuntu5",
        "weight": 110
    },
    {
        "os_name": "Ubuntu",
        "os_version": "8.10",
        "pkg_name": "php",
        "pkg_version": "5.2.6-2ubuntu4",
        "weight": 110
    },
    {
        "os_name": "Ubuntu",
        "os_version": "8.10",
        "pkg_name": "php",
        "pkg_version": "5.2.6-2ubuntu3",
        "weight": 110
    },
    {
        "os_name": "Ubuntu",
        "os_version": "8.10",
        "pkg_name": "php",
        "pkg_version": "5.2.6-2ubuntu2",
        "weight": 110
    },
    {
        "os_name": "Ubuntu",
        "os_version": "8.04",
        "pkg_name": "php",
        "pkg_version": "5.2.4-2ubuntu5.3",
        "weight": 110
    },
    {
        "os_name": "Ubuntu",
        "os_version": "7.10",
        "pkg_name": "php",
        "pkg_version": "5.2.3-1ubuntu6.4",
        "weight": 110
    },
    {
        "os_name": "Ubuntu",
        "os_version": "7.04",
        "pkg_name": "php",
        "pkg_version": "5.2.1-0ubuntu1.6",
        "weight": 110
    },
    {
        "os_name": "Ubuntu",
        "os_version": "6.06",
        "pkg_name": "php",
        "pkg_version": "5.1.2-1ubuntu3.12",
        "weight": 110
    },
    {
        "os_name": "Ubuntu",
        "os_version": "8.10",
        "pkg_name": "php",
        "pkg_version": "5.2.6-2ubuntu1",
        "weight": 110
    },
    {
        "os_name": "Ubuntu",
        "os_version": "8.10",
        "pkg_name": "php",
        "pkg_version": "5.2.6-1ubuntu4",
        "weight": 110
    },
    {
        "os_name": "Ubuntu",
        "os_version": "8.04",
        "pkg_name": "php",
        "pkg_version": "5.2.4-2ubuntu5.2",
        "weight": 110
    },
    {
        "os_name": "Ubuntu",
        "os_version": "8.10",
        "pkg_name": "php",
        "pkg_version": "5.2.6-1ubuntu3",
        "weight": 110
    },
    {
        "os_name": "Ubuntu",
        "os_version": "8.10",
        "pkg_name": "php",
        "pkg_version": "5.2.6-1ubuntu2",
        "weight": 110
    },
    {
        "os_name": "Ubuntu",
        "os_version": "8.10",
        "pkg_name": "php",
        "pkg_version": "5.2.6-1ubuntu1",
        "weight": 110
    },
    {
        "os_name": "Ubuntu",
        "os_version": "8.04",
        "pkg_name": "php",
        "pkg_version": "5.2.4-2ubuntu5.1",
        "weight": 110
    },
    {
        "os_name": "Ubuntu",
        "os_version": "8.10",
        "pkg_name": "php",
        "pkg_version": "5.2.5-3ubuntu1",
        "weight": 110
    },
    {
        "os_name": "Ubuntu",
        "os_version": "8.04",
        "pkg_name": "php",
        "pkg_version": "5.2.4-2ubuntu5",
        "weight": 110
    },
    {
        "os_name": "Ubuntu",
        "os_version": "6.06",
        "pkg_name": "php",
        "pkg_version": "5.1.2-1ubuntu3.11",
        "weight": 110
    },
    {
        "os_name": "Ubuntu",
        "os_version": "8.04",
        "pkg_name": "php",
        "pkg_version": "5.2.4-2ubuntu4",
        "weight": 110
    },
    {
        "os_name": "Ubuntu",
        "os_version": "7.10",
        "pkg_name": "php",
        "pkg_version": "5.2.3-1ubuntu6.3",
        "weight": 110
    },
    {
        "os_name": "Ubuntu",
        "os_version": "8.04",
        "pkg_name": "php",
        "pkg_version": "5.2.4-2ubuntu3",
        "weight": 110
    },
    {
        "os_name": "Ubuntu",
        "os_version": "8.04",
        "pkg_name": "php",
        "pkg_version": "5.2.4-2ubuntu2",
        "weight": 110
    },
    {
        "os_name": "Ubuntu",
        "os_version": "8.04",
        "pkg_name": "php",
        "pkg_version": "5.2.4-2ubuntu1",
        "weight": 110
    },
    {
        "os_name": "Ubuntu",
        "os_version": "8.04",
        "pkg_name": "php",
        "pkg_version": "5.2.3-1ubuntu7",
        "weight": 110
    },
    {
        "os_name": "Ubuntu",
        "os_version": "7.10",
        "pkg_name": "php",
        "pkg_version": "5.2.3-1ubuntu6.2",
        "weight": 110
    },
    {
        "os_name": "Ubuntu",
        "os_version": "7.10",
        "pkg_name": "php",
        "pkg_version": "5.2.3-1ubuntu6.1",
        "weight": 110
    },
    {
        "os_name": "Ubuntu",
        "os_version": "7.04",
        "pkg_name": "php",
        "pkg_version": "5.2.1-0ubuntu1.5",
        "weight": 110
    },
    {
        "os_name": "Ubuntu",
        "os_version": "6.10",
        "pkg_name": "php",
        "pkg_version": "5.1.6-1ubuntu2.7",
        "weight": 110
    },
    {
        "os_name": "Ubuntu",
        "os_version": "6.06",
        "pkg_name": "php",
        "pkg_version": "5.1.2-1ubuntu3.10",
        "weight": 110
    },
    {
        "os_name": "Ubuntu",
        "os_version": "7.10",
        "pkg_name": "php",
        "pkg_version": "5.2.3-1ubuntu6",
        "weight": 110
    },
    {
        "os_name": "Ubuntu",
        "os_version": "7.10",
        "pkg_name": "php",
        "pkg_version": "5.2.3-1ubuntu5",
        "weight": 110
    },
    {
        "os_name": "Ubuntu",
        "os_version": "7.10",
        "pkg_name": "php",
        "pkg_version": "5.2.3-1ubuntu4",
        "weight": 110
    },
    {
        "os_name": "Ubuntu",
        "os_version": "7.10",
        "pkg_name": "php",
        "pkg_version": "5.2.3-1ubuntu3",
        "weight": 110
    },
    {
        "os_name": "Ubuntu",
        "os_version": "7.04",
        "pkg_name": "php",
        "pkg_version": "5.2.1-0ubuntu1.4",
        "weight": 110
    },
    {
        "os_name": "Ubuntu",
        "os_version": "6.10",
        "pkg_name": "php",
        "pkg_version": "5.1.6-1ubuntu2.6",
        "weight": 110
    },
    {
        "os_name": "Ubuntu",
        "os_version": "6.06",
        "pkg_name": "php",
        "pkg_version": "5.1.2-1ubuntu3.9",
        "weight": 110
    },
    {
        "os_name": "Ubuntu",
        "os_version": "7.10",
        "pkg_name": "php",
        "pkg_version": "5.2.3-1ubuntu2",
        "weight": 110
    },
    {
        "os_name": "Ubuntu",
        "os_version": "7.10",
        "pkg_name": "php",
        "pkg_version": "5.2.3-1ubuntu1",
        "weight": 110
    },
    {
        "os_name": "Ubuntu",
        "os_version": "7.04",
        "pkg_name": "php",
        "pkg_version": "5.2.1-0ubuntu1.2",
        "weight": 110
    },
    {
        "os_name": "Ubuntu",
        "os_version": "6.10",
        "pkg_name": "php",
        "pkg_version": "5.1.6-1ubuntu2.5",
        "weight": 110
    },
    {
        "os_name": "Ubuntu",
        "os_version": "6.06",
        "pkg_name": "php",
        "pkg_version": "5.1.2-1ubuntu3.8",
        "weight": 110
    },
    {
        "os_name": "Ubuntu",
        "os_version": "7.10",
        "pkg_name": "php",
        "pkg_version": "5.2.2-1ubuntu1",
        "weight": 110
    },
    {
        "os_name": "Ubuntu",
        "os_version": "7.04",
        "pkg_name": "php",
        "pkg_version": "5.2.1-0ubuntu1.1",
        "weight": 110
    },
    {
        "os_name": "Ubuntu",
        "os_version": "6.10",
        "pkg_name": "php",
        "pkg_version": "5.1.6-1ubuntu2.4",
        "weight": 110
    },
    {
        "os_name": "Ubuntu",
        "os_version": "6.06",
        "pkg_name": "php",
        "pkg_version": "5.1.2-1ubuntu3.7",
        "weight": 110
    },
    {
        "os_name": "Ubuntu",
        "os_version": "6.10",
        "pkg_name": "php",
        "pkg_version": "5.1.6-1ubuntu2.3",
        "weight": 110
    },
    {
        "os_name": "Ubuntu",
        "os_version": "6.06",
        "pkg_name": "php",
        "pkg_version": "5.1.2-1ubuntu3.6",
        "weight": 110
    },
    {
        "os_name": "Ubuntu",
        "os_version": "5.10",
        "pkg_name": "php",
        "pkg_version": "5.0.5-2ubuntu1.8",
        "weight": 110
    },
    {
        "os_name": "Ubuntu",
        "os_version": "6.10",
        "pkg_name": "php",
        "pkg_version": "5.1.6-1ubuntu2.2",
        "weight": 110
    },
    {
        "os_name": "Ubuntu",
        "os_version": "6.06",
        "pkg_name": "php",
        "pkg_version": "5.1.2-1ubuntu3.5",
        "weight": 110
    },
    {
        "os_name": "Ubuntu",
        "os_version": "5.10",
        "pkg_name": "php",
        "pkg_version": "5.0.5-2ubuntu1.7",
        "weight": 110
    },
    {
        "os_name": "Ubuntu",
        "os_version": "7.04",
        "pkg_name": "php",
        "pkg_version": "5.2.1-0ubuntu1",
        "weight": 110
    },
    {
        "os_name": "Ubuntu",
        "os_version": "7.04",
        "pkg_name": "php",
        "pkg_version": "5.2.0-8ubuntu2",
        "weight": 110
    },
    {
        "os_name": "Ubuntu",
        "os_version": "7.04",
        "pkg_name": "php",
        "pkg_version": "5.2.0-8ubuntu1",
        "weight": 110
    },
    {
        "os_name": "Ubuntu",
        "os_version": "7.04",
        "pkg_name": "php",
        "pkg_version": "5.2.0-7ubuntu2",
        "weight": 110
    },
    {
        "os_name": "Ubuntu",
        "os_version": "7.04",
        "pkg_name": "php",
        "pkg_version": "5.2.0-7ubuntu1",
        "weight": 110
    },
    {
        "os_name": "Ubuntu",
        "os_version": "6.10",
        "pkg_name": "php",
        "pkg_version": "5.1.6-1ubuntu2.1",
        "weight": 110
    },
    {
        "os_name": "Ubuntu",
        "os_version": "6.06",
        "pkg_name": "php",
        "pkg_version": "5.1.2-1ubuntu3.4",
        "weight": 110
    },
    {
        "os_name": "Ubuntu",
        "os_version": "5.10",
        "pkg_name": "php",
        "pkg_version": "5.0.5-2ubuntu1.6",
        "weight": 110
    },
    {
        "os_name": "Ubuntu",
        "os_version": "7.04",
        "pkg_name": "php",
        "pkg_version": "5.1.6-1ubuntu3",
        "weight": 110
    },
    {
        "os_name": "Ubuntu",
        "os_version": "6.06",
        "pkg_name": "php",
        "pkg_version": "5.1.2-1ubuntu3.3",
        "weight": 110
    },
    {
        "os_name": "Ubuntu",
        "os_version": "5.10",
        "pkg_name": "php",
        "pkg_version": "5.0.5-2ubuntu1.5",
        "weight": 110
    },
    {
        "os_name": "Ubuntu",
        "os_version": "6.10",
        "pkg_name": "php",
        "pkg_version": "5.1.6-1ubuntu2",
        "weight": 110
    },
    {
        "os_name": "Ubuntu",
        "os_version": "6.10",
        "pkg_name": "php",
        "pkg_version": "5.1.6-1ubuntu1",
        "weight": 110
    },
    {
        "os_name": "Ubuntu",
        "os_version": "6.06",
        "pkg_name": "php",
        "pkg_version": "5.1.2-1ubuntu3.2",
        "weight": 110
    },
    {
        "os_name": "Ubuntu",
        "os_version": "5.10",
        "pkg_name": "php",
        "pkg_version": "5.0.5-2ubuntu1.4",
        "weight": 110
    },
    {
        "os_name": "Ubuntu",
        "os_version": "6.06",
        "pkg_name": "php",
        "pkg_version": "5.1.2-1ubuntu3.1",
        "weight": 110
    },
    {
        "os_name": "Ubuntu",
        "os_version": "5.10",
        "pkg_name": "php",
        "pkg_version": "5.0.5-2ubuntu1.3",
        "weight": 110
    },
    {
        "os_name": "Ubuntu",
        "os_version": "6.10",
        "pkg_name": "php",
        "pkg_version": "5.1.4-0.1ubuntu1",
        "weight": 110
    },
    {
        "os_name": "Ubuntu",
        "os_version": "6.06",
        "pkg_name": "php",
        "pkg_version": "5.1.2-1ubuntu3",
        "weight": 110
    },
    {
        "os_name": "Ubuntu",
        "os_version": "6.06",
        "pkg_name": "php",
        "pkg_version": "5.1.2-1ubuntu2",
        "weight": 110
    },
    {
        "os_name": "Ubuntu",
        "os_version": "5.10",
        "pkg_name": "php",
        "pkg_version": "5.0.5-2ubuntu1.2",
        "weight": 110
    },
    {
        "os_name": "Ubuntu",
        "os_version": "6.06",
        "pkg_name": "php",
        "pkg_version": "5.1.2-1ubuntu1",
        "weight": 110
    },
    {
        "os_name": "Ubuntu",
        "os_version": "6.06",
        "pkg_name": "php",
        "pkg_version": "5.1.1-1ubuntu1",
        "weight": 110
    },
    {
        "os_name": "Ubuntu",
        "os_version": "5.10",
        "pkg_name": "php",
        "pkg_version": "5.0.5-2ubuntu1.1",
        "weight": 110
    },
    {
        "os_name": "Ubuntu",
        "os_version": "6.06",
        "pkg_name": "php",
        "pkg_version": "5.0.5-2ubuntu2",
        "weight": 110
    },
    {
        "os_name": "Ubuntu",
        "os_version": "5.10",
        "pkg_name": "php",
        "pkg_version": "5.0.5-2ubuntu1",
        "weight": 110
    }
]