[
    {
        "os_name": "Ubuntu",
        "os_version": "9.10",
        "pkg_name": "Apache",
        "pkg_version": "2.2.12"
    },
    {
        "os_name": "Ubuntu",
        "os_version": "10.04",
        "pkg_name": "Apache",
        "pkg_version": "2.2.14"
    },
    {
        "os_name": "Ubuntu",
        "os_version": "10.10",
        "pkg_name": "Apache",
        "pkg_version": "2.2.16"
    },
    {
        "os_name": "Ubuntu",
        "os_version": "11.04",
        "pkg_name": "Apache",
        "pkg_version": "2.2.17"
    },
    {
        "os_name": "Ubuntu",
        "os_version": "11.10",
        "pkg_name": "Apache",
        "pkg_version": "2.2.20"
    },
    {
        "os_name": "Ubuntu",
        "os_version": "12.04",
        "pkg_name": "Apache",
        "pkg_version": "2.2.22"
    },
    {
        "os_name": "Ubuntu",
        "os_version": "12.10",
        "pkg_name": "Apache",
        "pkg_version": "2.2.22"
    },
    {
        "os_name": "Ubuntu",
        "os_version": "13.04",
        "pkg_name": "Apache",
        "pkg_version": "2.2.22"
    },
    {
        "os_name": "Ubuntu",
        "os_version": "14.10",
        "pkg_name": "Apache",
        "pkg_version": "2.4.10"
    },
    {
        "os_name": "Ubuntu",
        "os_version": "15.04",
        "pkg_name": "Apache",
        "pkg_version": "2.4.10"
    },
    {
        "os_name": "Ubuntu",
        "os_version": "15.10",
        "pkg_name": "Apache",
        "pkg_version": "2.4.12"
    },
    {
        "os_name": "Ubuntu",
        "os_version": "16.04",
        "pkg_name": "Apache",
        "pkg_version": "2.4.18"
    },
    {
        "os_name": "Ubuntu",
        "os_version": "13.10",
        "pkg_name": "Apache",
        "pkg_version": "2.4.6"
    },
    {
        "os_name": "Ubuntu",
        "os_version": "14.04",
        "pkg_name": "Apache",
        "pkg_version": "2.4.7"
    },
    {
        "os_name": "Ubuntu",
        "os_version": "4.10",
        "pkg_name": "apache-tomcat",
        "pkg_version": "1.12"
    },
    {
        "os_name": "Ubuntu",
        "os_version": "5.04",
        "pkg_name": "apache-tomcat",
        "pkg_version": "1.18"
    },
    {
        "os_name": "Ubuntu",
        "os_version": "5.10",
        "pkg_name": "apache-tomcat",
        "pkg_version": "1.24"
    },
    {
        "os_name": "Ubuntu",
        "os_version": "6.06",
        "pkg_name": "apache-tomcat",
        "pkg_version": "1.28"
    },
    {
        "os_name": "Ubuntu",
        "os_version": "6.10",
        "pkg_name": "apache-tomcat",
        "pkg_version": "1.30"
    },
    {
        "os_name": "Ubuntu",
        "os_version": "7.04",
        "pkg_name": "apache-tomcat",
        "pkg_version": "1.32"
    },
    {
        "os_name": "Ubuntu",
        "os_version": "7.10",
        "pkg_name": "apache-tomcat",
        "pkg_version": "2.0.15"
    },
    {
        "os_name": "Ubuntu",
        "os_version": "8.04",
        "pkg_name": "apache-tomcat",
        "pkg_version": "2.0.55"
    },
    {
        "os_name": "Ubuntu",
        "os_version": "8.10",
        "pkg_name": "apache-tomcat",
        "pkg_version": "2.0.65"
    },
    {
        "os_name": "Ubuntu",
        "os_version": "9.04",
        "pkg_name": "apache-tomcat",
        "pkg_version": "2.0.65"
    },
    {
        "os_name": "Ubuntu",
        "os_version": "9.10",
        "pkg_name": "apache-tomcat",
        "pkg_version": "2.0.85"
    },
    {
        "os_name": "Ubuntu",
        "os_version": "10.04",
        "pkg_name": "apache-tomcat",
        "pkg_version": "2.0.89"
    },
    {
        "os_name": "Ubuntu",
        "os_version": "10.10",
        "pkg_name": "apache-tomcat",
        "pkg_version": "2.0.94"
    },
    {
        "os_name": "Ubuntu",
        "os_version": "11.04",
        "pkg_name": "apache-tomcat",
        "pkg_version": "2.0.96"
    },
    {
        "os_name": "Ubuntu",
        "os_version": "11.10",
        "pkg_name": "apache-tomcat",
        "pkg_version": "2.0.98"
    },
    {
        "os_name": "Ubuntu",
        "os_version": "12.04",
        "pkg_name": "apache-tomcat",
        "pkg_version": "2.1.0"
    },
    {
        "os_name": "Ubuntu",
        "os_version": "13.10",
        "pkg_name": "apache-tomcat",
        "pkg_version": "2.1.13"
    },
    {
        "os_name": "Ubuntu",
        "os_version": "12.10",
        "pkg_name": "apache-tomcat",
        "pkg_version": "2.1.9"
    },
    {
        "os_name": "Ubuntu",
        "os_version": "13.04",
        "pkg_name": "apache-tomcat",
        "pkg_version": "2.1.9"
    },
    {
        "os_name": "Ubuntu",
        "os_version": "14.04",
        "pkg_name": "apache-tomcat",
        "pkg_version": "2.2.2"
    },
    {
        "os_name": "Ubuntu",
        "os_version": "14.10",
        "pkg_name": "apache-tomcat",
        "pkg_version": "2.3"
    },
    {
        "os_name": "Ubuntu",
        "os_version": "15.04",
        "pkg_name": "apache-tomcat",
        "pkg_version": "2.3"
    },
    {
        "os_name": "Ubuntu",
        "os_version": "9.10",
        "pkg_name": "apache-tomcat",
        "pkg_version": "6.0.20"
    },
    {
        "os_name": "Ubuntu",
        "os_version": "10.04",
        "pkg_name": "apache-tomcat",
        "pkg_version": "6.0.24"
    },
    {
        "os_name": "Ubuntu",
        "os_version": "10.10",
        "pkg_name": "apache-tomcat",
        "pkg_version": "6.0.28"
    },
    {
        "os_name": "Ubuntu",
        "os_version": "11.04",
        "pkg_name": "apache-tomcat",
        "pkg_version": "6.0.28"
    },
    {
        "os_name": "Ubuntu",
        "os_version": "11.10",
        "pkg_name": "apache-tomcat",
        "pkg_version": "6.0.32"
    },
    {
        "os_name": "Ubuntu",
        "os_version": "12.04",
        "pkg_name": "apache-tomcat",
        "pkg_version": "6.0.35"
    },
    {
        "os_name": "Ubuntu",
        "os_version": "12.10",
        "pkg_name": "apache-tomcat",
        "pkg_version": "7.0.30"
    },
    {
        "os_name": "Ubuntu",
        "os_version": "13.04",
        "pkg_name": "apache-tomcat",
        "pkg_version": "7.0.35"
    },
    {
        "os_name": "Ubuntu",
        "os_version": "13.10",
        "pkg_name": "apache-tomcat",
        "pkg_version": "7.0.42"
    },
    {
        "os_name": "Ubuntu",
        "os_version": "14.04",
        "pkg_name": "apache-tomcat",
        "pkg_version": "7.0.52"
    },
    {
        "os_name": "Ubuntu",
        "os_version": "14.10",
        "pkg_name": "apache-tomcat",
        "pkg_version": "7.0.55"
    },
    {
        "os_name": "Ubuntu",
        "os_version": "15.04",
        "pkg_name": "apache-tomcat",
        "pkg_version": "7.0.56"
    },
    {
        "os_name": "Ubuntu",
        "os_version": "15.10",
        "pkg_name": "apache-tomcat",
        "pkg_version": "7.0.64"
    },
    {
        "os_name": "Ubuntu",
        "os_version": "16.04",
        "pkg_name": "apache-tomcat",
        "pkg_version": "8.0.32"
    },
    {
        "os_name": "Ubuntu",
        "os_version": "10.04",
        "pkg_name": "mod_perl",
        "pkg_version": "2.0.4"
    },
    {
        "os_name": "Ubuntu",
        "os_version": "10.10",
        "pkg_name": "mod_perl",
        "pkg_version": "2.0.4"
    },
    {
        "os_name": "Ubuntu",
        "os_version": "11.04",
        "pkg_name": "mod_perl",
        "pkg_version": "2.0.4"
    },
    {
        "os_name": "Ubuntu",
        "os_version": "9.10",
        "pkg_name": "mod_perl",
        "pkg_version": "2.0.4"
    },
    {
        "os_name": "Ubuntu",
        "os_version": "11.10",
        "pkg_name": "mod_perl",
        "pkg_version": "2.0.5"
    },
    {
        "os_name": "Ubuntu",
        "os_version": "12.04",
        "pkg_name": "mod_perl",
        "pkg_version": "2.0.5"
    },
    {
        "os_name": "Ubuntu",
        "os_version": "12.10",
        "pkg_name": "mod_perl",
        "pkg_version": "2.0.5"
    },
    {
        "os_name": "Ubuntu",
        "os_version": "13.04",
        "pkg_name": "mod_perl",
        "pkg_version": "2.0.7"
    },
    {
        "os_name": "Ubuntu",
        "os_version": "13.10",
        "pkg_name": "mod_perl",
        "pkg_version": "2.0.8"
    },
    {
        "os_name": "Ubuntu",
        "os_version": "14.04",
        "pkg_name": "mod_perl",
        "pkg_version": "2.0.8"
    },
    {
        "os_name": "Ubuntu",
        "os_version": "14.10",
        "pkg_name": "mod_perl",
        "pkg_version": "2.0.8"
    },
    {
        "os_name": "Ubuntu",
        "os_version": "15.04",
        "pkg_name": "mod_perl",
        "pkg_version": "2.0.9"
    },
    {
        "os_name": "Ubuntu",
        "os_version": "15.10",
        "pkg_name": "mod_perl",
        "pkg_version": "2.0.9"
    },
    {
        "os_name": "Ubuntu",
        "os_version": "16.04",
        "pkg_name": "mod_perl",
        "pkg_version": "2.0.9"
    },
    {
        "os_name": "Ubuntu",
        "os_version": "10.04",
        "pkg_name": "nginx",
        "pkg_version": "5.00"
    },
    {
        "os_name": "Ubuntu",
        "os_version": "9.10",
        "pkg_name": "nginx",
        "pkg_version": "5.00"
    },
    {
        "os_name": "Ubuntu",
        "os_version": "10.10",
        "pkg_name": "nginx",
        "pkg_version": "5.21"
    },
    {
        "os_name": "Ubuntu",
        "os_version": "11.04",
        "pkg_name": "nginx",
        "pkg_version": "5.21"
    },
    {
        "os_name": "Ubuntu",
        "os_version": "11.10",
        "pkg_name": "nginx",
        "pkg_version": "5.21"
    },
    {
        "os_name": "Ubuntu",
        "os_version": "12.04",
        "pkg_name": "nginx",
        "pkg_version": "5.21"
    },
    {
        "os_name": "Ubuntu",
        "os_version": "12.10",
        "pkg_name": "nginx",
        "pkg_version": "6.00"
    },
    {
        "os_name": "Ubuntu",
        "os_version": "13.04",
        "pkg_name": "nginx",
        "pkg_version": "6.00"
    },
    {
        "os_name": "Ubuntu",
        "os_version": "13.10",
        "pkg_name": "nginx",
        "pkg_version": "6.40"
    },
    {
        "os_name": "Ubuntu",
        "os_version": "14.04",
        "pkg_name": "nginx",
        "pkg_version": "6.40"
    },
    {
        "os_name": "Ubuntu",
        "os_version": "14.10",
        "pkg_name": "nginx",
        "pkg_version": "6.46"
    },
    {
        "os_name": "Ubuntu",
        "os_version": "15.04",
        "pkg_name": "nginx",
        "pkg_version": "6.47"
    },
    {
        "os_name": "Ubuntu",
        "os_version": "4.10",
        "pkg_name": "openssl",
        "pkg_version": "0.9.7d"
    },
    {
        "os_name": "Ubuntu",
        "os_version": "5.04",
        "pkg_name": "openssl",
        "pkg_version": "0.9.7e"
    },
    {
        "os_name": "Ubuntu",
        "os_version": "5.10",
        "pkg_name": "openssl",
        "pkg_version": "0.9.7g"
    },
    {
        "os_name": "Ubuntu",
        "os_version": "6.06",
        "pkg_name": "openssl",
        "pkg_version": "0.9.8a"
    },
    {
        "os_name": "Ubuntu",
        "os_version": "6.10",
        "pkg_name": "openssl",
        "pkg_version": "0.9.8b"
    },
    {
        "os_name": "Ubuntu",
        "os_version": "7.04",
        "pkg_name": "openssl",
        "pkg_version": "0.9.8c"
    },
    {
        "os_name": "Ubuntu",
        "os_version": "7.10",
        "pkg_name": "openssl",
        "pkg_version": "0.9.8e"
    },
    {
        "os_name": "Ubuntu",
        "os_version": "8.04",
        "pkg_name": "openssl",
        "pkg_version": "0.9.8g"
    },
    {
        "os_name": "Ubuntu",
        "os_version": "8.10",
        "pkg_name": "openssl",
        "pkg_version": "0.9.8g"
    },
    {
        "os_name": "Ubuntu",
        "os_version": "9.04",
        "pkg_name": "openssl",
        "pkg_version": "0.9.8g"
    },
    {
        "os_name": "Ubuntu",
        "os_version": "9.10",
        "pkg_name": "openssl",
        "pkg_version": "0.9.8g"
    },
    {
        "os_name": "Ubuntu",
        "os_version": "10.04",
        "pkg_name": "openssl",
        "pkg_version": "0.9.8k"
    },
    {
        "os_name": "Ubuntu",
        "os_version": "10.10",
        "pkg_name": "openssl",
        "pkg_version": "0.9.8o"
    },
    {
        "os_name": "Ubuntu",
        "os_version": "11.04",
        "pkg_name": "openssl",
        "pkg_version": "0.9.8o"
    },
    {
        "os_name": "Ubuntu",
        "os_version": "11.10",
        "pkg_name": "openssl",
        "pkg_version": "1.0.0e"
    },
    {
        "os_name": "Ubuntu",
        "os_version": "12.04",
        "pkg_name": "openssl",
        "pkg_version": "1.0.1"
    },
    {
        "os_name": "Ubuntu",
        "os_version": "12.10",
        "pkg_name": "openssl",
        "pkg_version": "1.0.1c"
    },
    {
        "os_name": "Ubuntu",
        "os_version": "13.04",
        "pkg_name": "openssl",
        "pkg_version": "1.0.1c"
    },
    {
        "os_name": "Ubuntu",
        "os_version": "13.10",
        "pkg_name": "openssl",
        "pkg_version": "1.0.1e"
    },
    {
        "os_name": "Ubuntu",
        "os_version": "14.04",
        "pkg_name": "openssl",
        "pkg_version": "1.0.1f"
    },
    {
        "os_name": "Ubuntu",
        "os_version": "14.10",
        "pkg_name": "openssl",
        "pkg_version": "1.0.1f"
    },
    {
        "os_name": "Ubuntu",
        "os_version": "15.04",
        "pkg_name": "openssl",
        "pkg_version": "1.0.1f"
    },
    {
        "os_name": "Ubuntu",
        "os_version": "15.10",
        "pkg_name": "openssl",
        "pkg_version": "1.0.2d"
    },
    {
        "os_name": "Ubuntu",
        "os_version": "16.04",
        "pkg_name": "openssl",
        "pkg_version": "1.0.2g"
    },
    {
        "os_name": "Ubuntu",
        "os_version": "8.10",
        "pkg_name": "perl",
        "pkg_version": "5.10.0"
    },
    {
        "os_name": "Ubuntu",
        "os_version": "9.04",
        "pkg_name": "perl",
        "pkg_version": "5.10.0"
    },
    {
        "os_name": "Ubuntu",
        "os_version": "9.10",
        "pkg_name": "perl",
        "pkg_version": "5.10.0"
    },
    {
        "os_name": "Ubuntu",
        "os_version": "10.04",
        "pkg_name": "perl",
        "pkg_version": "5.10.1"
    },
    {
        "os_name": "Ubuntu",
        "os_version": "10.10",
        "pkg_name": "perl",
        "pkg_version": "5.10.1"
    },
    {
        "os_name": "Ubuntu",
        "os_version": "11.04",
        "pkg_name": "perl",
        "pkg_version": "5.10.1"
    },
    {
        "os_name": "Ubuntu",
        "os_version": "11.10",
        "pkg_name": "perl",
        "pkg_version": "5.12.4"
    },
    {
        "os_name": "Ubuntu",
        "os_version": "12.04",
        "pkg_name": "perl",
        "pkg_version": "5.14.2"
    },
    {
        "os_name": "Ubuntu",
        "os_version": "12.10",
        "pkg_name": "perl",
        "pkg_version": "5.14.2"
    },
    {
        "os_name": "Ubuntu",
        "os_version": "13.04",
        "pkg_name": "perl",
        "pkg_version": "5.14.2"
    },
    {
        "os_name": "Ubuntu",
        "os_version": "13.10",
        "pkg_name": "perl",
        "pkg_version": "5.14.2"
    },
    {
        "os_name": "Ubuntu",
        "os_version": "14.04",
        "pkg_name": "perl",
        "pkg_version": "5.18.2"
    },
    {
        "os_name": "Ubuntu",
        "os_version": "9.10",
        "pkg_name": "perl",
        "pkg_version": "5.2.10"
    },
    {
        "os_name": "Ubuntu",
        "os_version": "14.10",
        "pkg_name": "perl",
        "pkg_version": "5.20.0"
    },
    {
        "os_name": "Ubuntu",
        "os_version": "15.04",
        "pkg_name": "perl",
        "pkg_version": "5.20.2"
    },
    {
        "os_name": "Ubuntu",
        "os_version": "15.10",
        "pkg_name": "perl",
        "pkg_version": "5.20.2"
    },
    {
        "os_name": "Ubuntu",
        "os_version": "16.04",
        "pkg_name": "perl",
        "pkg_version": "5.22.1"
    },
    {
        "os_name": "Ubuntu",
        "os_version": "12.04",
        "pkg_name": "perl",
        "pkg_version": "5.3.10"
    },
    {
        "os_name": "Ubuntu",
        "os_version": "10.04",
        "pkg_name": "perl",
        "pkg_version": "5.3.2"
    },
    {
        "os_name": "Ubuntu",
        "os_version": "10.10",
        "pkg_name": "perl",
        "pkg_version": "5.3.3"
    },
    {
        "os_name": "Ubuntu",
        "os_version": "11.04",
        "pkg_name": "perl",
        "pkg_version": "5.3.5"
    },
    {
        "os_name": "Ubuntu",
        "os_version": "11.10",
        "pkg_name": "perl",
        "pkg_version": "5.3.6"
    },
    {
        "os_name": "Ubuntu",
        "os_version": "12.10",
        "pkg_name": "perl",
        "pkg_version": "5.4.6"
    },
    {
        "os_name": "Ubuntu",
        "os_version": "13.04",
        "pkg_name": "perl",
        "pkg_version": "5.4.9"
    },
    {
        "os_name": "Ubuntu",
        "os_version": "14.10",
        "pkg_name": "perl",
        "pkg_version": "5.5.12"
    },
    {
        "os_name": "Ubuntu",
        "os_version": "13.10",
        "pkg_name": "perl",
        "pkg_version": "5.5.3"
    },
    {
        "os_name": "Ubuntu",
        "os_version": "14.04",
        "pkg_name": "perl",
        "pkg_version": "5.5.9"
    },
    {
        "os_name": "Ubuntu",
        "os_version": "15.04",
        "pkg_name": "perl",
        "pkg_version": "5.6.4"
    },
    {
        "os_name": "Ubuntu",
        "os_version": "4.10",
        "pkg_name": "perl",
        "pkg_version": "5.8.4"
    },
    {
        "os_name": "Ubuntu",
        "os_version": "5.04",
        "pkg_name": "perl",
        "pkg_version": "5.8.4"
    },
    {
        "os_name": "Ubuntu",
        "os_version": "5.10",
        "pkg_name": "perl",
        "pkg_version": "5.8.7"
    },
    {
        "os_name": "Ubuntu",
        "os_version": "6.06",
        "pkg_name": "perl",
        "pkg_version": "5.8.7"
    },
    {
        "os_name": "Ubuntu",
        "os_version": "6.10",
        "pkg_name": "perl",
        "pkg_version": "5.8.8"
    },
    {
        "os_name": "Ubuntu",
        "os_version": "7.04",
        "pkg_name": "perl",
        "pkg_version": "5.8.8"
    },
    {
        "os_name": "Ubuntu",
        "os_version": "7.10",
        "pkg_name": "perl",
        "pkg_version": "5.8.8"
    },
    {
        "os_name": "Ubuntu",
        "os_version": "8.04",
        "pkg_name": "perl",
        "pkg_version": "5.8.8"
    },
    {
        "os_name": "Ubuntu",
        "os_version": "9.10",
        "pkg_name": "php",
        "pkg_version": "5.2.10"
    },
    {
        "os_name": "Ubuntu",
        "os_version": "12.04",
        "pkg_name": "php",
        "pkg_version": "5.3.10"
    },
    {
        "os_name": "Ubuntu",
        "os_version": "10.04",
        "pkg_name": "php",
        "pkg_version": "5.3.2"
    },
    {
        "os_name": "Ubuntu",
        "os_version": "10.10",
        "pkg_name": "php",
        "pkg_version": "5.3.3"
    },
    {
        "os_name": "Ubuntu",
        "os_version": "11.04",
        "pkg_name": "php",
        "pkg_version": "5.3.5"
    },
    {
        "os_name": "Ubuntu",
        "os_version": "11.10",
        "pkg_name": "php",
        "pkg_version": "5.3.6"
    },
    {
        "os_name": "Ubuntu",
        "os_version": "12.10",
        "pkg_name": "php",
        "pkg_version": "5.4.6"
    },
    {
        "os_name": "Ubuntu",
        "os_version": "13.04",
        "pkg_name": "php",
        "pkg_version": "5.4.9"
    },
    {
        "os_name": "Ubuntu",
        "os_version": "14.10",
        "pkg_name": "php",
        "pkg_version": "5.5.12"
    },
    {
        "os_name": "Ubuntu",
        "os_version": "13.10",
        "pkg_name": "php",
        "pkg_version": "5.5.3"
    },
    {
        "os_name": "Ubuntu",
        "os_version": "14.04",
        "pkg_name": "php",
        "pkg_version": "5.5.9"
    },
    {
        "os_name": "Ubuntu",
        "os_version": "15.10",
        "pkg_name": "php",
        "pkg_version": "5.6.11"
    },
    {
        "os_name": "Ubuntu",
        "os_version": "15.04",
        "pkg_name": "php",
        "pkg_version": "5.6.4"
    },
    {
        "os_name": "Ubuntu",
        "os_version": "16.04",
        "pkg_name": "php",
        "pkg_version": "7.0.4"
    },
    {
        "os_name": "Ubuntu",
        "os_version": "4.10",
        "pkg_name": "phpMyAdmin",
        "pkg_version": "1.0.0"
    },
    {
        "os_name": "Ubuntu",
        "os_version": "5.04",
        "pkg_name": "phpMyAdmin",
        "pkg_version": "1.1.4"
    },
    {
        "os_name": "Ubuntu",
        "os_version": "5.10",
        "pkg_name": "phpMyAdmin",
        "pkg_version": "1.5.0"
    },
    {
        "os_name": "Ubuntu",
        "os_version": "6.06",
        "pkg_name": "phpMyAdmin",
        "pkg_version": "1.5.0"
    },
    {
        "os_name": "Ubuntu",
        "os_version": "6.10",
        "pkg_name": "phpMyAdmin",
        "pkg_version": "2.0.0beta3"
    },
    {
        "os_name": "Ubuntu",
        "os_version": "7.04",
        "pkg_name": "phpMyAdmin",
        "pkg_version": "2.0.0beta6"
    },
    {
        "os_name": "Ubuntu",
        "os_version": "7.10",
        "pkg_name": "phpMyAdmin",
        "pkg_version": "2.2.1"
    },
    {
        "os_name": "Ubuntu",
        "os_version": "8.04",
        "pkg_name": "phpMyAdmin",
        "pkg_version": "2.4.1"
    },
    {
        "os_name": "Ubuntu",
        "os_version": "8.10",
        "pkg_name": "phpMyAdmin",
        "pkg_version": "2.5.2"
    },
    {
        "os_name": "Ubuntu",
        "os_version": "9.04",
        "pkg_name": "phpMyAdmin",
        "pkg_version": "2.5.5"
    },
    {
        "os_name": "Ubuntu",
        "os_version": "5.04",
        "pkg_name": "ruby",
        "pkg_version": "1.8.1"
    },
    {
        "os_name": "Ubuntu",
        "os_version": "5.10",
        "pkg_name": "ruby",
        "pkg_version": "1.8.2"
    },
    {
        "os_name": "Ubuntu",
        "os_version": "6.06",
        "pkg_name": "ruby",
        "pkg_version": "1.8.4"
    },
    {
        "os_name": "Ubuntu",
        "os_version": "6.10",
        "pkg_name": "ruby",
        "pkg_version": "1.8.4"
    },
    {
        "os_name": "Ubuntu",
        "os_version": "7.04",
        "pkg_name": "ruby",
        "pkg_version": "1.8.5"
    },
    {
        "os_name": "Ubuntu",
        "os_version": "8.04",
        "pkg_name": "ruby",
        "pkg_version": "1.8.6-p111"
    },
    {
        "os_name": "Ubuntu",
        "os_version": "7.10",
        "pkg_name": "ruby",
        "pkg_version": "1.8.6-p36"
    },
    {
        "os_name": "Ubuntu",
        "os_version": "9.10",
        "pkg_name": "ruby",
        "pkg_version": "1.8.7-p174"
    },
    {
        "os_name": "Ubuntu",
        "os_version": "10.04",
        "pkg_name": "ruby",
        "pkg_version": "1.8.7-p249"
    },
    {
        "os_name": "Ubuntu",
        "os_version": "10.10",
        "pkg_name": "ruby",
        "pkg_version": "1.8.7-p299"
    },
    {
        "os_name": "Ubuntu",
        "os_version": "11.04",
        "pkg_name": "ruby",
        "pkg_version": "1.8.7-p302"
    },
    {
        "os_name": "Ubuntu",
        "os_version": "11.10",
        "pkg_name": "ruby",
        "pkg_version": "1.8.7-p352"
    },
    {
        "os_name": "Ubuntu",
        "os_version": "8.10",
        "pkg_name": "ruby",
        "pkg_version": "1.8.7-p72"
    },
    {
        "os_name": "Ubuntu",
        "os_version": "5.04",
        "pkg_name": "ruby",
        "pkg_version": "3.0.10"
    },
    {
        "os_name": "Ubuntu",
        "os_version": "5.10",
        "pkg_name": "ruby",
        "pkg_version": "3.0.14a"
    },
    {
        "os_name": "Ubuntu",
        "os_version": "6.06",
        "pkg_name": "ruby",
        "pkg_version": "3.0.22"
    },
    {
        "os_name": "Ubuntu",
        "os_version": "6.10",
        "pkg_name": "ruby",
        "pkg_version": "3.0.22"
    },
    {
        "os_name": "Ubuntu",
        "os_version": "7.04",
        "pkg_name": "ruby",
        "pkg_version": "3.0.24"
    },
    {
        "os_name": "Ubuntu",
        "os_version": "7.10",
        "pkg_name": "ruby",
        "pkg_version": "3.0.26a"
    },
    {
        "os_name": "Ubuntu",
        "os_version": "8.04",
        "pkg_name": "ruby",
        "pkg_version": "3.0.28a"
    },
    {
        "os_name": "Ubuntu",
        "os_version": "4.10",
        "pkg_name": "ruby",
        "pkg_version": "3.0.7"
    },
    {
        "os_name": "Ubuntu",
        "os_version": "8.10",
        "pkg_name": "ruby",
        "pkg_version": "3.2.3"
    },
    {
        "os_name": "Ubuntu",
        "os_version": "9.04",
        "pkg_name": "ruby",
        "pkg_version": "3.3.2"
    },
    {
        "os_name": "Ubuntu",
        "os_version": "9.10",
        "pkg_name": "ruby",
        "pkg_version": "3.4.0"
    },
    {
        "os_name": "Ubuntu",
        "os_version": "10.04",
        "pkg_name": "ruby",
        "pkg_version": "3.4.7"
    },
    {
        "os_name": "Ubuntu",
        "os_version": "11.10",
        "pkg_name": "ruby",
        "pkg_version": "3.5.11"
    },
    {
        "os_name": "Ubuntu",
        "os_version": "10.10",
        "pkg_name": "ruby",
        "pkg_version": "3.5.4"
    },
    {
        "os_name": "Ubuntu",
        "os_version": "11.04",
        "pkg_name": "ruby",
        "pkg_version": "3.5.8"
    },
    {
        "os_name": "Ubuntu",
        "os_version": "13.10",
        "pkg_name": "ruby",
        "pkg_version": "3.6.18"
    },
    {
        "os_name": "Ubuntu",
        "os_version": "12.04",
        "pkg_name": "ruby",
        "pkg_version": "3.6.3"
    },
    {
        "os_name": "Ubuntu",
        "os_version": "12.10",
        "pkg_name": "ruby",
        "pkg_version": "3.6.6"
    },
    {
        "os_name": "Ubuntu",
        "os_version": "13.04",
        "pkg_name": "ruby",
        "pkg_version": "3.6.9"
    },
    {
        "os_name": "Ubuntu",
        "os_version": "14.10",
        "pkg_name": "ruby",
        "pkg_version": "4.1.11"
    },
    {
        "os_name": "Ubuntu",
        "os_version": "15.04",
        "pkg_name": "ruby",
        "pkg_version": "4.1.13"
    },
    {
        "os_name": "Ubuntu",
        "os_version": "14.04",
        "pkg_name": "ruby",
        "pkg_version": "4.1.6"
    },
    {
        "os_name": "Ubuntu",
        "os_version": "10.10",
        "pkg_name": "subversion",
        "pkg_version": "1.6.12"
    },
    {
        "os_name": "Ubuntu",
        "os_version": "11.04",
        "pkg_name": "subversion",
        "pkg_version": "1.6.12"
    },
    {
        "os_name": "Ubuntu",
        "os_version": "9.10",
        "pkg_name": "subversion",
        "pkg_version": "1.6.5"
    },
    {
        "os_name": "Ubuntu",
        "os_version": "10.04",
        "pkg_name": "subversion",
        "pkg_version": "1.6.6"
    },
    {
        "os_name": "Ubuntu",
        "os_version": "5.10",
        "pkg_name": "webmin",
        "pkg_version": "1.10"
    },
    {
        "os_name": "Ubuntu",
        "os_version": "6.06",
        "pkg_name": "webmin",
        "pkg_version": "1.10.2"
    },
    {
        "os_name": "Ubuntu",
        "os_version": "6.10",
        "pkg_name": "webmin",
        "pkg_version": "1.10.2"
    },
    {
        "os_name": "Ubuntu",
        "os_version": "7.04",
        "pkg_name": "webmin",
        "pkg_version": "1.10.2"
    },
    {
        "os_name": "Ubuntu",
        "os_version": "7.10",
        "pkg_name": "webmin",
        "pkg_version": "1.10.2"
    },
    {
        "os_name": "Ubuntu",
        "os_version": "8.04",
        "pkg_name": "webmin",
        "pkg_version": "1.10.2"
    },
    {
        "os_name": "Ubuntu",
        "os_version": "8.10",
        "pkg_name": "webmin",
        "pkg_version": "1.11.4"
    },
    {
        "os_name": "Ubuntu",
        "os_version": "9.04",
        "pkg_name": "webmin",
        "pkg_version": "1.11.4"
    },
    {
        "os_name": "Ubuntu",
        "os_version": "9.10",
        "pkg_name": "webmin",
        "pkg_version": "1.11.4"
    },
    {
        "os_name": "Ubuntu",
        "os_version": "10.04",
        "pkg_name": "webmin",
        "pkg_version": "1.12"
    },
    {
        "os_name": "Ubuntu",
        "os_version": "10.10",
        "pkg_name": "webmin",
        "pkg_version": "1.12"
    },
    {
        "os_name": "Ubuntu",
        "os_version": "11.04",
        "pkg_name": "webmin",
        "pkg_version": "1.12"
    },
    {
        "os_name": "Ubuntu",
        "os_version": "11.10",
        "pkg_name": "webmin",
        "pkg_version": "1.12"
    },
    {
        "os_name": "Ubuntu",
        "os_version": "12.04",
        "pkg_name": "webmin",
        "pkg_version": "1.13.4"
    },
    {
        "os_name": "Ubuntu",
        "os_version": "12.10",
        "pkg_name": "webmin",
        "pkg_version": "1.13.4"
    },
    {
        "os_name": "Ubuntu",
        "os_version": "13.04",
        "pkg_name": "webmin",
        "pkg_version": "1.14"
    },
    {
        "os_name": "Ubuntu",
        "os_version": "13.10",
        "pkg_name": "webmin",
        "pkg_version": "1.14"
    },
    {
        "os_name": "Ubuntu",
        "os_version": "14.04",
        "pkg_name": "webmin",
        "pkg_version": "1.15"
    },
    {
        "os_name": "Ubuntu",
        "os_version": "14.10",
        "pkg_name": "webmin",
        "pkg_version": "1.15"
    },
    {
        "os_name": "Ubuntu",
        "os_version": "15.04",
        "pkg_name": "webmin",
        "pkg_version": "1.16.1"
    },
    {
        "os_name": "Ubuntu",
        "os_version": "4.10",
        "pkg_name": "webmin",
        "pkg_version": "1.9.1"
    },
    {
        "os_name": "Ubuntu",
        "os_version": "5.04",
        "pkg_name": "webmin",
        "pkg_version": "1.9.1"
    }
]