[
	{
		"url": "/admin/",
		"type": "string",
		"match": "<h1 id=\"site-name\">Django administration</h1>",
		"output": "",
		"weight": 0.1,
		"note": "Django administration page"
	},
	{
		"url": "/admin/login/",
		"type": "string",
		"match": "<form action=\"/admin/login/\" method=\"post\" id=\"login-form\"><input type='hidden' name='csrfmiddlewaretoken' value='",
		"output": "",
		"weight": 0.1,
		"note": "Django administration page"
	},
	{
		"url": "/admin/login/",
		"type": "string",
		"match": "<form action=\"/admin/login/\" method=\"post\"><input type='hidden' name='csrfmiddlewaretoken'",
		"output": "",
		"weight": 0.1,
		"note": "Django administration page"
	},
	{
		"url": "/admin/login/",
		"type": "string",
		"match": "<script type=\"text/javascript\">window.__admin_media_prefix__ =",
		"output": "",
		"weight": 0.1,
		"note": "Django administration page"
	},
	{
		"url": "",
		"type": "string",
		"match": "name='csrfmiddlewaretoken'",
		"output": "",
		"weight": 0.1
	},
	{
		"url": "/static/admin/css/base.css",
		"type": "string",
		"match": "    DJANGO Admin styles",
		"output": "",
		"weight": 0.1
	},
	{
		"url": "",
		"type": "string",
		"match": "your Django settings file. Change that to <code>False</code>, and Django",
		"output": "",
		"weight": 0.1,
		"code": 404,
		"note": "Django debugging enabled"
	}
]