[
	{
		"url": "/util/login.aspx",
		"type": "string",
		"match": "<div class=\"epi-credentialsContainer\">",
		"output": "",
		"note": "EpiServer login page",
		"weight": 0.1
	},
	{
		"url": "/admui/report/default.aspx",
		"type": "string",
		"match": "Report Center - EPiServer CMS",
		"output": "",
		"note": "EpiServer Report page",
		"weight": 0.1 
	},
	{
		"url": "/admui/help/en/Start.htm",
		"type": "string",
		"match": "<title>Help in EPiServer CMS 5</title>",
		"output": "5.0",
		"weight": 0.1
	},
	{
		"url": "/admui/help/en/ChangedPages.htm",
		"type": "string",
		"match": "<title>Help in EPiServer CMS 5</title>",
		"output": "5.0",
		"weight": 0.1
	},
	{
		"url": "/admui/javascript/edit.js",
		"type": "string",
		"match": "JavaScript support routines for EPiServer",
		"output": "",
		"weight": 0.1
	},
	{
		"url": "/admui/javascript/resizewindows.js",
		"type": "string",
		"match": "JavaScript support routines for EPiServer",
		"output": "",
		"weight": 0.1
	},
	{
		"url": "/util/javascript/common.js",
		"type": "string",
		"match": "JavaScript support routines for EPiServer",
		"output": "",
		"weight": 0.1
	},
	{
		"url": "/App_Themes/Default/Styles/system.css",
		"type": "string",
		"match": "Basic configuration for EPiServer system pages",
		"output": "",
		"weight": 0.1
	}
]
