[
	{
		"url": "/exchweb/bin/auth/owalogon.asp",
		"type": "string",
		"match": "Microsoft Office Outlook Web Access provided by Microsoft Exchange Server 2003",
		"output": "2003"
	},
	{
		"url": "/owa/auth/logon.aspx?url=https://google.com&reason=0",
		"type": "string",
		"match": "<!-- OwaPage = ASP.auth_logon_aspx -->",
		"output": "2007"
	},
	{
		"url": "/owa/auth/logon.aspx?url=https://google.com&reason=0",
		"type": "string",
		"match": "<!-- OwaPage = ASP.auth_logon_aspx -->",
		"output": "2010"
	},
	{
		"url": "/owa/auth/logon.aspx?url=https://google.com&reason=0",
		"type": "string",
		"match": "<td class=\"tdCopy\">&copy; 2007 Microsoft Corporation. All rights reserved. </td>",
		"output": "2007"
	},
	{
		"url": "/owa/auth/logon.aspx?url=https://google.com&reason=0",
		"type": "string",
		"match": "<td class=\"tdCopy\">&copy; 2010 Microsoft Corporation. All rights reserved.</td>",
		"output": "2007"
	}
]