[
	{
		"url": "",
		"type": "string",
		"match": "<meta name=\"generator\" content=\"Plone - http://plone.org\"/>",
		"output": ""
	},
	{
		"url": "",
		"type": "string",
		"match": "resourcetinymce",
		"output": ""
	},
	{
		"url": "",
		"type": "string",
		"match": "resourceplone",
		"output": ""
	},
	{
		"url": "",
		"type": "string",
		"match": "Plone Powered</a>",
		"output": ""
	},
	{
		"url": "",
		"type": "string",
		"match": "/portal_javascripts/",
		"output": ""
	},
	{
		"url": "",
		"type": "string",
		"match": "/portal_css/",
		"output": ""
	}
]