[
	{
        "url": "",
		"type": "string",
		"match": "<link href=\"/sitecore/shell/applications/analytics/visitor.css.aspx\"",
		"output": "",
		"weight": 0.01
	},
	{
        "url": "",
		"type": "string",
		"match": "<link href=\"/sitecore%20modules/shell/",
		"output": "",
		"weight": 0.01
	},
	{
        "url": "",
		"type": "string",
		"match": "<meta id=scPath content=\"/sitecore/content/Home/404\" name=scPath>",
		"output": "",
		"weight": 0.01
	},
	{
		"url": "/sitecore/shell/webservice/service.asmx",
		"type": "string",
		"match": "Visual Sitecore Service Web Service",
		"output": "",
		"weight": 0.01,
		"note":  "Sitecore Web Service Page"
	},
	{
		"url": "/sitecore/login/passwordrecovery.aspx",
		"type": "string",
		"match": "<form method=\"post\" action=\"/sitecore/login/passwordrecovery.aspx\"",
		"output": "",
		"weight": 0.01,
		"note": "Sitecore Password Recovery"
	},
	{
		"url": "/sitecore/admin/unlock_admin.aspx",
		"type": "string",
		"match": "Unlock Administrator Page",
		"output": "",
		"weight": 0.01,
		"note": "Sitecore Unlock Administrator Account"
	},
	{
		"url": "/sitecore/admin/cache.aspx",
		"type": "string",
		"match": "<title>Cache Admin</title>",
		"output": "",
		"weight": 0.01,
		"note": "Sitecore Cache Admin"
	},
	{
		"url": "/sitecore/admin/showconfig.aspx",
		"type": "string",
		"match": "sitecore database",
		"output": "",
		"weight": 0.01,
		"note": "Sitecore Config page"
	},
	{
		"url": "/sitecore/admin/cache.aspx",
		"type": "string",
		"match": "<title>Cache Admin</title>",
		"output": "",
		"weight": 0.01,
		"note": "Sitecore Cache Admin"
	}
]