[
	{
		"url": "/src/login.php",
		"type": "string",
		"match": "alt=\"SquirrelMail Logo\" width=\"308\" height=\"111\" /><br />",
		"output": "",
		"note": "SquirrelMail login"
	},
	{
		"url": "/src/login.php",
		"type": "string",
		"match": "<title>SquirrelMail - Login</title><script language=\"JavaScript\" type=\"text/javascript\">",
		"output": "",
		"note": "SquirrelMail login"
	},
	{
		"url": "/mail/src/login.php",
		"type": "string",
		"match": "alt=\"SquirrelMail Logo\" width=\"308\" height=\"111\" /><br />",
		"output": "",
		"note": "SquirrelMail login"
	},
	{
		"url": "/mail/src/login.php",
		"type": "string",
		"match": "<title>SquirrelMail - Login</title><script language=\"JavaScript\" type=\"text/javascript\">",
		"output": "",
		"note": "SquirrelMail login"
	}
]