[
	{
		"url": "",
		"type": "regex",
		"match": "<title>Apache Tomcat/([^\\s]*)",
		"output": "%s",
		"code": 404
	},
	{
		"url": "/manager/",
		"type": "regex",
		"match": "<title>Apache Tomcat/([^\\s]*)",
		"output": "%s",
		"code": "any",
		"note": "Tomcat manager"
	},
	{
		"url": "/host-manager/html",
		"type": "regex",
		"match": "<title>Apache Tomcat/([^\\s]*)",
		"output": "%s",
		"code": "any",
		"note": "Tomcat host manager"
	},
	{
		"url": "/docs/",
		"type": "regex",
		"match": "<title>Apache Tomcat \\d?[\\.\\d]* \\(([^\\s]*)\\)",
		"output": "%s",
		"code": "any",
		"note": "Tomcat docs"
	}
]

