[
    {
        "link": "http://cvedetails.com/version/201723",
        "name": "Drupal",
        "num_vulns": "1",
        "version": "8.1.2"
    },
    {
        "link": "http://cvedetails.com/version/201722",
        "name": "Drupal",
        "num_vulns": "1",
        "version": "8.1.1"
    },
    {
        "link": "http://cvedetails.com/version/201721",
        "name": "Drupal",
        "num_vulns": "1",
        "version": "8.1.0"
    },
    {
        "link": "http://cvedetails.com/version/201717",
        "name": "Drupal",
        "num_vulns": "1",
        "version": "8.0.6"
    },
    {
        "link": "http://cvedetails.com/version/201716",
        "name": "Drupal",
        "num_vulns": "1",
        "version": "8.0.5"
    },
    {
        "link": "http://cvedetails.com/version/201715",
        "name": "Drupal",
        "num_vulns": "1",
        "version": "8.0.4"
    },
    {
        "link": "http://cvedetails.com/version/192937",
        "name": "Drupal",
        "num_vulns": "4",
        "version": "8.0.3"
    },
    {
        "link": "http://cvedetails.com/version/192938",
        "name": "Drupal",
        "num_vulns": "4",
        "version": "8.0.2"
    },
    {
        "link": "http://cvedetails.com/version/192939",
        "name": "Drupal",
        "num_vulns": "4",
        "version": "8.0.1"
    },
    {
        "link": "http://cvedetails.com/version/192940",
        "name": "Drupal",
        "num_vulns": "3",
        "version": "8.0.0"
    },
    {
        "link": "http://cvedetails.com/version/201714",
        "name": "Drupal",
        "num_vulns": "2",
        "version": "7.43"
    },
    {
        "link": "http://cvedetails.com/version/192973",
        "name": "Drupal",
        "num_vulns": "7",
        "version": "7.42"
    },
    {
        "link": "http://cvedetails.com/version/192974",
        "name": "Drupal",
        "num_vulns": "8",
        "version": "7.41"
    },
    {
        "link": "http://cvedetails.com/version/192975",
        "name": "Drupal",
        "num_vulns": "8",
        "version": "7.40"
    },
    {
        "link": "http://cvedetails.com/version/193126",
        "name": "Drupal",
        "num_vulns": "3",
        "version": "7.39"
    },
    {
        "link": "http://cvedetails.com/version/185744",
        "name": "Drupal",
        "num_vulns": "13",
        "version": "7.38"
    },
    {
        "link": "http://cvedetails.com/version/184070",
        "name": "Drupal",
        "num_vulns": "17",
        "version": "7.37"
    },
    {
        "link": "http://cvedetails.com/version/184069",
        "name": "Drupal",
        "num_vulns": "17",
        "version": "7.36"
    },
    {
        "link": "http://cvedetails.com/version/184068",
        "name": "Drupal",
        "num_vulns": "17",
        "version": "7.35"
    },
    {
        "link": "http://cvedetails.com/version/181083",
        "name": "Drupal",
        "num_vulns": "18",
        "version": "7.34"
    },
    {
        "link": "http://cvedetails.com/version/175956",
        "name": "Drupal",
        "num_vulns": "20",
        "version": "7.33"
    },
    {
        "link": "http://cvedetails.com/version/192976",
        "name": "Drupal",
        "num_vulns": "7",
        "version": "7.32"
    },
    {
        "link": "http://cvedetails.com/version/192977",
        "name": "Drupal",
        "num_vulns": "7",
        "version": "7.31"
    },
    {
        "link": "http://cvedetails.com/version/169916",
        "name": "Drupal",
        "num_vulns": "21",
        "version": "7.30"
    },
    {
        "link": "http://cvedetails.com/version/169917",
        "name": "Drupal",
        "num_vulns": "21",
        "version": "7.29"
    },
    {
        "link": "http://cvedetails.com/version/169265",
        "name": "Drupal",
        "num_vulns": "25",
        "version": "7.28"
    },
    {
        "link": "http://cvedetails.com/version/169266",
        "name": "Drupal",
        "num_vulns": "25",
        "version": "7.27"
    },
    {
        "link": "http://cvedetails.com/version/164032",
        "name": "Drupal",
        "num_vulns": "26",
        "version": "7.26"
    },
    {
        "link": "http://cvedetails.com/version/164033",
        "name": "Drupal",
        "num_vulns": "26",
        "version": "7.25"
    },
    {
        "link": "http://cvedetails.com/version/159133",
        "name": "Drupal",
        "num_vulns": "28",
        "version": "7.24"
    },
    {
        "link": "http://cvedetails.com/version/156577",
        "name": "Drupal",
        "num_vulns": "33",
        "version": "7.23"
    },
    {
        "link": "http://cvedetails.com/version/156578",
        "name": "Drupal",
        "num_vulns": "33",
        "version": "7.22"
    },
    {
        "link": "http://cvedetails.com/version/156579",
        "name": "Drupal",
        "num_vulns": "33",
        "version": "7.21"
    },
    {
        "link": "http://cvedetails.com/version/156580",
        "name": "Drupal",
        "num_vulns": "33",
        "version": "7.20"
    },
    {
        "link": "http://cvedetails.com/version/143556",
        "name": "Drupal",
        "num_vulns": "34",
        "version": "7.19"
    },
    {
        "link": "http://cvedetails.com/version/143555",
        "name": "Drupal",
        "num_vulns": "37",
        "version": "7.18"
    },
    {
        "link": "http://cvedetails.com/version/139565",
        "name": "Drupal",
        "num_vulns": "39",
        "version": "7.17"
    },
    {
        "link": "http://cvedetails.com/version/139566",
        "name": "Drupal",
        "num_vulns": "39",
        "version": "7.16"
    },
    {
        "link": "http://cvedetails.com/version/137639",
        "name": "Drupal",
        "num_vulns": "41",
        "version": "7.15"
    },
    {
        "link": "http://cvedetails.com/version/126293",
        "name": "Drupal",
        "num_vulns": "43",
        "version": "7.14"
    },
    {
        "link": "http://cvedetails.com/version/135508",
        "name": "Drupal",
        "num_vulns": "45",
        "version": "7.13"
    },
    {
        "link": "http://cvedetails.com/version/124284",
        "name": "Drupal",
        "num_vulns": "48",
        "version": "7.12"
    },
    {
        "link": "http://cvedetails.com/version/124285",
        "name": "Drupal",
        "num_vulns": "48",
        "version": "7.11"
    },
    {
        "link": "http://cvedetails.com/version/124286",
        "name": "Drupal",
        "num_vulns": "51",
        "version": "7.10"
    },
    {
        "link": "http://cvedetails.com/version/124287",
        "name": "Drupal",
        "num_vulns": "48",
        "version": "7.9"
    },
    {
        "link": "http://cvedetails.com/version/124288",
        "name": "Drupal",
        "num_vulns": "48",
        "version": "7.8"
    },
    {
        "link": "http://cvedetails.com/version/124289",
        "name": "Drupal",
        "num_vulns": "48",
        "version": "7.7"
    },
    {
        "link": "http://cvedetails.com/version/124290",
        "name": "Drupal",
        "num_vulns": "48",
        "version": "7.6"
    },
    {
        "link": "http://cvedetails.com/version/124291",
        "name": "Drupal",
        "num_vulns": "48",
        "version": "7.5"
    },
    {
        "link": "http://cvedetails.com/version/124292",
        "name": "Drupal",
        "num_vulns": "48",
        "version": "7.4"
    },
    {
        "link": "http://cvedetails.com/version/124293",
        "name": "Drupal",
        "num_vulns": "48",
        "version": "7.3"
    },
    {
        "link": "http://cvedetails.com/version/112039",
        "name": "Drupal",
        "num_vulns": "52",
        "version": "7.2"
    },
    {
        "link": "http://cvedetails.com/version/112038",
        "name": "Drupal",
        "num_vulns": "52",
        "version": "7.1"
    },
    {
        "link": "http://cvedetails.com/version/112037",
        "name": "Drupal",
        "num_vulns": "53",
        "version": "7.0"
    },
    {
        "link": "http://cvedetails.com/version/124294",
        "name": "Drupal",
        "num_vulns": "39",
        "version": "7.x-dev"
    },
    {
        "link": "http://cvedetails.com/version/192978",
        "name": "Drupal",
        "num_vulns": "8",
        "version": "6.37"
    },
    {
        "link": "http://cvedetails.com/version/185743",
        "name": "Drupal",
        "num_vulns": "11",
        "version": "6.36"
    },
    {
        "link": "http://cvedetails.com/version/184071",
        "name": "Drupal",
        "num_vulns": "12",
        "version": "6.35"
    },
    {
        "link": "http://cvedetails.com/version/181082",
        "name": "Drupal",
        "num_vulns": "13",
        "version": "6.34"
    },
    {
        "link": "http://cvedetails.com/version/175955",
        "name": "Drupal",
        "num_vulns": "14",
        "version": "6.33"
    },
    {
        "link": "http://cvedetails.com/version/169918",
        "name": "Drupal",
        "num_vulns": "16",
        "version": "6.32"
    },
    {
        "link": "http://cvedetails.com/version/169267",
        "name": "Drupal",
        "num_vulns": "18",
        "version": "6.31"
    },
    {
        "link": "http://cvedetails.com/version/164030",
        "name": "Drupal",
        "num_vulns": "19",
        "version": "6.30"
    },
    {
        "link": "http://cvedetails.com/version/164031",
        "name": "Drupal",
        "num_vulns": "19",
        "version": "6.29"
    },
    {
        "link": "http://cvedetails.com/version/156576",
        "name": "Drupal",
        "num_vulns": "22",
        "version": "6.28"
    },
    {
        "link": "http://cvedetails.com/version/148442",
        "name": "Drupal",
        "num_vulns": "24",
        "version": "6.27"
    },
    {
        "link": "http://cvedetails.com/version/139564",
        "name": "Drupal",
        "num_vulns": "27",
        "version": "6.26"
    },
    {
        "link": "http://cvedetails.com/version/139563",
        "name": "Drupal",
        "num_vulns": "27",
        "version": "6.25"
    },
    {
        "link": "http://cvedetails.com/version/124301",
        "name": "Drupal",
        "num_vulns": "28",
        "version": "6.24"
    },
    {
        "link": "http://cvedetails.com/version/124302",
        "name": "Drupal",
        "num_vulns": "29",
        "version": "6.23"
    },
    {
        "link": "http://cvedetails.com/version/124299",
        "name": "Drupal",
        "num_vulns": "30",
        "version": "6.22"
    },
    {
        "link": "http://cvedetails.com/version/124300",
        "name": "Drupal",
        "num_vulns": "30",
        "version": "6.21"
    },
    {
        "link": "http://cvedetails.com/version/124297",
        "name": "Drupal",
        "num_vulns": "30",
        "version": "6.20"
    },
    {
        "link": "http://cvedetails.com/version/124298",
        "name": "Drupal",
        "num_vulns": "30",
        "version": "6.19"
    },
    {
        "link": "http://cvedetails.com/version/124295",
        "name": "Drupal",
        "num_vulns": "31",
        "version": "6.18"
    },
    {
        "link": "http://cvedetails.com/version/97699",
        "name": "Drupal",
        "num_vulns": "37",
        "version": "6.17"
    },
    {
        "link": "http://cvedetails.com/version/97698",
        "name": "Drupal",
        "num_vulns": "37",
        "version": "6.16"
    },
    {
        "link": "http://cvedetails.com/version/84812",
        "name": "Drupal",
        "num_vulns": "38",
        "version": "6.15"
    },
    {
        "link": "http://cvedetails.com/version/84808",
        "name": "Drupal",
        "num_vulns": "40",
        "version": "6.14"
    },
    {
        "link": "http://cvedetails.com/version/84807",
        "name": "Drupal",
        "num_vulns": "39",
        "version": "6.13"
    },
    {
        "link": "http://cvedetails.com/version/78916",
        "name": "Drupal",
        "num_vulns": "42",
        "version": "6.12"
    },
    {
        "link": "http://cvedetails.com/version/77264",
        "name": "Drupal",
        "num_vulns": "43",
        "version": "6.11"
    },
    {
        "link": "http://cvedetails.com/version/76600",
        "name": "Drupal",
        "num_vulns": "45",
        "version": "6.10"
    },
    {
        "link": "http://cvedetails.com/version/76599",
        "name": "Drupal",
        "num_vulns": "41",
        "version": "6.9"
    },
    {
        "link": "http://cvedetails.com/version/76598",
        "name": "Drupal",
        "num_vulns": "42",
        "version": "6.8"
    },
    {
        "link": "http://cvedetails.com/version/76597",
        "name": "Drupal",
        "num_vulns": "42",
        "version": "6.7"
    },
    {
        "link": "http://cvedetails.com/version/69758",
        "name": "Drupal",
        "num_vulns": "44",
        "version": "6.6"
    },
    {
        "link": "http://cvedetails.com/version/68813",
        "name": "Drupal",
        "num_vulns": "46",
        "version": "6.5"
    },
    {
        "link": "http://cvedetails.com/version/64253",
        "name": "Drupal",
        "num_vulns": "49",
        "version": "6.4"
    },
    {
        "link": "http://cvedetails.com/version/61266",
        "name": "Drupal",
        "num_vulns": "55",
        "version": "6.3"
    },
    {
        "link": "http://cvedetails.com/version/55884",
        "name": "Drupal",
        "num_vulns": "60",
        "version": "6.2"
    },
    {
        "link": "http://cvedetails.com/version/54383",
        "name": "Drupal",
        "num_vulns": "60",
        "version": "6.1"
    },
    {
        "link": "http://cvedetails.com/version/52782",
        "name": "Drupal",
        "num_vulns": "61",
        "version": "6.0"
    },
    {
        "link": "http://cvedetails.com/version/124296",
        "name": "Drupal",
        "num_vulns": "1",
        "version": "6.x-dev"
    },
    {
        "link": "http://cvedetails.com/version/57912",
        "name": "Drupal",
        "num_vulns": "7",
        "version": "6"
    },
    {
        "link": "http://cvedetails.com/version/124303",
        "name": "Drupal",
        "num_vulns": "2",
        "version": "5.23"
    },
    {
        "link": "http://cvedetails.com/version/97692",
        "name": "Drupal",
        "num_vulns": "4",
        "version": "5.22"
    },
    {
        "link": "http://cvedetails.com/version/97691",
        "name": "Drupal",
        "num_vulns": "4",
        "version": "5.21"
    },
    {
        "link": "http://cvedetails.com/version/84811",
        "name": "Drupal",
        "num_vulns": "5",
        "version": "5.20"
    },
    {
        "link": "http://cvedetails.com/version/84810",
        "name": "Drupal",
        "num_vulns": "5",
        "version": "5.19"
    },
    {
        "link": "http://cvedetails.com/version/78918",
        "name": "Drupal",
        "num_vulns": "6",
        "version": "5.18"
    },
    {
        "link": "http://cvedetails.com/version/78917",
        "name": "Drupal",
        "num_vulns": "6",
        "version": "5.17"
    },
    {
        "link": "http://cvedetails.com/version/76595",
        "name": "Drupal",
        "num_vulns": "10",
        "version": "5.16"
    },
    {
        "link": "http://cvedetails.com/version/76594",
        "name": "Drupal",
        "num_vulns": "10",
        "version": "5.15"
    },
    {
        "link": "http://cvedetails.com/version/76593",
        "name": "Drupal",
        "num_vulns": "10",
        "version": "5.14"
    },
    {
        "link": "http://cvedetails.com/version/76592",
        "name": "Drupal",
        "num_vulns": "10",
        "version": "5.13"
    },
    {
        "link": "http://cvedetails.com/version/69757",
        "name": "Drupal",
        "num_vulns": "12",
        "version": "5.12"
    },
    {
        "link": "http://cvedetails.com/version/68812",
        "name": "Drupal",
        "num_vulns": "14",
        "version": "5.11"
    },
    {
        "link": "http://cvedetails.com/version/64254",
        "name": "Drupal",
        "num_vulns": "18",
        "version": "5.10"
    },
    {
        "link": "http://cvedetails.com/version/61265",
        "name": "Drupal",
        "num_vulns": "21",
        "version": "5.9"
    },
    {
        "link": "http://cvedetails.com/version/58196",
        "name": "Drupal",
        "num_vulns": "22",
        "version": "5.8"
    },
    {
        "link": "http://cvedetails.com/version/55882",
        "name": "Drupal",
        "num_vulns": "24",
        "version": "5.7"
    },
    {
        "link": "http://cvedetails.com/version/58197",
        "name": "Drupal",
        "num_vulns": "22",
        "version": "5.6"
    },
    {
        "link": "http://cvedetails.com/version/51359",
        "name": "Drupal",
        "num_vulns": "9",
        "version": "5.5."
    },
    {
        "link": "http://cvedetails.com/version/58198",
        "name": "Drupal",
        "num_vulns": "22",
        "version": "5.5"
    },
    {
        "link": "http://cvedetails.com/version/51358",
        "name": "Drupal",
        "num_vulns": "26",
        "version": "5.4"
    },
    {
        "link": "http://cvedetails.com/version/51357",
        "name": "Drupal",
        "num_vulns": "25",
        "version": "5.3"
    },
    {
        "link": "http://cvedetails.com/version/48667",
        "name": "Drupal",
        "num_vulns": "34",
        "version": "5.2"
    },
    {
        "link": "http://cvedetails.com/version/46534",
        "name": "Drupal",
        "num_vulns": "12",
        "version": "5.1 Rev1.1"
    },
    {
        "link": "http://cvedetails.com/version/41278",
        "name": "Drupal",
        "num_vulns": "32",
        "version": "5.1"
    },
    {
        "link": "http://cvedetails.com/version/41223",
        "name": "Drupal",
        "num_vulns": "34",
        "version": "5.0"
    },
    {
        "link": "http://cvedetails.com/version/57911",
        "name": "Drupal",
        "num_vulns": "6",
        "version": "5"
    },
    {
        "link": "http://cvedetails.com/version/41277",
        "name": "Drupal",
        "num_vulns": "4",
        "version": "4.7 Rev1.15"
    },
    {
        "link": "http://cvedetails.com/version/51355",
        "name": "Drupal",
        "num_vulns": "4",
        "version": "4.7 Rev 1.15"
    },
    {
        "link": "http://cvedetails.com/version/51353",
        "name": "Drupal",
        "num_vulns": "4",
        "version": "4.7.10"
    },
    {
        "link": "http://cvedetails.com/version/51354",
        "name": "Drupal",
        "num_vulns": "4",
        "version": "4.7.9"
    },
    {
        "link": "http://cvedetails.com/version/50073",
        "name": "Drupal",
        "num_vulns": "5",
        "version": "4.7.8"
    },
    {
        "link": "http://cvedetails.com/version/48872",
        "name": "Drupal",
        "num_vulns": "8",
        "version": "4.7.7"
    },
    {
        "link": "http://cvedetails.com/version/41276",
        "name": "Drupal",
        "num_vulns": "7",
        "version": "4.7.6"
    },
    {
        "link": "http://cvedetails.com/version/41222",
        "name": "Drupal",
        "num_vulns": "8",
        "version": "4.7.5"
    },
    {
        "link": "http://cvedetails.com/version/40362",
        "name": "Drupal",
        "num_vulns": "9",
        "version": "4.7.4"
    },
    {
        "link": "http://cvedetails.com/version/37726",
        "name": "Drupal",
        "num_vulns": "11",
        "version": "4.7.3"
    },
    {
        "link": "http://cvedetails.com/version/34241",
        "name": "Drupal",
        "num_vulns": "13",
        "version": "4.7.2"
    },
    {
        "link": "http://cvedetails.com/version/51356",
        "name": "Drupal",
        "num_vulns": "4",
        "version": "4.7 Rev 1.2"
    },
    {
        "link": "http://cvedetails.com/version/124304",
        "name": "Drupal",
        "num_vulns": "1",
        "version": "4.7 Revision 1.2"
    },
    {
        "link": "http://cvedetails.com/version/34239",
        "name": "Drupal",
        "num_vulns": "14",
        "version": "4.7.1"
    },
    {
        "link": "http://cvedetails.com/version/34147",
        "name": "Drupal",
        "num_vulns": "12",
        "version": "4.7.0"
    },
    {
        "link": "http://cvedetails.com/version/35382",
        "name": "Drupal",
        "num_vulns": "11",
        "version": "4.7"
    },
    {
        "link": "http://cvedetails.com/version/50072",
        "name": "Drupal",
        "num_vulns": "5",
        "version": "4.6.11"
    },
    {
        "link": "http://cvedetails.com/version/40361",
        "name": "Drupal",
        "num_vulns": "7",
        "version": "4.6.10"
    },
    {
        "link": "http://cvedetails.com/version/37725",
        "name": "Drupal",
        "num_vulns": "9",
        "version": "4.6.9"
    },
    {
        "link": "http://cvedetails.com/version/34240",
        "name": "Drupal",
        "num_vulns": "11",
        "version": "4.6.8"
    },
    {
        "link": "http://cvedetails.com/version/34238",
        "name": "Drupal",
        "num_vulns": "12",
        "version": "4.6.7"
    },
    {
        "link": "http://cvedetails.com/version/34146",
        "name": "Drupal",
        "num_vulns": "14",
        "version": "4.6.6"
    },
    {
        "link": "http://cvedetails.com/version/32231",
        "name": "Drupal",
        "num_vulns": "15",
        "version": "4.6.5"
    },
    {
        "link": "http://cvedetails.com/version/30075",
        "name": "Drupal",
        "num_vulns": "16",
        "version": "4.6.4"
    },
    {
        "link": "http://cvedetails.com/version/27749",
        "name": "Drupal",
        "num_vulns": "19",
        "version": "4.6.3"
    },
    {
        "link": "http://cvedetails.com/version/27748",
        "name": "Drupal",
        "num_vulns": "19",
        "version": "4.6.2"
    },
    {
        "link": "http://cvedetails.com/version/24052",
        "name": "Drupal",
        "num_vulns": "23",
        "version": "4.6.1"
    },
    {
        "link": "http://cvedetails.com/version/23705",
        "name": "Drupal",
        "num_vulns": "19",
        "version": "4.6.0"
    },
    {
        "link": "http://cvedetails.com/version/27751",
        "name": "Drupal",
        "num_vulns": "14",
        "version": "4.6"
    },
    {
        "link": "http://cvedetails.com/version/50071",
        "name": "Drupal",
        "num_vulns": "5",
        "version": "4.5.8"
    },
    {
        "link": "http://cvedetails.com/version/32230",
        "name": "Drupal",
        "num_vulns": "7",
        "version": "4.5.7"
    },
    {
        "link": "http://cvedetails.com/version/30074",
        "name": "Drupal",
        "num_vulns": "8",
        "version": "4.5.6"
    },
    {
        "link": "http://cvedetails.com/version/27747",
        "name": "Drupal",
        "num_vulns": "11",
        "version": "4.5.5"
    },
    {
        "link": "http://cvedetails.com/version/27746",
        "name": "Drupal",
        "num_vulns": "11",
        "version": "4.5.4"
    },
    {
        "link": "http://cvedetails.com/version/24051",
        "name": "Drupal",
        "num_vulns": "15",
        "version": "4.5.3"
    },
    {
        "link": "http://cvedetails.com/version/23704",
        "name": "Drupal",
        "num_vulns": "16",
        "version": "4.5.2"
    },
    {
        "link": "http://cvedetails.com/version/22010",
        "name": "Drupal",
        "num_vulns": "17",
        "version": "4.5.1"
    },
    {
        "link": "http://cvedetails.com/version/22009",
        "name": "Drupal",
        "num_vulns": "10",
        "version": "4.5.0"
    },
    {
        "link": "http://cvedetails.com/version/27750",
        "name": "Drupal",
        "num_vulns": "8",
        "version": "4.5"
    },
    {
        "link": "http://cvedetails.com/version/50070",
        "name": "Drupal",
        "num_vulns": "5",
        "version": "4.4.3"
    },
    {
        "link": "http://cvedetails.com/version/22008",
        "name": "Drupal",
        "num_vulns": "8",
        "version": "4.4.2"
    },
    {
        "link": "http://cvedetails.com/version/22007",
        "name": "Drupal",
        "num_vulns": "8",
        "version": "4.4.1"
    },
    {
        "link": "http://cvedetails.com/version/22006",
        "name": "Drupal",
        "num_vulns": "5",
        "version": "4.4.0"
    },
    {
        "link": "http://cvedetails.com/version/51352",
        "name": "Drupal",
        "num_vulns": "4",
        "version": "4.4"
    },
    {
        "link": "http://cvedetails.com/version/50069",
        "name": "Drupal",
        "num_vulns": "5",
        "version": "4.2.0 Rc"
    },
    {
        "link": "http://cvedetails.com/version/50068",
        "name": "Drupal",
        "num_vulns": "5",
        "version": "4.1.0"
    },
    {
        "link": "http://cvedetails.com/version/8826",
        "name": "Drupal",
        "num_vulns": "6",
        "version": "4.0.0"
    },
    {
        "link": "http://cvedetails.com/version/35956",
        "name": "Drupal",
        "num_vulns": "2",
        "version": "4.0"
    },
    {
        "link": "http://cvedetails.com/version/128626",
        "name": "Drupal",
        "num_vulns": "1",
        "version": "-"
    }
]