[
    {
        "link": "http://cvedetails.com/version/201567",
        "name": "Fedora",
        "num_vulns": "2",
        "version": "25"
    },
    {
        "link": "http://cvedetails.com/version/193263",
        "name": "Fedora",
        "num_vulns": "43",
        "version": "24"
    },
    {
        "link": "http://cvedetails.com/version/186364",
        "name": "Fedora",
        "num_vulns": "95",
        "version": "23"
    },
    {
        "link": "http://cvedetails.com/version/181069",
        "name": "Fedora",
        "num_vulns": "128",
        "version": "22"
    },
    {
        "link": "http://cvedetails.com/version/176189",
        "name": "Fedora",
        "num_vulns": "96",
        "version": "21"
    },
    {
        "link": "http://cvedetails.com/version/157565",
        "name": "Fedora",
        "num_vulns": "91",
        "version": "20"
    },
    {
        "link": "http://cvedetails.com/version/153075",
        "name": "Fedora",
        "num_vulns": "36",
        "version": "19"
    },
    {
        "link": "http://cvedetails.com/version/137948",
        "name": "Fedora",
        "num_vulns": "15",
        "version": "18"
    },
    {
        "link": "http://cvedetails.com/version/135631",
        "name": "Fedora",
        "num_vulns": "12",
        "version": "17"
    },
    {
        "link": "http://cvedetails.com/version/135632",
        "name": "Fedora",
        "num_vulns": "11",
        "version": "16"
    },
    {
        "link": "http://cvedetails.com/version/142599",
        "name": "Fedora",
        "num_vulns": "4",
        "version": "15"
    },
    {
        "link": "http://cvedetails.com/version/187437",
        "name": "Fedora",
        "num_vulns": "1",
        "version": "13"
    },
    {
        "link": "http://cvedetails.com/version/158045",
        "name": "Fedora",
        "num_vulns": "3",
        "version": "12"
    },
    {
        "link": "http://cvedetails.com/version/79770",
        "name": "Fedora",
        "num_vulns": "3",
        "version": "11"
    },
    {
        "link": "http://cvedetails.com/version/79769",
        "name": "Fedora",
        "num_vulns": "0",
        "version": "10"
    },
    {
        "link": "http://cvedetails.com/version/69891",
        "name": "Fedora",
        "num_vulns": "1",
        "version": "9"
    }
]