[
    {
        "link": "http://cvedetails.com/version/186005",
        "name": "MyBB",
        "num_vulns": "1",
        "version": "1.8.4"
    },
    {
        "link": "http://cvedetails.com/version/180623",
        "name": "MyBB",
        "num_vulns": "7",
        "version": "1.8.3"
    },
    {
        "link": "http://cvedetails.com/version/176352",
        "name": "MyBB",
        "num_vulns": "2",
        "version": "1.8.1"
    },
    {
        "link": "http://cvedetails.com/version/176351",
        "name": "MyBB",
        "num_vulns": "2",
        "version": "1.8.0"
    },
    {
        "link": "http://cvedetails.com/version/169855",
        "name": "MyBB",
        "num_vulns": "1",
        "version": "1.6.14"
    },
    {
        "link": "http://cvedetails.com/version/169854",
        "name": "MyBB",
        "num_vulns": "1",
        "version": "1.6.13"
    },
    {
        "link": "http://cvedetails.com/version/161183",
        "name": "MyBB",
        "num_vulns": "2",
        "version": "1.6.12"
    },
    {
        "link": "http://cvedetails.com/version/157875",
        "name": "MyBB",
        "num_vulns": "4",
        "version": "1.6.11"
    },
    {
        "link": "http://cvedetails.com/version/157874",
        "name": "MyBB",
        "num_vulns": "4",
        "version": "1.6.10"
    },
    {
        "link": "http://cvedetails.com/version/157873",
        "name": "MyBB",
        "num_vulns": "4",
        "version": "1.6.9"
    },
    {
        "link": "http://cvedetails.com/version/157872",
        "name": "MyBB",
        "num_vulns": "4",
        "version": "1.6.8"
    },
    {
        "link": "http://cvedetails.com/version/157876",
        "name": "MyBB",
        "num_vulns": "4",
        "version": "1.6.7"
    },
    {
        "link": "http://cvedetails.com/version/131774",
        "name": "MyBB",
        "num_vulns": "10",
        "version": "1.6.6"
    },
    {
        "link": "http://cvedetails.com/version/131775",
        "name": "MyBB",
        "num_vulns": "8",
        "version": "1.6.5"
    },
    {
        "link": "http://cvedetails.com/version/131776",
        "name": "MyBB",
        "num_vulns": "11",
        "version": "1.6.4"
    },
    {
        "link": "http://cvedetails.com/version/131777",
        "name": "MyBB",
        "num_vulns": "11",
        "version": "1.6.3"
    },
    {
        "link": "http://cvedetails.com/version/131778",
        "name": "MyBB",
        "num_vulns": "11",
        "version": "1.6.2"
    },
    {
        "link": "http://cvedetails.com/version/131779",
        "name": "MyBB",
        "num_vulns": "11",
        "version": "1.6.1"
    },
    {
        "link": "http://cvedetails.com/version/102059",
        "name": "MyBB",
        "num_vulns": "10",
        "version": "1.6.0"
    },
    {
        "link": "http://cvedetails.com/version/131584",
        "name": "MyBB",
        "num_vulns": "10",
        "version": "1.5.2"
    },
    {
        "link": "http://cvedetails.com/version/131585",
        "name": "MyBB",
        "num_vulns": "10",
        "version": "1.5.1"
    },
    {
        "link": "http://cvedetails.com/version/131588",
        "name": "MyBB",
        "num_vulns": "10",
        "version": "1.4.16"
    },
    {
        "link": "http://cvedetails.com/version/131589",
        "name": "MyBB",
        "num_vulns": "10",
        "version": "1.4.15"
    },
    {
        "link": "http://cvedetails.com/version/102058",
        "name": "MyBB",
        "num_vulns": "11",
        "version": "1.4.14"
    },
    {
        "link": "http://cvedetails.com/version/131590",
        "name": "MyBB",
        "num_vulns": "10",
        "version": "1.4.13"
    },
    {
        "link": "http://cvedetails.com/version/131591",
        "name": "MyBB",
        "num_vulns": "10",
        "version": "1.4.12"
    },
    {
        "link": "http://cvedetails.com/version/102060",
        "name": "MyBB",
        "num_vulns": "16",
        "version": "1.4.11"
    },
    {
        "link": "http://cvedetails.com/version/102061",
        "name": "MyBB",
        "num_vulns": "16",
        "version": "1.4.10"
    },
    {
        "link": "http://cvedetails.com/version/102062",
        "name": "MyBB",
        "num_vulns": "16",
        "version": "1.4.9"
    },
    {
        "link": "http://cvedetails.com/version/102063",
        "name": "MyBB",
        "num_vulns": "16",
        "version": "1.4.8"
    },
    {
        "link": "http://cvedetails.com/version/131592",
        "name": "MyBB",
        "num_vulns": "10",
        "version": "1.4.7"
    },
    {
        "link": "http://cvedetails.com/version/102064",
        "name": "MyBB",
        "num_vulns": "16",
        "version": "1.4.6"
    },
    {
        "link": "http://cvedetails.com/version/131593",
        "name": "MyBB",
        "num_vulns": "10",
        "version": "1.4.5"
    },
    {
        "link": "http://cvedetails.com/version/131586",
        "name": "MyBB",
        "num_vulns": "10",
        "version": "1.4.4"
    },
    {
        "link": "http://cvedetails.com/version/102065",
        "name": "MyBB",
        "num_vulns": "16",
        "version": "1.4.3"
    },
    {
        "link": "http://cvedetails.com/version/64598",
        "name": "MyBB",
        "num_vulns": "19",
        "version": "1.4.2"
    },
    {
        "link": "http://cvedetails.com/version/131587",
        "name": "MyBB",
        "num_vulns": "10",
        "version": "1.4.1"
    },
    {
        "link": "http://cvedetails.com/version/61942",
        "name": "MyBB",
        "num_vulns": "19",
        "version": "1.4.0"
    },
    {
        "link": "http://cvedetails.com/version/58675",
        "name": "MyBB",
        "num_vulns": "17",
        "version": "1.04"
    },
    {
        "link": "http://cvedetails.com/version/58674",
        "name": "MyBB",
        "num_vulns": "17",
        "version": "1.03"
    },
    {
        "link": "http://cvedetails.com/version/131595",
        "name": "MyBB",
        "num_vulns": "10",
        "version": "1.2.14"
    },
    {
        "link": "http://cvedetails.com/version/58691",
        "name": "MyBB",
        "num_vulns": "20",
        "version": "1.2.13"
    },
    {
        "link": "http://cvedetails.com/version/57837",
        "name": "MyBB",
        "num_vulns": "23",
        "version": "1.2.12"
    },
    {
        "link": "http://cvedetails.com/version/52191",
        "name": "MyBB",
        "num_vulns": "21",
        "version": "1.2.11"
    },
    {
        "link": "http://cvedetails.com/version/51448",
        "name": "MyBB",
        "num_vulns": "21",
        "version": "1.2.10"
    },
    {
        "link": "http://cvedetails.com/version/58690",
        "name": "MyBB",
        "num_vulns": "20",
        "version": "1.2.9"
    },
    {
        "link": "http://cvedetails.com/version/58689",
        "name": "MyBB",
        "num_vulns": "20",
        "version": "1.2.8"
    },
    {
        "link": "http://cvedetails.com/version/58688",
        "name": "MyBB",
        "num_vulns": "20",
        "version": "1.2.7"
    },
    {
        "link": "http://cvedetails.com/version/58687",
        "name": "MyBB",
        "num_vulns": "20",
        "version": "1.2.6"
    },
    {
        "link": "http://cvedetails.com/version/43300",
        "name": "MyBB",
        "num_vulns": "22",
        "version": "1.2.5"
    },
    {
        "link": "http://cvedetails.com/version/44618",
        "name": "MyBB",
        "num_vulns": "21",
        "version": "1.2.4"
    },
    {
        "link": "http://cvedetails.com/version/41152",
        "name": "MyBB",
        "num_vulns": "22",
        "version": "1.2.3"
    },
    {
        "link": "http://cvedetails.com/version/41220",
        "name": "MyBB",
        "num_vulns": "21",
        "version": "1.2.2"
    },
    {
        "link": "http://cvedetails.com/version/58686",
        "name": "MyBB",
        "num_vulns": "20",
        "version": "1.2.1"
    },
    {
        "link": "http://cvedetails.com/version/58685",
        "name": "MyBB",
        "num_vulns": "20",
        "version": "1.2.0"
    },
    {
        "link": "http://cvedetails.com/version/58673",
        "name": "MyBB",
        "num_vulns": "17",
        "version": "1.02"
    },
    {
        "link": "http://cvedetails.com/version/61943",
        "name": "MyBB",
        "num_vulns": "15",
        "version": "1.2"
    },
    {
        "link": "http://cvedetails.com/version/58684",
        "name": "MyBB",
        "num_vulns": "20",
        "version": "1.1.8"
    },
    {
        "link": "http://cvedetails.com/version/58683",
        "name": "MyBB",
        "num_vulns": "20",
        "version": "1.1.7"
    },
    {
        "link": "http://cvedetails.com/version/58682",
        "name": "MyBB",
        "num_vulns": "20",
        "version": "1.1.6"
    },
    {
        "link": "http://cvedetails.com/version/58681",
        "name": "MyBB",
        "num_vulns": "20",
        "version": "1.1.5"
    },
    {
        "link": "http://cvedetails.com/version/58680",
        "name": "MyBB",
        "num_vulns": "20",
        "version": "1.1.4"
    },
    {
        "link": "http://cvedetails.com/version/58679",
        "name": "MyBB",
        "num_vulns": "20",
        "version": "1.1.3"
    },
    {
        "link": "http://cvedetails.com/version/58678",
        "name": "MyBB",
        "num_vulns": "20",
        "version": "1.1.2"
    },
    {
        "link": "http://cvedetails.com/version/58677",
        "name": "MyBB",
        "num_vulns": "20",
        "version": "1.1.1"
    },
    {
        "link": "http://cvedetails.com/version/58676",
        "name": "MyBB",
        "num_vulns": "20",
        "version": "1.1.0"
    },
    {
        "link": "http://cvedetails.com/version/58672",
        "name": "MyBB",
        "num_vulns": "18",
        "version": "1.01"
    },
    {
        "link": "http://cvedetails.com/version/199003",
        "name": "MyBB",
        "num_vulns": "1",
        "version": "1.0.2"
    },
    {
        "link": "http://cvedetails.com/version/58671",
        "name": "MyBB",
        "num_vulns": "18",
        "version": "1.00"
    }
]