[
    {
        "link": "http://cvedetails.com/version/201183",
        "name": "Roundcube",
        "num_vulns": "1",
        "version": "1.1.4"
    },
    {
        "link": "http://cvedetails.com/version/187361",
        "name": "Roundcube",
        "num_vulns": "1",
        "version": "1.1.2"
    },
    {
        "link": "http://cvedetails.com/version/187360",
        "name": "Roundcube",
        "num_vulns": "1",
        "version": "1.1.1"
    },
    {
        "link": "http://cvedetails.com/version/187359",
        "name": "Roundcube",
        "num_vulns": "1",
        "version": "1.1.0"
    },
    {
        "link": "http://cvedetails.com/version/187358",
        "name": "Roundcube",
        "num_vulns": "1",
        "version": "1.0.6"
    },
    {
        "link": "http://cvedetails.com/version/179555",
        "name": "Roundcube",
        "num_vulns": "1",
        "version": "1.0.4"
    },
    {
        "link": "http://cvedetails.com/version/178876",
        "name": "Roundcube",
        "num_vulns": "1",
        "version": "1.0.3"
    },
    {
        "link": "http://cvedetails.com/version/155252",
        "name": "Roundcube",
        "num_vulns": "1",
        "version": "0.9.4"
    },
    {
        "link": "http://cvedetails.com/version/155251",
        "name": "Roundcube",
        "num_vulns": "1",
        "version": "0.9.3"
    },
    {
        "link": "http://cvedetails.com/version/150957",
        "name": "Roundcube",
        "num_vulns": "2",
        "version": "0.9.2"
    },
    {
        "link": "http://cvedetails.com/version/150956",
        "name": "Roundcube",
        "num_vulns": "2",
        "version": "0.9.1"
    },
    {
        "link": "http://cvedetails.com/version/150955",
        "name": "Roundcube",
        "num_vulns": "2",
        "version": "0.9.0"
    },
    {
        "link": "http://cvedetails.com/version/150951",
        "name": "Roundcube",
        "num_vulns": "2",
        "version": "0.8.6"
    },
    {
        "link": "http://cvedetails.com/version/150950",
        "name": "Roundcube",
        "num_vulns": "3",
        "version": "0.8.5"
    },
    {
        "link": "http://cvedetails.com/version/150949",
        "name": "Roundcube",
        "num_vulns": "4",
        "version": "0.8.4"
    },
    {
        "link": "http://cvedetails.com/version/150948",
        "name": "Roundcube",
        "num_vulns": "4",
        "version": "0.8.3"
    },
    {
        "link": "http://cvedetails.com/version/150947",
        "name": "Roundcube",
        "num_vulns": "4",
        "version": "0.8.2"
    },
    {
        "link": "http://cvedetails.com/version/132962",
        "name": "Roundcube",
        "num_vulns": "5",
        "version": "0.8.1"
    },
    {
        "link": "http://cvedetails.com/version/132916",
        "name": "Roundcube",
        "num_vulns": "6",
        "version": "0.8.0"
    },
    {
        "link": "http://cvedetails.com/version/132963",
        "name": "Roundcube",
        "num_vulns": "5",
        "version": "0.7.3"
    },
    {
        "link": "http://cvedetails.com/version/132964",
        "name": "Roundcube",
        "num_vulns": "6",
        "version": "0.7.2"
    },
    {
        "link": "http://cvedetails.com/version/132965",
        "name": "Roundcube",
        "num_vulns": "6",
        "version": "0.7.1"
    },
    {
        "link": "http://cvedetails.com/version/132966",
        "name": "Roundcube",
        "num_vulns": "6",
        "version": "0.7"
    },
    {
        "link": "http://cvedetails.com/version/128945",
        "name": "Roundcube",
        "num_vulns": "7",
        "version": "0.6"
    },
    {
        "link": "http://cvedetails.com/version/116257",
        "name": "Roundcube",
        "num_vulns": "8",
        "version": "0.5.4"
    },
    {
        "link": "http://cvedetails.com/version/114070",
        "name": "Roundcube",
        "num_vulns": "9",
        "version": "0.5.3"
    },
    {
        "link": "http://cvedetails.com/version/114069",
        "name": "Roundcube",
        "num_vulns": "9",
        "version": "0.5.2"
    },
    {
        "link": "http://cvedetails.com/version/114068",
        "name": "Roundcube",
        "num_vulns": "9",
        "version": "0.5.1"
    },
    {
        "link": "http://cvedetails.com/version/106896",
        "name": "Roundcube",
        "num_vulns": "11",
        "version": "0.5"
    },
    {
        "link": "http://cvedetails.com/version/106893",
        "name": "Roundcube",
        "num_vulns": "11",
        "version": "0.4.2"
    },
    {
        "link": "http://cvedetails.com/version/106892",
        "name": "Roundcube",
        "num_vulns": "11",
        "version": "0.4.1"
    },
    {
        "link": "http://cvedetails.com/version/106891",
        "name": "Roundcube",
        "num_vulns": "11",
        "version": "0.4"
    },
    {
        "link": "http://cvedetails.com/version/106887",
        "name": "Roundcube",
        "num_vulns": "12",
        "version": "0.3.1"
    },
    {
        "link": "http://cvedetails.com/version/106886",
        "name": "Roundcube",
        "num_vulns": "12",
        "version": "0.3"
    },
    {
        "link": "http://cvedetails.com/version/128946",
        "name": "Roundcube",
        "num_vulns": "10",
        "version": "0.2.2"
    },
    {
        "link": "http://cvedetails.com/version/106883",
        "name": "Roundcube",
        "num_vulns": "14",
        "version": "0.2.1"
    },
    {
        "link": "http://cvedetails.com/version/106882",
        "name": "Roundcube",
        "num_vulns": "16",
        "version": "0.2"
    },
    {
        "link": "http://cvedetails.com/version/106876",
        "name": "Roundcube",
        "num_vulns": "15",
        "version": "0.1.1"
    },
    {
        "link": "http://cvedetails.com/version/106875",
        "name": "Roundcube",
        "num_vulns": "14",
        "version": "0.1"
    }
]