[
    {
        "link": "http://cvedetails.com/version/201450",
        "name": "vBulletin",
        "num_vulns": "1",
        "version": "5.2.2"
    },
    {
        "link": "http://cvedetails.com/version/201449",
        "name": "vBulletin",
        "num_vulns": "1",
        "version": "5.2.1"
    },
    {
        "link": "http://cvedetails.com/version/201448",
        "name": "vBulletin",
        "num_vulns": "1",
        "version": "5.2.0"
    },
    {
        "link": "http://cvedetails.com/version/187633",
        "name": "vBulletin",
        "num_vulns": "1",
        "version": "5.1.9"
    },
    {
        "link": "http://cvedetails.com/version/187632",
        "name": "vBulletin",
        "num_vulns": "1",
        "version": "5.1.8"
    },
    {
        "link": "http://cvedetails.com/version/187631",
        "name": "vBulletin",
        "num_vulns": "1",
        "version": "5.1.7"
    },
    {
        "link": "http://cvedetails.com/version/187630",
        "name": "vBulletin",
        "num_vulns": "1",
        "version": "5.1.6"
    },
    {
        "link": "http://cvedetails.com/version/187629",
        "name": "vBulletin",
        "num_vulns": "1",
        "version": "5.1.5"
    },
    {
        "link": "http://cvedetails.com/version/187628",
        "name": "vBulletin",
        "num_vulns": "1",
        "version": "5.1.4"
    },
    {
        "link": "http://cvedetails.com/version/187627",
        "name": "vBulletin",
        "num_vulns": "1",
        "version": "5.1.3"
    },
    {
        "link": "http://cvedetails.com/version/169500",
        "name": "vBulletin",
        "num_vulns": "2",
        "version": "5.1.2"
    },
    {
        "link": "http://cvedetails.com/version/169499",
        "name": "vBulletin",
        "num_vulns": "2",
        "version": "5.1.1"
    },
    {
        "link": "http://cvedetails.com/version/169498",
        "name": "vBulletin",
        "num_vulns": "2",
        "version": "5.1.0"
    },
    {
        "link": "http://cvedetails.com/version/169501",
        "name": "vBulletin",
        "num_vulns": "3",
        "version": "5.0.5"
    },
    {
        "link": "http://cvedetails.com/version/169502",
        "name": "vBulletin",
        "num_vulns": "3",
        "version": "5.0.4"
    },
    {
        "link": "http://cvedetails.com/version/173862",
        "name": "vBulletin",
        "num_vulns": "2",
        "version": "5.0.3"
    },
    {
        "link": "http://cvedetails.com/version/173863",
        "name": "vBulletin",
        "num_vulns": "2",
        "version": "5.0.2"
    },
    {
        "link": "http://cvedetails.com/version/173864",
        "name": "vBulletin",
        "num_vulns": "2",
        "version": "5.0.1"
    },
    {
        "link": "http://cvedetails.com/version/155831",
        "name": "vBulletin",
        "num_vulns": "3",
        "version": "5.0.0"
    },
    {
        "link": "http://cvedetails.com/version/154061",
        "name": "vBulletin",
        "num_vulns": "0",
        "version": "5.0"
    },
    {
        "link": "http://cvedetails.com/version/173861",
        "name": "vBulletin",
        "num_vulns": "0",
        "version": "4.4.2"
    },
    {
        "link": "http://cvedetails.com/version/201299",
        "name": "vBulletin",
        "num_vulns": "2",
        "version": "4.2.3"
    },
    {
        "link": "http://cvedetails.com/version/173193",
        "name": "vBulletin",
        "num_vulns": "4",
        "version": "4.2.2"
    },
    {
        "link": "http://cvedetails.com/version/173194",
        "name": "vBulletin",
        "num_vulns": "2",
        "version": "4.2.1"
    },
    {
        "link": "http://cvedetails.com/version/129443",
        "name": "vBulletin",
        "num_vulns": "1",
        "version": "4.1.12"
    },
    {
        "link": "http://cvedetails.com/version/133265",
        "name": "vBulletin",
        "num_vulns": "1",
        "version": "4.1.10"
    },
    {
        "link": "http://cvedetails.com/version/139408",
        "name": "vBulletin",
        "num_vulns": "1",
        "version": "4.1.3"
    },
    {
        "link": "http://cvedetails.com/version/139536",
        "name": "vBulletin",
        "num_vulns": "1",
        "version": "4.1.2"
    },
    {
        "link": "http://cvedetails.com/version/139537",
        "name": "vBulletin",
        "num_vulns": "1",
        "version": "4.1.1"
    },
    {
        "link": "http://cvedetails.com/version/139538",
        "name": "vBulletin",
        "num_vulns": "2",
        "version": "4.1"
    },
    {
        "link": "http://cvedetails.com/version/139539",
        "name": "vBulletin",
        "num_vulns": "1",
        "version": "4.0.8"
    },
    {
        "link": "http://cvedetails.com/version/139540",
        "name": "vBulletin",
        "num_vulns": "1",
        "version": "4.0.7"
    },
    {
        "link": "http://cvedetails.com/version/139541",
        "name": "vBulletin",
        "num_vulns": "1",
        "version": "4.0.6"
    },
    {
        "link": "http://cvedetails.com/version/139542",
        "name": "vBulletin",
        "num_vulns": "1",
        "version": "4.0.5"
    },
    {
        "link": "http://cvedetails.com/version/139543",
        "name": "vBulletin",
        "num_vulns": "1",
        "version": "4.0.4"
    },
    {
        "link": "http://cvedetails.com/version/139544",
        "name": "vBulletin",
        "num_vulns": "1",
        "version": "4.0.3"
    },
    {
        "link": "http://cvedetails.com/version/139545",
        "name": "vBulletin",
        "num_vulns": "1",
        "version": "4.0.2"
    },
    {
        "link": "http://cvedetails.com/version/139546",
        "name": "vBulletin",
        "num_vulns": "1",
        "version": "4.0.1"
    },
    {
        "link": "http://cvedetails.com/version/139547",
        "name": "vBulletin",
        "num_vulns": "1",
        "version": "4.0.0"
    },
    {
        "link": "http://cvedetails.com/version/201452",
        "name": "vBulletin",
        "num_vulns": "1",
        "version": "3.8.9"
    },
    {
        "link": "http://cvedetails.com/version/201451",
        "name": "vBulletin",
        "num_vulns": "1",
        "version": "3.8.8"
    },
    {
        "link": "http://cvedetails.com/version/201453",
        "name": "vBulletin",
        "num_vulns": "1",
        "version": "3.8.7"
    },
    {
        "link": "http://cvedetails.com/version/68965",
        "name": "vBulletin",
        "num_vulns": "1",
        "version": "3.7.4"
    },
    {
        "link": "http://cvedetails.com/version/58070",
        "name": "vBulletin",
        "num_vulns": "1",
        "version": "3.7.2"
    },
    {
        "link": "http://cvedetails.com/version/57178",
        "name": "vBulletin",
        "num_vulns": "2",
        "version": "3.7.1"
    },
    {
        "link": "http://cvedetails.com/version/58067",
        "name": "vBulletin",
        "num_vulns": "1",
        "version": "3.7.0"
    },
    {
        "link": "http://cvedetails.com/version/132188",
        "name": "vBulletin",
        "num_vulns": "0",
        "version": "3.7"
    },
    {
        "link": "http://cvedetails.com/version/57177",
        "name": "vBulletin",
        "num_vulns": "2",
        "version": "3.6.10"
    },
    {
        "link": "http://cvedetails.com/version/58066",
        "name": "vBulletin",
        "num_vulns": "1",
        "version": "3.6.9"
    },
    {
        "link": "http://cvedetails.com/version/58065",
        "name": "vBulletin",
        "num_vulns": "1",
        "version": "3.6.8"
    },
    {
        "link": "http://cvedetails.com/version/58064",
        "name": "vBulletin",
        "num_vulns": "1",
        "version": "3.6.7"
    },
    {
        "link": "http://cvedetails.com/version/58063",
        "name": "vBulletin",
        "num_vulns": "1",
        "version": "3.6.6"
    },
    {
        "link": "http://cvedetails.com/version/58062",
        "name": "vBulletin",
        "num_vulns": "1",
        "version": "3.6.5"
    },
    {
        "link": "http://cvedetails.com/version/58061",
        "name": "vBulletin",
        "num_vulns": "1",
        "version": "3.6.4"
    },
    {
        "link": "http://cvedetails.com/version/58060",
        "name": "vBulletin",
        "num_vulns": "1",
        "version": "3.6.3"
    },
    {
        "link": "http://cvedetails.com/version/58059",
        "name": "vBulletin",
        "num_vulns": "1",
        "version": "3.6.2"
    },
    {
        "link": "http://cvedetails.com/version/58057",
        "name": "vBulletin",
        "num_vulns": "1",
        "version": "3.6.1"
    },
    {
        "link": "http://cvedetails.com/version/58056",
        "name": "vBulletin",
        "num_vulns": "1",
        "version": "3.6"
    },
    {
        "link": "http://cvedetails.com/version/132187",
        "name": "vBulletin",
        "num_vulns": "0",
        "version": "3.5"
    },
    {
        "link": "http://cvedetails.com/version/132186",
        "name": "vBulletin",
        "num_vulns": "0",
        "version": "3.0"
    }
]