[
    {
        "link": "http://cvedetails.com/version/171285",
        "name": "XOOPS",
        "num_vulns": "1",
        "version": "2.5.4"
    },
    {
        "link": "http://cvedetails.com/version/171284",
        "name": "XOOPS",
        "num_vulns": "1",
        "version": "2.5.3"
    },
    {
        "link": "http://cvedetails.com/version/171283",
        "name": "XOOPS",
        "num_vulns": "1",
        "version": "2.5.2"
    },
    {
        "link": "http://cvedetails.com/version/117067",
        "name": "XOOPS",
        "num_vulns": "1",
        "version": "2.5.1.a"
    },
    {
        "link": "http://cvedetails.com/version/117068",
        "name": "XOOPS",
        "num_vulns": "2",
        "version": "2.5.1"
    },
    {
        "link": "http://cvedetails.com/version/114352",
        "name": "XOOPS",
        "num_vulns": "3",
        "version": "2.5.0"
    },
    {
        "link": "http://cvedetails.com/version/117069",
        "name": "XOOPS",
        "num_vulns": "1",
        "version": "2.4.5"
    },
    {
        "link": "http://cvedetails.com/version/117070",
        "name": "XOOPS",
        "num_vulns": "1",
        "version": "2.4.4"
    },
    {
        "link": "http://cvedetails.com/version/117071",
        "name": "XOOPS",
        "num_vulns": "1",
        "version": "2.4.3"
    },
    {
        "link": "http://cvedetails.com/version/117072",
        "name": "XOOPS",
        "num_vulns": "1",
        "version": "2.4.2"
    },
    {
        "link": "http://cvedetails.com/version/117073",
        "name": "XOOPS",
        "num_vulns": "1",
        "version": "2.4.1"
    },
    {
        "link": "http://cvedetails.com/version/90906",
        "name": "XOOPS",
        "num_vulns": "1",
        "version": "2.4.0 Beta 1"
    },
    {
        "link": "http://cvedetails.com/version/90907",
        "name": "XOOPS",
        "num_vulns": "1",
        "version": "2.4.0 Beta 2"
    },
    {
        "link": "http://cvedetails.com/version/90908",
        "name": "XOOPS",
        "num_vulns": "1",
        "version": "2.4.0 Rc"
    },
    {
        "link": "http://cvedetails.com/version/90909",
        "name": "XOOPS",
        "num_vulns": "2",
        "version": "2.4.0"
    },
    {
        "link": "http://cvedetails.com/version/80011",
        "name": "XOOPS",
        "num_vulns": "4",
        "version": "2.3.3"
    },
    {
        "link": "http://cvedetails.com/version/117074",
        "name": "XOOPS",
        "num_vulns": "1",
        "version": "2.3.3b"
    },
    {
        "link": "http://cvedetails.com/version/70664",
        "name": "XOOPS",
        "num_vulns": "4",
        "version": "2.3.2a"
    },
    {
        "link": "http://cvedetails.com/version/90905",
        "name": "XOOPS",
        "num_vulns": "2",
        "version": "2.3.2b"
    },
    {
        "link": "http://cvedetails.com/version/70663",
        "name": "XOOPS",
        "num_vulns": "5",
        "version": "2.3.1"
    },
    {
        "link": "http://cvedetails.com/version/90904",
        "name": "XOOPS",
        "num_vulns": "1",
        "version": "2.3.1 Rc"
    },
    {
        "link": "http://cvedetails.com/version/90896",
        "name": "XOOPS",
        "num_vulns": "1",
        "version": "2.3.0 Alpha1"
    },
    {
        "link": "http://cvedetails.com/version/90897",
        "name": "XOOPS",
        "num_vulns": "1",
        "version": "2.3.0 Alpha2"
    },
    {
        "link": "http://cvedetails.com/version/90898",
        "name": "XOOPS",
        "num_vulns": "1",
        "version": "2.3.0 Alpha 3"
    },
    {
        "link": "http://cvedetails.com/version/90899",
        "name": "XOOPS",
        "num_vulns": "1",
        "version": "2.3.0 Beta"
    },
    {
        "link": "http://cvedetails.com/version/90900",
        "name": "XOOPS",
        "num_vulns": "1",
        "version": "2.3.0 Rc"
    },
    {
        "link": "http://cvedetails.com/version/90901",
        "name": "XOOPS",
        "num_vulns": "1",
        "version": "2.3.0 Rc2"
    },
    {
        "link": "http://cvedetails.com/version/90902",
        "name": "XOOPS",
        "num_vulns": "1",
        "version": "2.3.0 Rc3"
    },
    {
        "link": "http://cvedetails.com/version/90903",
        "name": "XOOPS",
        "num_vulns": "2",
        "version": "2.3.0"
    },
    {
        "link": "http://cvedetails.com/version/26406",
        "name": "XOOPS",
        "num_vulns": "1",
        "version": "2.2.3 Rc1"
    },
    {
        "link": "http://cvedetails.com/version/27083",
        "name": "XOOPS",
        "num_vulns": "2",
        "version": "2.2.3"
    },
    {
        "link": "http://cvedetails.com/version/117075",
        "name": "XOOPS",
        "num_vulns": "1",
        "version": "2.0.18.2"
    },
    {
        "link": "http://cvedetails.com/version/58504",
        "name": "XOOPS",
        "num_vulns": "5",
        "version": "2.0.18.1"
    },
    {
        "link": "http://cvedetails.com/version/51812",
        "name": "XOOPS",
        "num_vulns": "5",
        "version": "2.0.18"
    },
    {
        "link": "http://cvedetails.com/version/48046",
        "name": "XOOPS",
        "num_vulns": "1",
        "version": "2.0.17.1-rc1"
    },
    {
        "link": "http://cvedetails.com/version/90895",
        "name": "XOOPS",
        "num_vulns": "2",
        "version": "2.0.17.1"
    },
    {
        "link": "http://cvedetails.com/version/50678",
        "name": "XOOPS",
        "num_vulns": "2",
        "version": "2.0.17 1"
    },
    {
        "link": "http://cvedetails.com/version/90894",
        "name": "XOOPS",
        "num_vulns": "2",
        "version": "2.0.17"
    },
    {
        "link": "http://cvedetails.com/version/40627",
        "name": "XOOPS",
        "num_vulns": "4",
        "version": "2.0.16"
    },
    {
        "link": "http://cvedetails.com/version/90893",
        "name": "XOOPS",
        "num_vulns": "2",
        "version": "2.0.15"
    },
    {
        "link": "http://cvedetails.com/version/36399",
        "name": "XOOPS",
        "num_vulns": "4",
        "version": "2.0.14"
    },
    {
        "link": "http://cvedetails.com/version/90892",
        "name": "XOOPS",
        "num_vulns": "1",
        "version": "2.0.14-rc1"
    },
    {
        "link": "http://cvedetails.com/version/33919",
        "name": "XOOPS",
        "num_vulns": "4",
        "version": "2.0.13.2"
    },
    {
        "link": "http://cvedetails.com/version/26405",
        "name": "XOOPS",
        "num_vulns": "4",
        "version": "2.0.13.1"
    },
    {
        "link": "http://cvedetails.com/version/90891",
        "name": "XOOPS",
        "num_vulns": "1",
        "version": "2.0.13"
    },
    {
        "link": "http://cvedetails.com/version/26404",
        "name": "XOOPS",
        "num_vulns": "3",
        "version": "2.0.12 Jp"
    },
    {
        "link": "http://cvedetails.com/version/90889",
        "name": "XOOPS",
        "num_vulns": "1",
        "version": "2.0.12"
    },
    {
        "link": "http://cvedetails.com/version/90890",
        "name": "XOOPS",
        "num_vulns": "1",
        "version": "2.0.12a"
    },
    {
        "link": "http://cvedetails.com/version/24059",
        "name": "XOOPS",
        "num_vulns": "5",
        "version": "2.0.11"
    },
    {
        "link": "http://cvedetails.com/version/24058",
        "name": "XOOPS",
        "num_vulns": "5",
        "version": "2.0.10"
    },
    {
        "link": "http://cvedetails.com/version/90888",
        "name": "XOOPS",
        "num_vulns": "1",
        "version": "2.0.10 Rc"
    },
    {
        "link": "http://cvedetails.com/version/24064",
        "name": "XOOPS",
        "num_vulns": "5",
        "version": "2.0.9.3"
    },
    {
        "link": "http://cvedetails.com/version/22240",
        "name": "XOOPS",
        "num_vulns": "6",
        "version": "2.0.9.2"
    },
    {
        "link": "http://cvedetails.com/version/24063",
        "name": "XOOPS",
        "num_vulns": "5",
        "version": "2.0.9"
    },
    {
        "link": "http://cvedetails.com/version/90887",
        "name": "XOOPS",
        "num_vulns": "1",
        "version": "2.0.7.3"
    },
    {
        "link": "http://cvedetails.com/version/90886",
        "name": "XOOPS",
        "num_vulns": "1",
        "version": "2.0.7.2"
    },
    {
        "link": "http://cvedetails.com/version/90885",
        "name": "XOOPS",
        "num_vulns": "1",
        "version": "2.0.7.1"
    },
    {
        "link": "http://cvedetails.com/version/24062",
        "name": "XOOPS",
        "num_vulns": "5",
        "version": "2.0.7"
    },
    {
        "link": "http://cvedetails.com/version/24061",
        "name": "XOOPS",
        "num_vulns": "5",
        "version": "2.0.6"
    },
    {
        "link": "http://cvedetails.com/version/19696",
        "name": "XOOPS",
        "num_vulns": "7",
        "version": "2.0.5.2"
    },
    {
        "link": "http://cvedetails.com/version/19695",
        "name": "XOOPS",
        "num_vulns": "7",
        "version": "2.0.5.1"
    },
    {
        "link": "http://cvedetails.com/version/19694",
        "name": "XOOPS",
        "num_vulns": "6",
        "version": "2.0.5"
    },
    {
        "link": "http://cvedetails.com/version/90884",
        "name": "XOOPS",
        "num_vulns": "1",
        "version": "2.0.5 Rc"
    },
    {
        "link": "http://cvedetails.com/version/24060",
        "name": "XOOPS",
        "num_vulns": "5",
        "version": "2.0.4"
    },
    {
        "link": "http://cvedetails.com/version/19693",
        "name": "XOOPS",
        "num_vulns": "7",
        "version": "2.0.3"
    },
    {
        "link": "http://cvedetails.com/version/19692",
        "name": "XOOPS",
        "num_vulns": "8",
        "version": "2.0.2"
    },
    {
        "link": "http://cvedetails.com/version/12519",
        "name": "XOOPS",
        "num_vulns": "8",
        "version": "2.0.1"
    },
    {
        "link": "http://cvedetails.com/version/90880",
        "name": "XOOPS",
        "num_vulns": "1",
        "version": "2.0.0 Rc1"
    },
    {
        "link": "http://cvedetails.com/version/90881",
        "name": "XOOPS",
        "num_vulns": "1",
        "version": "2.0.0 Rc2"
    },
    {
        "link": "http://cvedetails.com/version/90882",
        "name": "XOOPS",
        "num_vulns": "1",
        "version": "2.0.0 Rc3"
    },
    {
        "link": "http://cvedetails.com/version/90883",
        "name": "XOOPS",
        "num_vulns": "1",
        "version": "2.0.0"
    },
    {
        "link": "http://cvedetails.com/version/12518",
        "name": "XOOPS",
        "num_vulns": "9",
        "version": "2.0"
    },
    {
        "link": "http://cvedetails.com/version/22239",
        "name": "XOOPS",
        "num_vulns": "2",
        "version": "1.3.10"
    },
    {
        "link": "http://cvedetails.com/version/12517",
        "name": "XOOPS",
        "num_vulns": "3",
        "version": "1.3.9"
    },
    {
        "link": "http://cvedetails.com/version/12516",
        "name": "XOOPS",
        "num_vulns": "3",
        "version": "1.3.8"
    },
    {
        "link": "http://cvedetails.com/version/12515",
        "name": "XOOPS",
        "num_vulns": "3",
        "version": "1.3.7"
    },
    {
        "link": "http://cvedetails.com/version/12514",
        "name": "XOOPS",
        "num_vulns": "3",
        "version": "1.3.6"
    },
    {
        "link": "http://cvedetails.com/version/12513",
        "name": "XOOPS",
        "num_vulns": "3",
        "version": "1.3.5"
    },
    {
        "link": "http://cvedetails.com/version/22238",
        "name": "XOOPS",
        "num_vulns": "2",
        "version": "1.0 Rc3.0.5"
    },
    {
        "link": "http://cvedetails.com/version/6389",
        "name": "XOOPS",
        "num_vulns": "4",
        "version": "1.0 Rc1"
    },
    {
        "link": "http://cvedetails.com/version/8822",
        "name": "XOOPS",
        "num_vulns": "4",
        "version": "1.0 Rc3"
    },
    {
        "link": "http://cvedetails.com/version/9835",
        "name": "XOOPS",
        "num_vulns": "3",
        "version": "1.0"
    }
]