[
    {
        "link": "http://cvedetails.com/version/70063",
        "name": "Zen Cart",
        "num_vulns": "3",
        "version": "2008"
    },
    {
        "link": "http://cvedetails.com/version/126887",
        "name": "Zen Cart",
        "num_vulns": "1",
        "version": "1.5"
    },
    {
        "link": "http://cvedetails.com/version/117050",
        "name": "Zen Cart",
        "num_vulns": "3",
        "version": "1.3.9h"
    },
    {
        "link": "http://cvedetails.com/version/117082",
        "name": "Zen Cart",
        "num_vulns": "2",
        "version": "1.3.9"
    },
    {
        "link": "http://cvedetails.com/version/70854",
        "name": "Zen Cart",
        "num_vulns": "7",
        "version": "1.3.8"
    },
    {
        "link": "http://cvedetails.com/version/70857",
        "name": "Zen Cart",
        "num_vulns": "7",
        "version": "1.3.8a"
    },
    {
        "link": "http://cvedetails.com/version/70853",
        "name": "Zen Cart",
        "num_vulns": "6",
        "version": "1.3.7"
    },
    {
        "link": "http://cvedetails.com/version/70860",
        "name": "Zen Cart",
        "num_vulns": "6",
        "version": "1.3.6"
    },
    {
        "link": "http://cvedetails.com/version/70856",
        "name": "Zen Cart",
        "num_vulns": "4",
        "version": "1.3.5"
    },
    {
        "link": "http://cvedetails.com/version/70855",
        "name": "Zen Cart",
        "num_vulns": "4",
        "version": "1.3.2"
    },
    {
        "link": "http://cvedetails.com/version/70861",
        "name": "Zen Cart",
        "num_vulns": "3",
        "version": "1.3.0.2"
    },
    {
        "link": "http://cvedetails.com/version/70858",
        "name": "Zen Cart",
        "num_vulns": "4",
        "version": "1.3"
    },
    {
        "link": "http://cvedetails.com/version/70845",
        "name": "Zen Cart",
        "num_vulns": "5",
        "version": "1.2.6d"
    },
    {
        "link": "http://cvedetails.com/version/70846",
        "name": "Zen Cart",
        "num_vulns": "4",
        "version": "1.2.5d"
    },
    {
        "link": "http://cvedetails.com/version/70849",
        "name": "Zen Cart",
        "num_vulns": "4",
        "version": "1.2.4.1"
    },
    {
        "link": "http://cvedetails.com/version/70847",
        "name": "Zen Cart",
        "num_vulns": "6",
        "version": "1.2.4d"
    },
    {
        "link": "http://cvedetails.com/version/70848",
        "name": "Zen Cart",
        "num_vulns": "4",
        "version": "1.2.3d"
    },
    {
        "link": "http://cvedetails.com/version/70851",
        "name": "Zen Cart",
        "num_vulns": "4",
        "version": "1.2.2d"
    },
    {
        "link": "http://cvedetails.com/version/70850",
        "name": "Zen Cart",
        "num_vulns": "6",
        "version": "1.2.1d"
    },
    {
        "link": "http://cvedetails.com/version/70859",
        "name": "Zen Cart",
        "num_vulns": "2",
        "version": "1.2.1 Patch1"
    },
    {
        "link": "http://cvedetails.com/version/70852",
        "name": "Zen Cart",
        "num_vulns": "6",
        "version": "1.2.0d"
    },
    {
        "link": "http://cvedetails.com/version/78576",
        "name": "Zen Cart",
        "num_vulns": "5",
        "version": "1.1.3"
    },
    {
        "link": "http://cvedetails.com/version/78577",
        "name": "Zen Cart",
        "num_vulns": "5",
        "version": "1.1.0"
    },
    {
        "link": "http://cvedetails.com/version/137367",
        "name": "Zen Cart",
        "num_vulns": "4",
        "version": "-"
    }
]