[
    {
        "link": "http://cvedetails.com/version/183377",
        "name": "Zenphoto",
        "num_vulns": "1",
        "version": "1.4.7"
    },
    {
        "link": "http://cvedetails.com/version/157688",
        "name": "Zenphoto",
        "num_vulns": "2",
        "version": "1.4.5.3"
    },
    {
        "link": "http://cvedetails.com/version/157689",
        "name": "Zenphoto",
        "num_vulns": "2",
        "version": "1.4.5.2"
    },
    {
        "link": "http://cvedetails.com/version/157690",
        "name": "Zenphoto",
        "num_vulns": "2",
        "version": "1.4.5.1"
    },
    {
        "link": "http://cvedetails.com/version/157691",
        "name": "Zenphoto",
        "num_vulns": "2",
        "version": "1.4.5"
    },
    {
        "link": "http://cvedetails.com/version/122230",
        "name": "Zenphoto",
        "num_vulns": "4",
        "version": "1.4.2"
    },
    {
        "link": "http://cvedetails.com/version/115408",
        "name": "Zenphoto",
        "num_vulns": "2",
        "version": "1.3.1.2"
    },
    {
        "link": "http://cvedetails.com/version/115407",
        "name": "Zenphoto",
        "num_vulns": "3",
        "version": "1.3"
    },
    {
        "link": "http://cvedetails.com/version/85402",
        "name": "Zenphoto",
        "num_vulns": "5",
        "version": "1.2.5"
    },
    {
        "link": "http://cvedetails.com/version/70707",
        "name": "Zenphoto",
        "num_vulns": "2",
        "version": "1.1.7"
    },
    {
        "link": "http://cvedetails.com/version/50662",
        "name": "Zenphoto",
        "num_vulns": "3",
        "version": "1.1.3"
    },
    {
        "link": "http://cvedetails.com/version/50661",
        "name": "Zenphoto",
        "num_vulns": "2",
        "version": "1.1.2"
    },
    {
        "link": "http://cvedetails.com/version/50660",
        "name": "Zenphoto",
        "num_vulns": "2",
        "version": "1.1.1"
    },
    {
        "link": "http://cvedetails.com/version/50659",
        "name": "Zenphoto",
        "num_vulns": "2",
        "version": "1.1"
    },
    {
        "link": "http://cvedetails.com/version/41214",
        "name": "Zenphoto",
        "num_vulns": "2",
        "version": "1.0.6"
    },
    {
        "link": "http://cvedetails.com/version/41213",
        "name": "Zenphoto",
        "num_vulns": "2",
        "version": "1.0.5"
    },
    {
        "link": "http://cvedetails.com/version/41212",
        "name": "Zenphoto",
        "num_vulns": "2",
        "version": "1.0.4"
    },
    {
        "link": "http://cvedetails.com/version/33510",
        "name": "Zenphoto",
        "num_vulns": "2",
        "version": "1.0.1 Beta"
    },
    {
        "link": "http://cvedetails.com/version/33511",
        "name": "Zenphoto",
        "num_vulns": "2",
        "version": "1.0 Beta"
    },
    {
        "link": "http://cvedetails.com/version/33509",
        "name": "Zenphoto",
        "num_vulns": "3",
        "version": "0.9"
    }
]