[
	{
		"url": "",
		"header": "X-Powered-By",
		"type": "string",
		"match": "ASP.NET",
		"output": "",
		"code": "any",
		"weight": 0.1
	},
	{
		"url": "",
		"header": "Set-Cookie",
		"type": "string",
		"match": "ASP.NET_SessionId",
		"output": "",
		"code": "any",
		"weight": 0.1
	},
	{
		"url": "",
		"header": "Set-Cookie",
		"type": "string",
		"match": ".ASPX",
		"output": "",
		"code": "any",
		"weight": 0.1
	},
	{
		"url": "",
		"header": "X-AspNet-Version",
		"type": "regex",
		"match": "([\\d?\\.]*)",
		"output": "%s",
		"code": "any",
		"weight": 2
	}
]